SKU,name,description,current_price,current_stock
SKU-PRD-0001,Silla Gamer Modelo 1,Silla ergonómica ajustable con soporte lumbar - Lote 1,4017.11,38
SKU-PRD-0002,Teclado Modelo 2,Teclado multimedia con iluminación LED - Lote 2,733.97,160
SKU-PRD-0003,Smartphone Modelo 3,Teléfono inteligente con cámara dual y gran batería - Lote 3,7418.08,84
SKU-PRD-0004,Monitor Modelo 4,Pantalla LED Full HD con puertos HDMI - Lote 4,3779.2,91
SKU-PRD-0005,Tablet Modelo 5,Dispositivo táctil multimedia para estudio y trabajo - Lote 5,7196.44,17
SKU-PRD-0006,Smartphone Modelo 6,Teléfono inteligente con cámara dual y gran batería - Lote 6,11356.13,64
SKU-PRD-0007,Silla Gamer Modelo 7,Silla ergonómica ajustable con soporte lumbar - Lote 7,4307.64,200
SKU-PRD-0008,Cable HDMI Modelo 8,Cable de alta definición mallado 4K - Lote 8,101.3,93
SKU-PRD-0009,Silla Gamer Modelo 9,Silla ergonómica ajustable con soporte lumbar - Lote 9,4981.87,83
SKU-PRD-0010,Teclado Modelo 10,Teclado multimedia con iluminación LED - Lote 10,661.59,193
SKU-PRD-0011,Mouse Modelo 11,Mouse óptico ergonómico con conexión USB - Lote 11,330.33,140
SKU-PRD-0012,Teclado Modelo 12,Teclado multimedia con iluminación LED - Lote 12,961.5,129
SKU-PRD-0013,Silla Gamer Modelo 13,Silla ergonómica ajustable con soporte lumbar - Lote 13,5959.01,153
SKU-PRD-0014,Smartphone Modelo 14,Teléfono inteligente con cámara dual y gran batería - Lote 14,10935.38,81
SKU-PRD-0015,Smartwatch Modelo 15,Reloj inteligente deportivo con monitor de salud - Lote 15,2438.39,94
SKU-PRD-0016,Mouse Modelo 16,Mouse óptico ergonómico con conexión USB - Lote 16,591.48,23
SKU-PRD-0017,Regulador Modelo 17,Protector de voltaje multicontacto para oficina - Lote 17,699.77,161
SKU-PRD-0018,Smartwatch Modelo 18,Reloj inteligente deportivo con monitor de salud - Lote 18,1056.78,180
SKU-PRD-0019,Disco Duro Modelo 19,Unidad de almacenamiento externo de alta velocidad - Lote 19,2497.78,133
SKU-PRD-0020,Tablet Modelo 20,Dispositivo táctil multimedia para estudio y trabajo - Lote 20,2256.04,69
SKU-PRD-0021,Teclado Modelo 21,Teclado multimedia con iluminación LED - Lote 21,1067.63,173
SKU-PRD-0022,Mouse Modelo 22,Mouse óptico ergonómico con conexión USB - Lote 22,184.9,148
SKU-PRD-0023,Smartwatch Modelo 23,Reloj inteligente deportivo con monitor de salud - Lote 23,724.9,57
SKU-PRD-0024,Laptop Modelo 24,Ordenador portátil con procesador de alta velocidad y SSD - Lote 24,10002.92,32
SKU-PRD-0025,Mouse Modelo 25,Mouse óptico ergonómico con conexión USB - Lote 25,258.4,163
SKU-PRD-0026,Regulador Modelo 26,Protector de voltaje multicontacto para oficina - Lote 26,590.33,83
SKU-PRD-0027,Smartphone Modelo 27,Teléfono inteligente con cámara dual y gran batería - Lote 27,4054.16,76
SKU-PRD-0028,Laptop Modelo 28,Ordenador portátil con procesador de alta velocidad y SSD - Lote 28,9796.17,150
SKU-PRD-0029,Bocina Bluetooth Modelo 29,Bocina inalámbrica portátil resistente al agua - Lote 29,405.29,45
SKU-PRD-0030,Memoria USB Modelo 30,Unidad flash portátil de transferencia rápida - Lote 30,231.25,194
SKU-PRD-0031,Disco Duro Modelo 31,Unidad de almacenamiento externo de alta velocidad - Lote 31,1473.48,39
SKU-PRD-0032,Memoria USB Modelo 32,Unidad flash portátil de transferencia rápida - Lote 32,373.59,176
SKU-PRD-0033,Mouse Modelo 33,Mouse óptico ergonómico con conexión USB - Lote 33,307.41,195
SKU-PRD-0034,Monitor Modelo 34,Pantalla LED Full HD con puertos HDMI - Lote 34,5135.18,9
SKU-PRD-0035,Impresora Modelo 35,Impresora multifuncional a color con Wi-Fi - Lote 35,3297.04,8
SKU-PRD-0036,Monitor Modelo 36,Pantalla LED Full HD con puertos HDMI - Lote 36,2918.62,15
SKU-PRD-0037,Mouse Modelo 37,Mouse óptico ergonómico con conexión USB - Lote 37,365.06,157
SKU-PRD-0038,Memoria USB Modelo 38,Unidad flash portátil de transferencia rápida - Lote 38,140.15,61
SKU-PRD-0039,Cable HDMI Modelo 39,Cable de alta definición mallado 4K - Lote 39,118.94,162
SKU-PRD-0040,Cable HDMI Modelo 40,Cable de alta definición mallado 4K - Lote 40,98.6,90
SKU-PRD-0041,Teclado Modelo 41,Teclado multimedia con iluminación LED - Lote 41,563.85,87
SKU-PRD-0042,Audífonos Modelo 42,Audífonos estéreo con micrófono y cancelación de ruido - Lote 42,1621.01,19
SKU-PRD-0043,Monitor Modelo 43,Pantalla LED Full HD con puertos HDMI - Lote 43,5154.43,65
SKU-PRD-0044,Bocina Bluetooth Modelo 44,Bocina inalámbrica portátil resistente al agua - Lote 44,667.43,116
SKU-PRD-0045,Smartwatch Modelo 45,Reloj inteligente deportivo con monitor de salud - Lote 45,2025.27,99
SKU-PRD-0046,Impresora Modelo 46,Impresora multifuncional a color con Wi-Fi - Lote 46,2006.34,149
SKU-PRD-0047,Regulador Modelo 47,Protector de voltaje multicontacto para oficina - Lote 47,493.39,83
SKU-PRD-0048,Mouse Modelo 48,Mouse óptico ergonómico con conexión USB - Lote 48,450.28,129
SKU-PRD-0049,Smartwatch Modelo 49,Reloj inteligente deportivo con monitor de salud - Lote 49,1395.11,164
SKU-PRD-0050,Regulador Modelo 50,Protector de voltaje multicontacto para oficina - Lote 50,1089.67,155
SKU-PRD-0051,Teclado Modelo 51,Teclado multimedia con iluminación LED - Lote 51,1055.03,156
SKU-PRD-0052,Smartwatch Modelo 52,Reloj inteligente deportivo con monitor de salud - Lote 52,870.37,50
SKU-PRD-0053,Bocina Bluetooth Modelo 53,Bocina inalámbrica portátil resistente al agua - Lote 53,1220.46,116
SKU-PRD-0054,Impresora Modelo 54,Impresora multifuncional a color con Wi-Fi - Lote 54,3752.07,182
SKU-PRD-0055,Cable HDMI Modelo 55,Cable de alta definición mallado 4K - Lote 55,315.33,21
SKU-PRD-0056,Laptop Modelo 56,Ordenador portátil con procesador de alta velocidad y SSD - Lote 56,17904.71,99
SKU-PRD-0057,Audífonos Modelo 57,Audífonos estéreo con micrófono y cancelación de ruido - Lote 57,1028.19,161
SKU-PRD-0058,Smartphone Modelo 58,Teléfono inteligente con cámara dual y gran batería - Lote 58,5151.56,169
SKU-PRD-0059,Impresora Modelo 59,Impresora multifuncional a color con Wi-Fi - Lote 59,2680.8,193
SKU-PRD-0060,Audífonos Modelo 60,Audífonos estéreo con micrófono y cancelación de ruido - Lote 60,843.19,39
SKU-PRD-0061,Silla Gamer Modelo 61,Silla ergonómica ajustable con soporte lumbar - Lote 61,3703.44,160
SKU-PRD-0062,Bocina Bluetooth Modelo 62,Bocina inalámbrica portátil resistente al agua - Lote 62,1896.84,22
SKU-PRD-0063,Bocina Bluetooth Modelo 63,Bocina inalámbrica portátil resistente al agua - Lote 63,753.3,60
SKU-PRD-0064,Silla Gamer Modelo 64,Silla ergonómica ajustable con soporte lumbar - Lote 64,4362.02,113
SKU-PRD-0065,Smartphone Modelo 65,Teléfono inteligente con cámara dual y gran batería - Lote 65,8195.83,130
SKU-PRD-0066,Bocina Bluetooth Modelo 66,Bocina inalámbrica portátil resistente al agua - Lote 66,1293.27,142
SKU-PRD-0067,Impresora Modelo 67,Impresora multifuncional a color con Wi-Fi - Lote 67,4090.48,66
SKU-PRD-0068,Disco Duro Modelo 68,Unidad de almacenamiento externo de alta velocidad - Lote 68,2681.11,5
SKU-PRD-0069,Cable HDMI Modelo 69,Cable de alta definición mallado 4K - Lote 69,237.95,133
SKU-PRD-0070,Laptop Modelo 70,Ordenador portátil con procesador de alta velocidad y SSD - Lote 70,20757.28,124
SKU-PRD-0071,Tablet Modelo 71,Dispositivo táctil multimedia para estudio y trabajo - Lote 71,2202.76,31
SKU-PRD-0072,Laptop Modelo 72,Ordenador portátil con procesador de alta velocidad y SSD - Lote 72,8514.24,140
SKU-PRD-0073,Cable HDMI Modelo 73,Cable de alta definición mallado 4K - Lote 73,185.36,78
SKU-PRD-0074,Disco Duro Modelo 74,Unidad de almacenamiento externo de alta velocidad - Lote 74,2747.77,123
SKU-PRD-0075,Bocina Bluetooth Modelo 75,Bocina inalámbrica portátil resistente al agua - Lote 75,1682.12,181
SKU-PRD-0076,Bocina Bluetooth Modelo 76,Bocina inalámbrica portátil resistente al agua - Lote 76,1919.12,62
SKU-PRD-0077,Audífonos Modelo 77,Audífonos estéreo con micrófono y cancelación de ruido - Lote 77,1411.79,30
SKU-PRD-0078,Cable HDMI Modelo 78,Cable de alta definición mallado 4K - Lote 78,308.6,65
SKU-PRD-0079,Mouse Modelo 79,Mouse óptico ergonómico con conexión USB - Lote 79,454.95,170
SKU-PRD-0080,Silla Gamer Modelo 80,Silla ergonómica ajustable con soporte lumbar - Lote 80,2782.58,141
SKU-PRD-0081,Teclado Modelo 81,Teclado multimedia con iluminación LED - Lote 81,1252.62,62
SKU-PRD-0082,Mouse Modelo 82,Mouse óptico ergonómico con conexión USB - Lote 82,760.71,11
SKU-PRD-0083,Tablet Modelo 83,Dispositivo táctil multimedia para estudio y trabajo - Lote 83,6389.91,113
SKU-PRD-0084,Tablet Modelo 84,Dispositivo táctil multimedia para estudio y trabajo - Lote 84,7476.02,61
SKU-PRD-0085,Tablet Modelo 85,Dispositivo táctil multimedia para estudio y trabajo - Lote 85,4236.67,128
SKU-PRD-0086,Teclado Modelo 86,Teclado multimedia con iluminación LED - Lote 86,1187.08,148
SKU-PRD-0087,Memoria USB Modelo 87,Unidad flash portátil de transferencia rápida - Lote 87,279.91,93
SKU-PRD-0088,Impresora Modelo 88,Impresora multifuncional a color con Wi-Fi - Lote 88,4355.75,66
SKU-PRD-0089,Cable HDMI Modelo 89,Cable de alta definición mallado 4K - Lote 89,326.11,10
SKU-PRD-0090,Mouse Modelo 90,Mouse óptico ergonómico con conexión USB - Lote 90,410.53,48
SKU-PRD-0091,Bocina Bluetooth Modelo 91,Bocina inalámbrica portátil resistente al agua - Lote 91,967.27,30
SKU-PRD-0092,Bocina Bluetooth Modelo 92,Bocina inalámbrica portátil resistente al agua - Lote 92,1825.33,179
SKU-PRD-0093,Monitor Modelo 93,Pantalla LED Full HD con puertos HDMI - Lote 93,5821.68,106
SKU-PRD-0094,Impresora Modelo 94,Impresora multifuncional a color con Wi-Fi - Lote 94,3766.62,73
SKU-PRD-0095,Disco Duro Modelo 95,Unidad de almacenamiento externo de alta velocidad - Lote 95,1379.59,112
SKU-PRD-0096,Impresora Modelo 96,Impresora multifuncional a color con Wi-Fi - Lote 96,2948.75,45
SKU-PRD-0097,Smartwatch Modelo 97,Reloj inteligente deportivo con monitor de salud - Lote 97,1392.49,49
SKU-PRD-0098,Impresora Modelo 98,Impresora multifuncional a color con Wi-Fi - Lote 98,2659.4,5
SKU-PRD-0099,Laptop Modelo 99,Ordenador portátil con procesador de alta velocidad y SSD - Lote 99,18328.5,103
SKU-PRD-0100,Silla Gamer Modelo 100,Silla ergonómica ajustable con soporte lumbar - Lote 100,3773.97,190
SKU-PRD-0101,Memoria USB Modelo 101,Unidad flash portátil de transferencia rápida - Lote 101,547.86,45
SKU-PRD-0102,Tablet Modelo 102,Dispositivo táctil multimedia para estudio y trabajo - Lote 102,5842.14,127
SKU-PRD-0103,Mouse Modelo 103,Mouse óptico ergonómico con conexión USB - Lote 103,669.96,113
SKU-PRD-0104,Laptop Modelo 104,Ordenador portátil con procesador de alta velocidad y SSD - Lote 104,21555.24,13
SKU-PRD-0105,Audífonos Modelo 105,Audífonos estéreo con micrófono y cancelación de ruido - Lote 105,494.18,125
SKU-PRD-0106,Bocina Bluetooth Modelo 106,Bocina inalámbrica portátil resistente al agua - Lote 106,1473.2,38
SKU-PRD-0107,Cable HDMI Modelo 107,Cable de alta definición mallado 4K - Lote 107,277.59,33
SKU-PRD-0108,Disco Duro Modelo 108,Unidad de almacenamiento externo de alta velocidad - Lote 108,2675.69,85
SKU-PRD-0109,Tablet Modelo 109,Dispositivo táctil multimedia para estudio y trabajo - Lote 109,3022.74,41
SKU-PRD-0110,Bocina Bluetooth Modelo 110,Bocina inalámbrica portátil resistente al agua - Lote 110,1010.54,190
SKU-PRD-0111,Mouse Modelo 111,Mouse óptico ergonómico con conexión USB - Lote 111,406.37,162
SKU-PRD-0112,Teclado Modelo 112,Teclado multimedia con iluminación LED - Lote 112,1423.21,121
SKU-PRD-0113,Smartphone Modelo 113,Teléfono inteligente con cámara dual y gran batería - Lote 113,4319.47,101
SKU-PRD-0114,Regulador Modelo 114,Protector de voltaje multicontacto para oficina - Lote 114,1084.23,191
SKU-PRD-0115,Mouse Modelo 115,Mouse óptico ergonómico con conexión USB - Lote 115,635.2,134
SKU-PRD-0116,Mouse Modelo 116,Mouse óptico ergonómico con conexión USB - Lote 116,830.63,173
SKU-PRD-0117,Memoria USB Modelo 117,Unidad flash portátil de transferencia rápida - Lote 117,471.7,165
SKU-PRD-0118,Memoria USB Modelo 118,Unidad flash portátil de transferencia rápida - Lote 118,542.81,121
SKU-PRD-0119,Smartphone Modelo 119,Teléfono inteligente con cámara dual y gran batería - Lote 119,11744.54,173
SKU-PRD-0120,Silla Gamer Modelo 120,Silla ergonómica ajustable con soporte lumbar - Lote 120,5139.24,167
SKU-PRD-0121,Cable HDMI Modelo 121,Cable de alta definición mallado 4K - Lote 121,199.34,121
SKU-PRD-0122,Laptop Modelo 122,Ordenador portátil con procesador de alta velocidad y SSD - Lote 122,15238.0,156
SKU-PRD-0123,Teclado Modelo 123,Teclado multimedia con iluminación LED - Lote 123,742.82,111
SKU-PRD-0124,Audífonos Modelo 124,Audífonos estéreo con micrófono y cancelación de ruido - Lote 124,1452.23,46
SKU-PRD-0125,Impresora Modelo 125,Impresora multifuncional a color con Wi-Fi - Lote 125,3754.89,77
SKU-PRD-0126,Impresora Modelo 126,Impresora multifuncional a color con Wi-Fi - Lote 126,2208.75,171
SKU-PRD-0127,Smartwatch Modelo 127,Reloj inteligente deportivo con monitor de salud - Lote 127,569.55,105
SKU-PRD-0128,Bocina Bluetooth Modelo 128,Bocina inalámbrica portátil resistente al agua - Lote 128,794.78,39
SKU-PRD-0129,Laptop Modelo 129,Ordenador portátil con procesador de alta velocidad y SSD - Lote 129,23595.51,188
SKU-PRD-0130,Mouse Modelo 130,Mouse óptico ergonómico con conexión USB - Lote 130,564.3,77
SKU-PRD-0131,Smartwatch Modelo 131,Reloj inteligente deportivo con monitor de salud - Lote 131,1852.07,185
SKU-PRD-0132,Silla Gamer Modelo 132,Silla ergonómica ajustable con soporte lumbar - Lote 132,2577.11,64
SKU-PRD-0133,Monitor Modelo 133,Pantalla LED Full HD con puertos HDMI - Lote 133,2012.74,22
SKU-PRD-0134,Bocina Bluetooth Modelo 134,Bocina inalámbrica portátil resistente al agua - Lote 134,653.07,181
SKU-PRD-0135,Laptop Modelo 135,Ordenador portátil con procesador de alta velocidad y SSD - Lote 135,11134.07,183
SKU-PRD-0136,Audífonos Modelo 136,Audífonos estéreo con micrófono y cancelación de ruido - Lote 136,1385.69,137
SKU-PRD-0137,Laptop Modelo 137,Ordenador portátil con procesador de alta velocidad y SSD - Lote 137,15478.68,10
SKU-PRD-0138,Teclado Modelo 138,Teclado multimedia con iluminación LED - Lote 138,259.42,80
SKU-PRD-0139,Cable HDMI Modelo 139,Cable de alta definición mallado 4K - Lote 139,242.15,29
SKU-PRD-0140,Teclado Modelo 140,Teclado multimedia con iluminación LED - Lote 140,1177.76,113
SKU-PRD-0141,Audífonos Modelo 141,Audífonos estéreo con micrófono y cancelación de ruido - Lote 141,464.76,32
SKU-PRD-0142,Mouse Modelo 142,Mouse óptico ergonómico con conexión USB - Lote 142,687.68,117
SKU-PRD-0143,Mouse Modelo 143,Mouse óptico ergonómico con conexión USB - Lote 143,273.33,147
SKU-PRD-0144,Bocina Bluetooth Modelo 144,Bocina inalámbrica portátil resistente al agua - Lote 144,1364.5,130
SKU-PRD-0145,Silla Gamer Modelo 145,Silla ergonómica ajustable con soporte lumbar - Lote 145,2824.36,6
SKU-PRD-0146,Monitor Modelo 146,Pantalla LED Full HD con puertos HDMI - Lote 146,3154.84,78
SKU-PRD-0147,Laptop Modelo 147,Ordenador portátil con procesador de alta velocidad y SSD - Lote 147,24346.52,10
SKU-PRD-0148,Regulador Modelo 148,Protector de voltaje multicontacto para oficina - Lote 148,722.3,56
SKU-PRD-0149,Audífonos Modelo 149,Audífonos estéreo con micrófono y cancelación de ruido - Lote 149,1630.65,175
SKU-PRD-0150,Impresora Modelo 150,Impresora multifuncional a color con Wi-Fi - Lote 150,3947.31,148
SKU-PRD-0151,Teclado Modelo 151,Teclado multimedia con iluminación LED - Lote 151,776.69,31
SKU-PRD-0152,Audífonos Modelo 152,Audífonos estéreo con micrófono y cancelación de ruido - Lote 152,788.25,14
SKU-PRD-0153,Silla Gamer Modelo 153,Silla ergonómica ajustable con soporte lumbar - Lote 153,3060.26,74
SKU-PRD-0154,Bocina Bluetooth Modelo 154,Bocina inalámbrica portátil resistente al agua - Lote 154,1902.39,63
SKU-PRD-0155,Bocina Bluetooth Modelo 155,Bocina inalámbrica portátil resistente al agua - Lote 155,435.26,171
SKU-PRD-0156,Bocina Bluetooth Modelo 156,Bocina inalámbrica portátil resistente al agua - Lote 156,1438.14,15
SKU-PRD-0157,Smartphone Modelo 157,Teléfono inteligente con cámara dual y gran batería - Lote 157,10312.0,53
SKU-PRD-0158,Tablet Modelo 158,Dispositivo táctil multimedia para estudio y trabajo - Lote 158,4948.68,154
SKU-PRD-0159,Cable HDMI Modelo 159,Cable de alta definición mallado 4K - Lote 159,321.75,8
SKU-PRD-0160,Silla Gamer Modelo 160,Silla ergonómica ajustable con soporte lumbar - Lote 160,3877.27,85
SKU-PRD-0161,Monitor Modelo 161,Pantalla LED Full HD con puertos HDMI - Lote 161,6422.42,104
SKU-PRD-0162,Impresora Modelo 162,Impresora multifuncional a color con Wi-Fi - Lote 162,3435.62,108
SKU-PRD-0163,Memoria USB Modelo 163,Unidad flash portátil de transferencia rápida - Lote 163,437.29,187
SKU-PRD-0164,Memoria USB Modelo 164,Unidad flash portátil de transferencia rápida - Lote 164,314.17,68
SKU-PRD-0165,Laptop Modelo 165,Ordenador portátil con procesador de alta velocidad y SSD - Lote 165,22957.37,42
SKU-PRD-0166,Monitor Modelo 166,Pantalla LED Full HD con puertos HDMI - Lote 166,3818.96,178
SKU-PRD-0167,Cable HDMI Modelo 167,Cable de alta definición mallado 4K - Lote 167,196.2,65
SKU-PRD-0168,Silla Gamer Modelo 168,Silla ergonómica ajustable con soporte lumbar - Lote 168,4588.84,56
SKU-PRD-0169,Smartwatch Modelo 169,Reloj inteligente deportivo con monitor de salud - Lote 169,2463.18,193
SKU-PRD-0170,Monitor Modelo 170,Pantalla LED Full HD con puertos HDMI - Lote 170,2042.11,168
SKU-PRD-0171,Teclado Modelo 171,Teclado multimedia con iluminación LED - Lote 171,1107.41,174
SKU-PRD-0172,Memoria USB Modelo 172,Unidad flash portátil de transferencia rápida - Lote 172,486.8,132
SKU-PRD-0173,Tablet Modelo 173,Dispositivo táctil multimedia para estudio y trabajo - Lote 173,6963.37,26
SKU-PRD-0174,Laptop Modelo 174,Ordenador portátil con procesador de alta velocidad y SSD - Lote 174,16694.18,23
SKU-PRD-0175,Impresora Modelo 175,Impresora multifuncional a color con Wi-Fi - Lote 175,3653.33,66
SKU-PRD-0176,Smartphone Modelo 176,Teléfono inteligente con cámara dual y gran batería - Lote 176,6376.88,35
SKU-PRD-0177,Mouse Modelo 177,Mouse óptico ergonómico con conexión USB - Lote 177,778.26,115
SKU-PRD-0178,Tablet Modelo 178,Dispositivo táctil multimedia para estudio y trabajo - Lote 178,4535.33,115
SKU-PRD-0179,Silla Gamer Modelo 179,Silla ergonómica ajustable con soporte lumbar - Lote 179,4315.57,37
SKU-PRD-0180,Regulador Modelo 180,Protector de voltaje multicontacto para oficina - Lote 180,784.7,192
SKU-PRD-0181,Smartwatch Modelo 181,Reloj inteligente deportivo con monitor de salud - Lote 181,1012.16,60
SKU-PRD-0182,Smartphone Modelo 182,Teléfono inteligente con cámara dual y gran batería - Lote 182,6544.23,22
SKU-PRD-0183,Laptop Modelo 183,Ordenador portátil con procesador de alta velocidad y SSD - Lote 183,18302.47,140
SKU-PRD-0184,Memoria USB Modelo 184,Unidad flash portátil de transferencia rápida - Lote 184,357.27,105
SKU-PRD-0185,Laptop Modelo 185,Ordenador portátil con procesador de alta velocidad y SSD - Lote 185,18611.55,189
SKU-PRD-0186,Cable HDMI Modelo 186,Cable de alta definición mallado 4K - Lote 186,324.46,135
SKU-PRD-0187,Impresora Modelo 187,Impresora multifuncional a color con Wi-Fi - Lote 187,3063.7,122
SKU-PRD-0188,Silla Gamer Modelo 188,Silla ergonómica ajustable con soporte lumbar - Lote 188,3584.05,11
SKU-PRD-0189,Tablet Modelo 189,Dispositivo táctil multimedia para estudio y trabajo - Lote 189,2211.36,139
SKU-PRD-0190,Tablet Modelo 190,Dispositivo táctil multimedia para estudio y trabajo - Lote 190,3373.17,198
SKU-PRD-0191,Laptop Modelo 191,Ordenador portátil con procesador de alta velocidad y SSD - Lote 191,13894.75,125
SKU-PRD-0192,Bocina Bluetooth Modelo 192,Bocina inalámbrica portátil resistente al agua - Lote 192,1718.51,19
SKU-PRD-0193,Teclado Modelo 193,Teclado multimedia con iluminación LED - Lote 193,906.49,87
SKU-PRD-0194,Laptop Modelo 194,Ordenador portátil con procesador de alta velocidad y SSD - Lote 194,15977.26,146
SKU-PRD-0195,Tablet Modelo 195,Dispositivo táctil multimedia para estudio y trabajo - Lote 195,5214.01,134
SKU-PRD-0196,Silla Gamer Modelo 196,Silla ergonómica ajustable con soporte lumbar - Lote 196,4120.31,141
SKU-PRD-0197,Silla Gamer Modelo 197,Silla ergonómica ajustable con soporte lumbar - Lote 197,5105.12,92
SKU-PRD-0198,Memoria USB Modelo 198,Unidad flash portátil de transferencia rápida - Lote 198,414.67,10
SKU-PRD-0199,Smartwatch Modelo 199,Reloj inteligente deportivo con monitor de salud - Lote 199,2231.08,47
SKU-PRD-0200,Teclado Modelo 200,Teclado multimedia con iluminación LED - Lote 200,1143.36,101
SKU-PRD-0201,Audífonos Modelo 201,Audífonos estéreo con micrófono y cancelación de ruido - Lote 201,1070.91,31
SKU-PRD-0202,Bocina Bluetooth Modelo 202,Bocina inalámbrica portátil resistente al agua - Lote 202,1261.43,74
SKU-PRD-0203,Regulador Modelo 203,Protector de voltaje multicontacto para oficina - Lote 203,530.15,48
SKU-PRD-0204,Smartwatch Modelo 204,Reloj inteligente deportivo con monitor de salud - Lote 204,1486.25,183
SKU-PRD-0205,Memoria USB Modelo 205,Unidad flash portátil de transferencia rápida - Lote 205,325.85,136
SKU-PRD-0206,Disco Duro Modelo 206,Unidad de almacenamiento externo de alta velocidad - Lote 206,1404.69,103
SKU-PRD-0207,Monitor Modelo 207,Pantalla LED Full HD con puertos HDMI - Lote 207,2594.89,113
SKU-PRD-0208,Memoria USB Modelo 208,Unidad flash portátil de transferencia rápida - Lote 208,339.12,166
SKU-PRD-0209,Cable HDMI Modelo 209,Cable de alta definición mallado 4K - Lote 209,155.2,26
SKU-PRD-0210,Impresora Modelo 210,Impresora multifuncional a color con Wi-Fi - Lote 210,4050.92,12
SKU-PRD-0211,Teclado Modelo 211,Teclado multimedia con iluminación LED - Lote 211,1461.12,157
SKU-PRD-0212,Laptop Modelo 212,Ordenador portátil con procesador de alta velocidad y SSD - Lote 212,23559.18,174
SKU-PRD-0213,Monitor Modelo 213,Pantalla LED Full HD con puertos HDMI - Lote 213,5495.51,136
SKU-PRD-0214,Memoria USB Modelo 214,Unidad flash portátil de transferencia rápida - Lote 214,163.36,173
SKU-PRD-0215,Laptop Modelo 215,Ordenador portátil con procesador de alta velocidad y SSD - Lote 215,12258.73,188
SKU-PRD-0216,Audífonos Modelo 216,Audífonos estéreo con micrófono y cancelación de ruido - Lote 216,918.17,61
SKU-PRD-0217,Mouse Modelo 217,Mouse óptico ergonómico con conexión USB - Lote 217,513.48,200
SKU-PRD-0218,Disco Duro Modelo 218,Unidad de almacenamiento externo de alta velocidad - Lote 218,3432.25,155
SKU-PRD-0219,Smartphone Modelo 219,Teléfono inteligente con cámara dual y gran batería - Lote 219,9080.55,84
SKU-PRD-0220,Disco Duro Modelo 220,Unidad de almacenamiento externo de alta velocidad - Lote 220,1161.84,183
SKU-PRD-0221,Silla Gamer Modelo 221,Silla ergonómica ajustable con soporte lumbar - Lote 221,3990.46,144
SKU-PRD-0222,Impresora Modelo 222,Impresora multifuncional a color con Wi-Fi - Lote 222,2649.97,50
SKU-PRD-0223,Monitor Modelo 223,Pantalla LED Full HD con puertos HDMI - Lote 223,4110.99,165
SKU-PRD-0224,Monitor Modelo 224,Pantalla LED Full HD con puertos HDMI - Lote 224,4197.4,89
SKU-PRD-0225,Tablet Modelo 225,Dispositivo táctil multimedia para estudio y trabajo - Lote 225,4913.6,158
SKU-PRD-0226,Tablet Modelo 226,Dispositivo táctil multimedia para estudio y trabajo - Lote 226,4803.61,188
SKU-PRD-0227,Cable HDMI Modelo 227,Cable de alta definición mallado 4K - Lote 227,270.03,181
SKU-PRD-0228,Laptop Modelo 228,Ordenador portátil con procesador de alta velocidad y SSD - Lote 228,9733.86,28
SKU-PRD-0229,Monitor Modelo 229,Pantalla LED Full HD con puertos HDMI - Lote 229,5367.41,160
SKU-PRD-0230,Bocina Bluetooth Modelo 230,Bocina inalámbrica portátil resistente al agua - Lote 230,1845.46,109
SKU-PRD-0231,Smartwatch Modelo 231,Reloj inteligente deportivo con monitor de salud - Lote 231,970.87,8
SKU-PRD-0232,Teclado Modelo 232,Teclado multimedia con iluminación LED - Lote 232,1058.54,154
SKU-PRD-0233,Impresora Modelo 233,Impresora multifuncional a color con Wi-Fi - Lote 233,1979.79,36
SKU-PRD-0234,Audífonos Modelo 234,Audífonos estéreo con micrófono y cancelación de ruido - Lote 234,1529.07,103
SKU-PRD-0235,Cable HDMI Modelo 235,Cable de alta definición mallado 4K - Lote 235,162.72,130
SKU-PRD-0236,Monitor Modelo 236,Pantalla LED Full HD con puertos HDMI - Lote 236,2349.97,42
SKU-PRD-0237,Disco Duro Modelo 237,Unidad de almacenamiento externo de alta velocidad - Lote 237,2786.42,78
SKU-PRD-0238,Laptop Modelo 238,Ordenador portátil con procesador de alta velocidad y SSD - Lote 238,9703.57,136
SKU-PRD-0239,Regulador Modelo 239,Protector de voltaje multicontacto para oficina - Lote 239,919.7,97
SKU-PRD-0240,Silla Gamer Modelo 240,Silla ergonómica ajustable con soporte lumbar - Lote 240,5504.8,177
SKU-PRD-0241,Smartphone Modelo 241,Teléfono inteligente con cámara dual y gran batería - Lote 241,10654.49,154
SKU-PRD-0242,Laptop Modelo 242,Ordenador portátil con procesador de alta velocidad y SSD - Lote 242,24574.51,121
SKU-PRD-0243,Mouse Modelo 243,Mouse óptico ergonómico con conexión USB - Lote 243,728.87,180
SKU-PRD-0244,Regulador Modelo 244,Protector de voltaje multicontacto para oficina - Lote 244,593.18,92
SKU-PRD-0245,Laptop Modelo 245,Ordenador portátil con procesador de alta velocidad y SSD - Lote 245,9279.98,109
SKU-PRD-0246,Smartphone Modelo 246,Teléfono inteligente con cámara dual y gran batería - Lote 246,11049.28,66
SKU-PRD-0247,Memoria USB Modelo 247,Unidad flash portátil de transferencia rápida - Lote 247,541.34,177
SKU-PRD-0248,Bocina Bluetooth Modelo 248,Bocina inalámbrica portátil resistente al agua - Lote 248,1739.28,73
SKU-PRD-0249,Audífonos Modelo 249,Audífonos estéreo con micrófono y cancelación de ruido - Lote 249,464.57,8
SKU-PRD-0250,Cable HDMI Modelo 250,Cable de alta definición mallado 4K - Lote 250,120.39,125
SKU-PRD-0251,Teclado Modelo 251,Teclado multimedia con iluminación LED - Lote 251,601.61,197
SKU-PRD-0252,Smartphone Modelo 252,Teléfono inteligente con cámara dual y gran batería - Lote 252,3684.1,192
SKU-PRD-0253,Memoria USB Modelo 253,Unidad flash portátil de transferencia rápida - Lote 253,509.32,60
SKU-PRD-0254,Silla Gamer Modelo 254,Silla ergonómica ajustable con soporte lumbar - Lote 254,4097.02,28
SKU-PRD-0255,Impresora Modelo 255,Impresora multifuncional a color con Wi-Fi - Lote 255,3157.0,72
SKU-PRD-0256,Disco Duro Modelo 256,Unidad de almacenamiento externo de alta velocidad - Lote 256,3304.81,149
SKU-PRD-0257,Smartwatch Modelo 257,Reloj inteligente deportivo con monitor de salud - Lote 257,2013.24,174
SKU-PRD-0258,Laptop Modelo 258,Ordenador portátil con procesador de alta velocidad y SSD - Lote 258,11274.65,42
SKU-PRD-0259,Audífonos Modelo 259,Audífonos estéreo con micrófono y cancelación de ruido - Lote 259,742.63,94
SKU-PRD-0260,Cable HDMI Modelo 260,Cable de alta definición mallado 4K - Lote 260,284.31,166
SKU-PRD-0261,Audífonos Modelo 261,Audífonos estéreo con micrófono y cancelación de ruido - Lote 261,1091.1,34
SKU-PRD-0262,Tablet Modelo 262,Dispositivo táctil multimedia para estudio y trabajo - Lote 262,5345.24,32
SKU-PRD-0263,Tablet Modelo 263,Dispositivo táctil multimedia para estudio y trabajo - Lote 263,6510.58,96
SKU-PRD-0264,Laptop Modelo 264,Ordenador portátil con procesador de alta velocidad y SSD - Lote 264,21615.65,111
SKU-PRD-0265,Silla Gamer Modelo 265,Silla ergonómica ajustable con soporte lumbar - Lote 265,2792.64,10
SKU-PRD-0266,Tablet Modelo 266,Dispositivo táctil multimedia para estudio y trabajo - Lote 266,2528.91,156
SKU-PRD-0267,Disco Duro Modelo 267,Unidad de almacenamiento externo de alta velocidad - Lote 267,2960.91,151
SKU-PRD-0268,Bocina Bluetooth Modelo 268,Bocina inalámbrica portátil resistente al agua - Lote 268,1484.66,155
SKU-PRD-0269,Regulador Modelo 269,Protector de voltaje multicontacto para oficina - Lote 269,419.33,165
SKU-PRD-0270,Cable HDMI Modelo 270,Cable de alta definición mallado 4K - Lote 270,269.19,103
SKU-PRD-0271,Smartphone Modelo 271,Teléfono inteligente con cámara dual y gran batería - Lote 271,8624.03,136
SKU-PRD-0272,Smartphone Modelo 272,Teléfono inteligente con cámara dual y gran batería - Lote 272,11192.05,177
SKU-PRD-0273,Smartphone Modelo 273,Teléfono inteligente con cámara dual y gran batería - Lote 273,3677.83,45
SKU-PRD-0274,Smartwatch Modelo 274,Reloj inteligente deportivo con monitor de salud - Lote 274,1046.01,13
SKU-PRD-0275,Audífonos Modelo 275,Audífonos estéreo con micrófono y cancelación de ruido - Lote 275,997.29,74
SKU-PRD-0276,Bocina Bluetooth Modelo 276,Bocina inalámbrica portátil resistente al agua - Lote 276,744.16,152
SKU-PRD-0277,Smartwatch Modelo 277,Reloj inteligente deportivo con monitor de salud - Lote 277,911.55,77
SKU-PRD-0278,Mouse Modelo 278,Mouse óptico ergonómico con conexión USB - Lote 278,541.64,24
SKU-PRD-0279,Tablet Modelo 279,Dispositivo táctil multimedia para estudio y trabajo - Lote 279,4574.77,66
SKU-PRD-0280,Mouse Modelo 280,Mouse óptico ergonómico con conexión USB - Lote 280,820.84,8
SKU-PRD-0281,Audífonos Modelo 281,Audífonos estéreo con micrófono y cancelación de ruido - Lote 281,1492.69,74
SKU-PRD-0282,Cable HDMI Modelo 282,Cable de alta definición mallado 4K - Lote 282,217.1,141
SKU-PRD-0283,Mouse Modelo 283,Mouse óptico ergonómico con conexión USB - Lote 283,771.38,30
SKU-PRD-0284,Silla Gamer Modelo 284,Silla ergonómica ajustable con soporte lumbar - Lote 284,5394.05,63
SKU-PRD-0285,Disco Duro Modelo 285,Unidad de almacenamiento externo de alta velocidad - Lote 285,1335.01,190
SKU-PRD-0286,Monitor Modelo 286,Pantalla LED Full HD con puertos HDMI - Lote 286,4974.34,145
SKU-PRD-0287,Tablet Modelo 287,Dispositivo táctil multimedia para estudio y trabajo - Lote 287,4329.52,127
SKU-PRD-0288,Audífonos Modelo 288,Audífonos estéreo con micrófono y cancelación de ruido - Lote 288,963.61,51
SKU-PRD-0289,Memoria USB Modelo 289,Unidad flash portátil de transferencia rápida - Lote 289,238.39,71
SKU-PRD-0290,Silla Gamer Modelo 290,Silla ergonómica ajustable con soporte lumbar - Lote 290,4642.35,19
SKU-PRD-0291,Mouse Modelo 291,Mouse óptico ergonómico con conexión USB - Lote 291,292.66,166
SKU-PRD-0292,Impresora Modelo 292,Impresora multifuncional a color con Wi-Fi - Lote 292,3930.08,32
SKU-PRD-0293,Disco Duro Modelo 293,Unidad de almacenamiento externo de alta velocidad - Lote 293,2873.59,56
SKU-PRD-0294,Monitor Modelo 294,Pantalla LED Full HD con puertos HDMI - Lote 294,5348.86,76
SKU-PRD-0295,Mouse Modelo 295,Mouse óptico ergonómico con conexión USB - Lote 295,324.92,127
SKU-PRD-0296,Impresora Modelo 296,Impresora multifuncional a color con Wi-Fi - Lote 296,3786.37,108
SKU-PRD-0297,Teclado Modelo 297,Teclado multimedia con iluminación LED - Lote 297,919.65,117
SKU-PRD-0298,Impresora Modelo 298,Impresora multifuncional a color con Wi-Fi - Lote 298,2743.31,114
SKU-PRD-0299,Mouse Modelo 299,Mouse óptico ergonómico con conexión USB - Lote 299,470.77,115
SKU-PRD-0300,Laptop Modelo 300,Ordenador portátil con procesador de alta velocidad y SSD - Lote 300,23716.71,155
SKU-PRD-0301,Monitor Modelo 301,Pantalla LED Full HD con puertos HDMI - Lote 301,6232.14,142
SKU-PRD-0302,Regulador Modelo 302,Protector de voltaje multicontacto para oficina - Lote 302,540.29,166
SKU-PRD-0303,Impresora Modelo 303,Impresora multifuncional a color con Wi-Fi - Lote 303,4458.43,135
SKU-PRD-0304,Memoria USB Modelo 304,Unidad flash portátil de transferencia rápida - Lote 304,370.49,80
SKU-PRD-0305,Cable HDMI Modelo 305,Cable de alta definición mallado 4K - Lote 305,309.4,149
SKU-PRD-0306,Smartphone Modelo 306,Teléfono inteligente con cámara dual y gran batería - Lote 306,11957.43,69
SKU-PRD-0307,Teclado Modelo 307,Teclado multimedia con iluminación LED - Lote 307,902.99,16
SKU-PRD-0308,Bocina Bluetooth Modelo 308,Bocina inalámbrica portátil resistente al agua - Lote 308,1688.98,167
SKU-PRD-0309,Audífonos Modelo 309,Audífonos estéreo con micrófono y cancelación de ruido - Lote 309,1149.02,62
SKU-PRD-0310,Smartwatch Modelo 310,Reloj inteligente deportivo con monitor de salud - Lote 310,1071.84,96
SKU-PRD-0311,Regulador Modelo 311,Protector de voltaje multicontacto para oficina - Lote 311,898.15,147
SKU-PRD-0312,Cable HDMI Modelo 312,Cable de alta definición mallado 4K - Lote 312,247.0,120
SKU-PRD-0313,Tablet Modelo 313,Dispositivo táctil multimedia para estudio y trabajo - Lote 313,3106.27,176
SKU-PRD-0314,Cable HDMI Modelo 314,Cable de alta definición mallado 4K - Lote 314,170.86,105
SKU-PRD-0315,Smartwatch Modelo 315,Reloj inteligente deportivo con monitor de salud - Lote 315,2432.36,172
SKU-PRD-0316,Teclado Modelo 316,Teclado multimedia con iluminación LED - Lote 316,611.09,38
SKU-PRD-0317,Audífonos Modelo 317,Audífonos estéreo con micrófono y cancelación de ruido - Lote 317,1168.96,32
SKU-PRD-0318,Smartphone Modelo 318,Teléfono inteligente con cámara dual y gran batería - Lote 318,8854.53,167
SKU-PRD-0319,Smartwatch Modelo 319,Reloj inteligente deportivo con monitor de salud - Lote 319,1935.31,74
SKU-PRD-0320,Bocina Bluetooth Modelo 320,Bocina inalámbrica portátil resistente al agua - Lote 320,1307.6,6
SKU-PRD-0321,Laptop Modelo 321,Ordenador portátil con procesador de alta velocidad y SSD - Lote 321,15295.36,153
SKU-PRD-0322,Monitor Modelo 322,Pantalla LED Full HD con puertos HDMI - Lote 322,6041.67,37
SKU-PRD-0323,Monitor Modelo 323,Pantalla LED Full HD con puertos HDMI - Lote 323,5676.54,107
SKU-PRD-0324,Monitor Modelo 324,Pantalla LED Full HD con puertos HDMI - Lote 324,2937.17,187
SKU-PRD-0325,Tablet Modelo 325,Dispositivo táctil multimedia para estudio y trabajo - Lote 325,6299.75,115
SKU-PRD-0326,Tablet Modelo 326,Dispositivo táctil multimedia para estudio y trabajo - Lote 326,5853.8,78
SKU-PRD-0327,Memoria USB Modelo 327,Unidad flash portátil de transferencia rápida - Lote 327,163.59,197
SKU-PRD-0328,Memoria USB Modelo 328,Unidad flash portátil de transferencia rápida - Lote 328,379.28,48
SKU-PRD-0329,Tablet Modelo 329,Dispositivo táctil multimedia para estudio y trabajo - Lote 329,2484.04,161
SKU-PRD-0330,Disco Duro Modelo 330,Unidad de almacenamiento externo de alta velocidad - Lote 330,1116.27,46
SKU-PRD-0331,Tablet Modelo 331,Dispositivo táctil multimedia para estudio y trabajo - Lote 331,5422.19,137
SKU-PRD-0332,Mouse Modelo 332,Mouse óptico ergonómico con conexión USB - Lote 332,475.12,48
SKU-PRD-0333,Regulador Modelo 333,Protector de voltaje multicontacto para oficina - Lote 333,481.5,62
SKU-PRD-0334,Silla Gamer Modelo 334,Silla ergonómica ajustable con soporte lumbar - Lote 334,5851.93,126
SKU-PRD-0335,Monitor Modelo 335,Pantalla LED Full HD con puertos HDMI - Lote 335,5152.27,105
SKU-PRD-0336,Disco Duro Modelo 336,Unidad de almacenamiento externo de alta velocidad - Lote 336,2153.64,116
SKU-PRD-0337,Tablet Modelo 337,Dispositivo táctil multimedia para estudio y trabajo - Lote 337,5229.12,54
SKU-PRD-0338,Mouse Modelo 338,Mouse óptico ergonómico con conexión USB - Lote 338,316.52,93
SKU-PRD-0339,Teclado Modelo 339,Teclado multimedia con iluminación LED - Lote 339,860.74,125
SKU-PRD-0340,Laptop Modelo 340,Ordenador portátil con procesador de alta velocidad y SSD - Lote 340,10148.89,6
SKU-PRD-0341,Monitor Modelo 341,Pantalla LED Full HD con puertos HDMI - Lote 341,4762.04,28
SKU-PRD-0342,Smartwatch Modelo 342,Reloj inteligente deportivo con monitor de salud - Lote 342,906.83,10
SKU-PRD-0343,Silla Gamer Modelo 343,Silla ergonómica ajustable con soporte lumbar - Lote 343,5118.41,17
SKU-PRD-0344,Bocina Bluetooth Modelo 344,Bocina inalámbrica portátil resistente al agua - Lote 344,1706.65,110
SKU-PRD-0345,Smartwatch Modelo 345,Reloj inteligente deportivo con monitor de salud - Lote 345,1346.96,138
SKU-PRD-0346,Regulador Modelo 346,Protector de voltaje multicontacto para oficina - Lote 346,690.15,146
SKU-PRD-0347,Mouse Modelo 347,Mouse óptico ergonómico con conexión USB - Lote 347,822.21,102
SKU-PRD-0348,Audífonos Modelo 348,Audífonos estéreo con micrófono y cancelación de ruido - Lote 348,636.97,138
SKU-PRD-0349,Audífonos Modelo 349,Audífonos estéreo con micrófono y cancelación de ruido - Lote 349,449.07,162
SKU-PRD-0350,Tablet Modelo 350,Dispositivo táctil multimedia para estudio y trabajo - Lote 350,6577.12,109
SKU-PRD-0351,Smartphone Modelo 351,Teléfono inteligente con cámara dual y gran batería - Lote 351,4210.76,40
SKU-PRD-0352,Silla Gamer Modelo 352,Silla ergonómica ajustable con soporte lumbar - Lote 352,3206.21,59
SKU-PRD-0353,Teclado Modelo 353,Teclado multimedia con iluminación LED - Lote 353,1196.04,128
SKU-PRD-0354,Teclado Modelo 354,Teclado multimedia con iluminación LED - Lote 354,1265.96,171
SKU-PRD-0355,Bocina Bluetooth Modelo 355,Bocina inalámbrica portátil resistente al agua - Lote 355,443.52,83
SKU-PRD-0356,Audífonos Modelo 356,Audífonos estéreo con micrófono y cancelación de ruido - Lote 356,1133.6,181
SKU-PRD-0357,Bocina Bluetooth Modelo 357,Bocina inalámbrica portátil resistente al agua - Lote 357,511.36,21
SKU-PRD-0358,Smartphone Modelo 358,Teléfono inteligente con cámara dual y gran batería - Lote 358,10541.44,176
SKU-PRD-0359,Audífonos Modelo 359,Audífonos estéreo con micrófono y cancelación de ruido - Lote 359,535.51,45
SKU-PRD-0360,Laptop Modelo 360,Ordenador portátil con procesador de alta velocidad y SSD - Lote 360,19541.42,27
SKU-PRD-0361,Smartwatch Modelo 361,Reloj inteligente deportivo con monitor de salud - Lote 361,2217.57,184
SKU-PRD-0362,Teclado Modelo 362,Teclado multimedia con iluminación LED - Lote 362,1475.4,103
SKU-PRD-0363,Impresora Modelo 363,Impresora multifuncional a color con Wi-Fi - Lote 363,2528.06,9
SKU-PRD-0364,Regulador Modelo 364,Protector de voltaje multicontacto para oficina - Lote 364,794.22,63
SKU-PRD-0365,Memoria USB Modelo 365,Unidad flash portátil de transferencia rápida - Lote 365,573.14,68
SKU-PRD-0366,Laptop Modelo 366,Ordenador portátil con procesador de alta velocidad y SSD - Lote 366,23964.22,82
SKU-PRD-0367,Laptop Modelo 367,Ordenador portátil con procesador de alta velocidad y SSD - Lote 367,17429.32,72
SKU-PRD-0368,Memoria USB Modelo 368,Unidad flash portátil de transferencia rápida - Lote 368,163.54,187
SKU-PRD-0369,Teclado Modelo 369,Teclado multimedia con iluminación LED - Lote 369,1475.89,158
SKU-PRD-0370,Disco Duro Modelo 370,Unidad de almacenamiento externo de alta velocidad - Lote 370,2480.59,131
SKU-PRD-0371,Cable HDMI Modelo 371,Cable de alta definición mallado 4K - Lote 371,198.43,153
SKU-PRD-0372,Tablet Modelo 372,Dispositivo táctil multimedia para estudio y trabajo - Lote 372,3619.07,126
SKU-PRD-0373,Bocina Bluetooth Modelo 373,Bocina inalámbrica portátil resistente al agua - Lote 373,1701.49,23
SKU-PRD-0374,Memoria USB Modelo 374,Unidad flash portátil de transferencia rápida - Lote 374,585.55,187
SKU-PRD-0375,Disco Duro Modelo 375,Unidad de almacenamiento externo de alta velocidad - Lote 375,1736.3,159
SKU-PRD-0376,Smartphone Modelo 376,Teléfono inteligente con cámara dual y gran batería - Lote 376,3735.92,147
SKU-PRD-0377,Impresora Modelo 377,Impresora multifuncional a color con Wi-Fi - Lote 377,2703.3,45
SKU-PRD-0378,Smartphone Modelo 378,Teléfono inteligente con cámara dual y gran batería - Lote 378,6045.1,63
SKU-PRD-0379,Mouse Modelo 379,Mouse óptico ergonómico con conexión USB - Lote 379,214.25,73
SKU-PRD-0380,Cable HDMI Modelo 380,Cable de alta definición mallado 4K - Lote 380,188.03,87
SKU-PRD-0381,Impresora Modelo 381,Impresora multifuncional a color con Wi-Fi - Lote 381,4183.1,138
SKU-PRD-0382,Teclado Modelo 382,Teclado multimedia con iluminación LED - Lote 382,723.11,189
SKU-PRD-0383,Cable HDMI Modelo 383,Cable de alta definición mallado 4K - Lote 383,340.11,136
SKU-PRD-0384,Memoria USB Modelo 384,Unidad flash portátil de transferencia rápida - Lote 384,544.51,197
SKU-PRD-0385,Teclado Modelo 385,Teclado multimedia con iluminación LED - Lote 385,1168.56,86
SKU-PRD-0386,Teclado Modelo 386,Teclado multimedia con iluminación LED - Lote 386,1066.19,57
SKU-PRD-0387,Memoria USB Modelo 387,Unidad flash portátil de transferencia rápida - Lote 387,511.81,121
SKU-PRD-0388,Regulador Modelo 388,Protector de voltaje multicontacto para oficina - Lote 388,764.3,25
SKU-PRD-0389,Bocina Bluetooth Modelo 389,Bocina inalámbrica portátil resistente al agua - Lote 389,934.06,134
SKU-PRD-0390,Mouse Modelo 390,Mouse óptico ergonómico con conexión USB - Lote 390,646.48,134
SKU-PRD-0391,Laptop Modelo 391,Ordenador portátil con procesador de alta velocidad y SSD - Lote 391,20351.92,140
SKU-PRD-0392,Laptop Modelo 392,Ordenador portátil con procesador de alta velocidad y SSD - Lote 392,10445.03,188
SKU-PRD-0393,Audífonos Modelo 393,Audífonos estéreo con micrófono y cancelación de ruido - Lote 393,586.33,77
SKU-PRD-0394,Impresora Modelo 394,Impresora multifuncional a color con Wi-Fi - Lote 394,2189.16,39
SKU-PRD-0395,Tablet Modelo 395,Dispositivo táctil multimedia para estudio y trabajo - Lote 395,4271.97,184
SKU-PRD-0396,Regulador Modelo 396,Protector de voltaje multicontacto para oficina - Lote 396,686.57,105
SKU-PRD-0397,Tablet Modelo 397,Dispositivo táctil multimedia para estudio y trabajo - Lote 397,5361.86,136
SKU-PRD-0398,Laptop Modelo 398,Ordenador portátil con procesador de alta velocidad y SSD - Lote 398,21741.87,42
SKU-PRD-0399,Disco Duro Modelo 399,Unidad de almacenamiento externo de alta velocidad - Lote 399,2274.52,39
SKU-PRD-0400,Impresora Modelo 400,Impresora multifuncional a color con Wi-Fi - Lote 400,4442.05,41
SKU-PRD-0401,Smartwatch Modelo 401,Reloj inteligente deportivo con monitor de salud - Lote 401,1941.34,194
SKU-PRD-0402,Tablet Modelo 402,Dispositivo táctil multimedia para estudio y trabajo - Lote 402,4846.92,29
SKU-PRD-0403,Regulador Modelo 403,Protector de voltaje multicontacto para oficina - Lote 403,934.98,70
SKU-PRD-0404,Tablet Modelo 404,Dispositivo táctil multimedia para estudio y trabajo - Lote 404,5781.4,37
SKU-PRD-0405,Tablet Modelo 405,Dispositivo táctil multimedia para estudio y trabajo - Lote 405,2517.68,87
SKU-PRD-0406,Silla Gamer Modelo 406,Silla ergonómica ajustable con soporte lumbar - Lote 406,4298.52,68
SKU-PRD-0407,Audífonos Modelo 407,Audífonos estéreo con micrófono y cancelación de ruido - Lote 407,1136.42,7
SKU-PRD-0408,Laptop Modelo 408,Ordenador portátil con procesador de alta velocidad y SSD - Lote 408,18986.91,97
SKU-PRD-0409,Silla Gamer Modelo 409,Silla ergonómica ajustable con soporte lumbar - Lote 409,5694.72,25
SKU-PRD-0410,Smartwatch Modelo 410,Reloj inteligente deportivo con monitor de salud - Lote 410,1759.38,73
SKU-PRD-0411,Laptop Modelo 411,Ordenador portátil con procesador de alta velocidad y SSD - Lote 411,18984.38,18
SKU-PRD-0412,Mouse Modelo 412,Mouse óptico ergonómico con conexión USB - Lote 412,222.18,177
SKU-PRD-0413,Mouse Modelo 413,Mouse óptico ergonómico con conexión USB - Lote 413,439.8,33
SKU-PRD-0414,Impresora Modelo 414,Impresora multifuncional a color con Wi-Fi - Lote 414,3871.39,163
SKU-PRD-0415,Audífonos Modelo 415,Audífonos estéreo con micrófono y cancelación de ruido - Lote 415,401.92,105
SKU-PRD-0416,Teclado Modelo 416,Teclado multimedia con iluminación LED - Lote 416,643.25,33
SKU-PRD-0417,Cable HDMI Modelo 417,Cable de alta definición mallado 4K - Lote 417,213.96,176
SKU-PRD-0418,Audífonos Modelo 418,Audífonos estéreo con micrófono y cancelación de ruido - Lote 418,477.29,136
SKU-PRD-0419,Bocina Bluetooth Modelo 419,Bocina inalámbrica portátil resistente al agua - Lote 419,1503.95,142
SKU-PRD-0420,Bocina Bluetooth Modelo 420,Bocina inalámbrica portátil resistente al agua - Lote 420,1252.22,91
SKU-PRD-0421,Smartphone Modelo 421,Teléfono inteligente con cámara dual y gran batería - Lote 421,8861.7,37
SKU-PRD-0422,Smartphone Modelo 422,Teléfono inteligente con cámara dual y gran batería - Lote 422,6557.51,37
SKU-PRD-0423,Laptop Modelo 423,Ordenador portátil con procesador de alta velocidad y SSD - Lote 423,16404.09,75
SKU-PRD-0424,Tablet Modelo 424,Dispositivo táctil multimedia para estudio y trabajo - Lote 424,2214.81,144
SKU-PRD-0425,Silla Gamer Modelo 425,Silla ergonómica ajustable con soporte lumbar - Lote 425,4547.29,137
SKU-PRD-0426,Laptop Modelo 426,Ordenador portátil con procesador de alta velocidad y SSD - Lote 426,19939.46,122
SKU-PRD-0427,Bocina Bluetooth Modelo 427,Bocina inalámbrica portátil resistente al agua - Lote 427,1700.37,70
SKU-PRD-0428,Disco Duro Modelo 428,Unidad de almacenamiento externo de alta velocidad - Lote 428,1944.06,192
SKU-PRD-0429,Teclado Modelo 429,Teclado multimedia con iluminación LED - Lote 429,402.24,168
SKU-PRD-0430,Mouse Modelo 430,Mouse óptico ergonómico con conexión USB - Lote 430,192.31,181
SKU-PRD-0431,Monitor Modelo 431,Pantalla LED Full HD con puertos HDMI - Lote 431,2439.96,146
SKU-PRD-0432,Tablet Modelo 432,Dispositivo táctil multimedia para estudio y trabajo - Lote 432,6824.76,37
SKU-PRD-0433,Disco Duro Modelo 433,Unidad de almacenamiento externo de alta velocidad - Lote 433,964.62,52
SKU-PRD-0434,Silla Gamer Modelo 434,Silla ergonómica ajustable con soporte lumbar - Lote 434,3910.31,188
SKU-PRD-0435,Cable HDMI Modelo 435,Cable de alta definición mallado 4K - Lote 435,166.86,41
SKU-PRD-0436,Mouse Modelo 436,Mouse óptico ergonómico con conexión USB - Lote 436,308.15,148
SKU-PRD-0437,Bocina Bluetooth Modelo 437,Bocina inalámbrica portátil resistente al agua - Lote 437,938.23,53
SKU-PRD-0438,Audífonos Modelo 438,Audífonos estéreo con micrófono y cancelación de ruido - Lote 438,815.75,11
SKU-PRD-0439,Audífonos Modelo 439,Audífonos estéreo con micrófono y cancelación de ruido - Lote 439,820.48,58
SKU-PRD-0440,Tablet Modelo 440,Dispositivo táctil multimedia para estudio y trabajo - Lote 440,2392.83,29
SKU-PRD-0441,Regulador Modelo 441,Protector de voltaje multicontacto para oficina - Lote 441,947.67,197
SKU-PRD-0442,Teclado Modelo 442,Teclado multimedia con iluminación LED - Lote 442,466.79,166
SKU-PRD-0443,Memoria USB Modelo 443,Unidad flash portátil de transferencia rápida - Lote 443,264.66,88
SKU-PRD-0444,Mouse Modelo 444,Mouse óptico ergonómico con conexión USB - Lote 444,428.66,45
SKU-PRD-0445,Tablet Modelo 445,Dispositivo táctil multimedia para estudio y trabajo - Lote 445,5411.6,193
SKU-PRD-0446,Silla Gamer Modelo 446,Silla ergonómica ajustable con soporte lumbar - Lote 446,2838.33,191
SKU-PRD-0447,Tablet Modelo 447,Dispositivo táctil multimedia para estudio y trabajo - Lote 447,6375.03,157
SKU-PRD-0448,Regulador Modelo 448,Protector de voltaje multicontacto para oficina - Lote 448,1060.37,197
SKU-PRD-0449,Monitor Modelo 449,Pantalla LED Full HD con puertos HDMI - Lote 449,3792.01,156
SKU-PRD-0450,Memoria USB Modelo 450,Unidad flash portátil de transferencia rápida - Lote 450,446.3,180
SKU-PRD-0451,Monitor Modelo 451,Pantalla LED Full HD con puertos HDMI - Lote 451,3560.24,149
SKU-PRD-0452,Regulador Modelo 452,Protector de voltaje multicontacto para oficina - Lote 452,397.95,71
SKU-PRD-0453,Silla Gamer Modelo 453,Silla ergonómica ajustable con soporte lumbar - Lote 453,5509.53,173
SKU-PRD-0454,Smartwatch Modelo 454,Reloj inteligente deportivo con monitor de salud - Lote 454,1287.74,154
SKU-PRD-0455,Disco Duro Modelo 455,Unidad de almacenamiento externo de alta velocidad - Lote 455,1627.18,95
SKU-PRD-0456,Impresora Modelo 456,Impresora multifuncional a color con Wi-Fi - Lote 456,2072.11,128
SKU-PRD-0457,Audífonos Modelo 457,Audífonos estéreo con micrófono y cancelación de ruido - Lote 457,1014.4,55
SKU-PRD-0458,Silla Gamer Modelo 458,Silla ergonómica ajustable con soporte lumbar - Lote 458,3614.96,199
SKU-PRD-0459,Laptop Modelo 459,Ordenador portátil con procesador de alta velocidad y SSD - Lote 459,17023.61,117
SKU-PRD-0460,Smartwatch Modelo 460,Reloj inteligente deportivo con monitor de salud - Lote 460,2446.94,86
SKU-PRD-0461,Mouse Modelo 461,Mouse óptico ergonómico con conexión USB - Lote 461,210.65,60
SKU-PRD-0462,Audífonos Modelo 462,Audífonos estéreo con micrófono y cancelación de ruido - Lote 462,458.13,186
SKU-PRD-0463,Bocina Bluetooth Modelo 463,Bocina inalámbrica portátil resistente al agua - Lote 463,545.25,14
SKU-PRD-0464,Smartwatch Modelo 464,Reloj inteligente deportivo con monitor de salud - Lote 464,877.92,72
SKU-PRD-0465,Mouse Modelo 465,Mouse óptico ergonómico con conexión USB - Lote 465,235.08,181
SKU-PRD-0466,Regulador Modelo 466,Protector de voltaje multicontacto para oficina - Lote 466,776.57,139
SKU-PRD-0467,Mouse Modelo 467,Mouse óptico ergonómico con conexión USB - Lote 467,591.12,24
SKU-PRD-0468,Laptop Modelo 468,Ordenador portátil con procesador de alta velocidad y SSD - Lote 468,16457.66,178
SKU-PRD-0469,Smartwatch Modelo 469,Reloj inteligente deportivo con monitor de salud - Lote 469,1835.33,80
SKU-PRD-0470,Monitor Modelo 470,Pantalla LED Full HD con puertos HDMI - Lote 470,6075.12,117
SKU-PRD-0471,Monitor Modelo 471,Pantalla LED Full HD con puertos HDMI - Lote 471,5337.58,35
SKU-PRD-0472,Monitor Modelo 472,Pantalla LED Full HD con puertos HDMI - Lote 472,4443.88,99
SKU-PRD-0473,Monitor Modelo 473,Pantalla LED Full HD con puertos HDMI - Lote 473,5260.95,40
SKU-PRD-0474,Laptop Modelo 474,Ordenador portátil con procesador de alta velocidad y SSD - Lote 474,22377.74,166
SKU-PRD-0475,Cable HDMI Modelo 475,Cable de alta definición mallado 4K - Lote 475,172.24,171
SKU-PRD-0476,Laptop Modelo 476,Ordenador portátil con procesador de alta velocidad y SSD - Lote 476,22847.68,196
SKU-PRD-0477,Monitor Modelo 477,Pantalla LED Full HD con puertos HDMI - Lote 477,2864.45,30
SKU-PRD-0478,Audífonos Modelo 478,Audífonos estéreo con micrófono y cancelación de ruido - Lote 478,342.04,33
SKU-PRD-0479,Teclado Modelo 479,Teclado multimedia con iluminación LED - Lote 479,1452.77,115
SKU-PRD-0480,Laptop Modelo 480,Ordenador portátil con procesador de alta velocidad y SSD - Lote 480,14610.73,45
SKU-PRD-0481,Disco Duro Modelo 481,Unidad de almacenamiento externo de alta velocidad - Lote 481,1355.77,48
SKU-PRD-0482,Silla Gamer Modelo 482,Silla ergonómica ajustable con soporte lumbar - Lote 482,4129.14,154
SKU-PRD-0483,Smartphone Modelo 483,Teléfono inteligente con cámara dual y gran batería - Lote 483,8247.0,70
SKU-PRD-0484,Monitor Modelo 484,Pantalla LED Full HD con puertos HDMI - Lote 484,2473.55,33
SKU-PRD-0485,Silla Gamer Modelo 485,Silla ergonómica ajustable con soporte lumbar - Lote 485,4699.44,76
SKU-PRD-0486,Silla Gamer Modelo 486,Silla ergonómica ajustable con soporte lumbar - Lote 486,4412.37,60
SKU-PRD-0487,Bocina Bluetooth Modelo 487,Bocina inalámbrica portátil resistente al agua - Lote 487,603.58,126
SKU-PRD-0488,Smartwatch Modelo 488,Reloj inteligente deportivo con monitor de salud - Lote 488,1455.6,115
SKU-PRD-0489,Silla Gamer Modelo 489,Silla ergonómica ajustable con soporte lumbar - Lote 489,3069.12,35
SKU-PRD-0490,Laptop Modelo 490,Ordenador portátil con procesador de alta velocidad y SSD - Lote 490,24574.43,74
SKU-PRD-0491,Audífonos Modelo 491,Audífonos estéreo con micrófono y cancelación de ruido - Lote 491,592.74,35
SKU-PRD-0492,Teclado Modelo 492,Teclado multimedia con iluminación LED - Lote 492,1493.29,192
SKU-PRD-0493,Smartwatch Modelo 493,Reloj inteligente deportivo con monitor de salud - Lote 493,1317.22,75
SKU-PRD-0494,Tablet Modelo 494,Dispositivo táctil multimedia para estudio y trabajo - Lote 494,4818.82,17
SKU-PRD-0495,Bocina Bluetooth Modelo 495,Bocina inalámbrica portátil resistente al agua - Lote 495,1017.65,192
SKU-PRD-0496,Mouse Modelo 496,Mouse óptico ergonómico con conexión USB - Lote 496,391.86,84
SKU-PRD-0497,Laptop Modelo 497,Ordenador portátil con procesador de alta velocidad y SSD - Lote 497,15953.7,165
SKU-PRD-0498,Regulador Modelo 498,Protector de voltaje multicontacto para oficina - Lote 498,587.78,77
SKU-PRD-0499,Audífonos Modelo 499,Audífonos estéreo con micrófono y cancelación de ruido - Lote 499,945.39,182
SKU-PRD-0500,Monitor Modelo 500,Pantalla LED Full HD con puertos HDMI - Lote 500,3049.41,88
SKU-PRD-0501,Cable HDMI Modelo 501,Cable de alta definición mallado 4K - Lote 501,345.76,200
SKU-PRD-0502,Laptop Modelo 502,Ordenador portátil con procesador de alta velocidad y SSD - Lote 502,11672.44,196
SKU-PRD-0503,Smartphone Modelo 503,Teléfono inteligente con cámara dual y gran batería - Lote 503,3521.97,122
SKU-PRD-0504,Mouse Modelo 504,Mouse óptico ergonómico con conexión USB - Lote 504,466.59,92
SKU-PRD-0505,Smartphone Modelo 505,Teléfono inteligente con cámara dual y gran batería - Lote 505,3755.76,170
SKU-PRD-0506,Silla Gamer Modelo 506,Silla ergonómica ajustable con soporte lumbar - Lote 506,5635.67,124
SKU-PRD-0507,Smartwatch Modelo 507,Reloj inteligente deportivo con monitor de salud - Lote 507,2426.28,110
SKU-PRD-0508,Teclado Modelo 508,Teclado multimedia con iluminación LED - Lote 508,1051.76,156
SKU-PRD-0509,Impresora Modelo 509,Impresora multifuncional a color con Wi-Fi - Lote 509,2719.3,179
SKU-PRD-0510,Memoria USB Modelo 510,Unidad flash portátil de transferencia rápida - Lote 510,102.21,39
SKU-PRD-0511,Mouse Modelo 511,Mouse óptico ergonómico con conexión USB - Lote 511,720.38,47
SKU-PRD-0512,Bocina Bluetooth Modelo 512,Bocina inalámbrica portátil resistente al agua - Lote 512,646.57,22
SKU-PRD-0513,Silla Gamer Modelo 513,Silla ergonómica ajustable con soporte lumbar - Lote 513,2890.75,172
SKU-PRD-0514,Impresora Modelo 514,Impresora multifuncional a color con Wi-Fi - Lote 514,3482.92,173
SKU-PRD-0515,Smartwatch Modelo 515,Reloj inteligente deportivo con monitor de salud - Lote 515,636.64,15
SKU-PRD-0516,Memoria USB Modelo 516,Unidad flash portátil de transferencia rápida - Lote 516,535.18,27
SKU-PRD-0517,Monitor Modelo 517,Pantalla LED Full HD con puertos HDMI - Lote 517,3576.65,186
SKU-PRD-0518,Regulador Modelo 518,Protector de voltaje multicontacto para oficina - Lote 518,1186.1,124
SKU-PRD-0519,Teclado Modelo 519,Teclado multimedia con iluminación LED - Lote 519,549.68,153
SKU-PRD-0520,Teclado Modelo 520,Teclado multimedia con iluminación LED - Lote 520,407.01,194
SKU-PRD-0521,Audífonos Modelo 521,Audífonos estéreo con micrófono y cancelación de ruido - Lote 521,557.8,115
SKU-PRD-0522,Monitor Modelo 522,Pantalla LED Full HD con puertos HDMI - Lote 522,4451.29,49
SKU-PRD-0523,Smartphone Modelo 523,Teléfono inteligente con cámara dual y gran batería - Lote 523,8692.36,138
SKU-PRD-0524,Teclado Modelo 524,Teclado multimedia con iluminación LED - Lote 524,453.37,189
SKU-PRD-0525,Tablet Modelo 525,Dispositivo táctil multimedia para estudio y trabajo - Lote 525,6960.51,161
SKU-PRD-0526,Cable HDMI Modelo 526,Cable de alta definición mallado 4K - Lote 526,307.36,33
SKU-PRD-0527,Monitor Modelo 527,Pantalla LED Full HD con puertos HDMI - Lote 527,3223.83,71
SKU-PRD-0528,Monitor Modelo 528,Pantalla LED Full HD con puertos HDMI - Lote 528,2287.22,105
SKU-PRD-0529,Tablet Modelo 529,Dispositivo táctil multimedia para estudio y trabajo - Lote 529,6167.29,149
SKU-PRD-0530,Laptop Modelo 530,Ordenador portátil con procesador de alta velocidad y SSD - Lote 530,11757.31,175
SKU-PRD-0531,Smartphone Modelo 531,Teléfono inteligente con cámara dual y gran batería - Lote 531,8838.57,142
SKU-PRD-0532,Smartwatch Modelo 532,Reloj inteligente deportivo con monitor de salud - Lote 532,1537.22,200
SKU-PRD-0533,Audífonos Modelo 533,Audífonos estéreo con micrófono y cancelación de ruido - Lote 533,1090.35,166
SKU-PRD-0534,Memoria USB Modelo 534,Unidad flash portátil de transferencia rápida - Lote 534,463.51,79
SKU-PRD-0535,Memoria USB Modelo 535,Unidad flash portátil de transferencia rápida - Lote 535,279.47,29
SKU-PRD-0536,Memoria USB Modelo 536,Unidad flash portátil de transferencia rápida - Lote 536,390.41,111
SKU-PRD-0537,Memoria USB Modelo 537,Unidad flash portátil de transferencia rápida - Lote 537,410.75,81
SKU-PRD-0538,Monitor Modelo 538,Pantalla LED Full HD con puertos HDMI - Lote 538,4877.38,177
SKU-PRD-0539,Tablet Modelo 539,Dispositivo táctil multimedia para estudio y trabajo - Lote 539,4412.64,131
SKU-PRD-0540,Mouse Modelo 540,Mouse óptico ergonómico con conexión USB - Lote 540,389.04,54
SKU-PRD-0541,Cable HDMI Modelo 541,Cable de alta definición mallado 4K - Lote 541,194.36,131
SKU-PRD-0542,Smartphone Modelo 542,Teléfono inteligente con cámara dual y gran batería - Lote 542,5939.62,189
SKU-PRD-0543,Audífonos Modelo 543,Audífonos estéreo con micrófono y cancelación de ruido - Lote 543,328.87,71
SKU-PRD-0544,Memoria USB Modelo 544,Unidad flash portátil de transferencia rápida - Lote 544,172.96,197
SKU-PRD-0545,Regulador Modelo 545,Protector de voltaje multicontacto para oficina - Lote 545,839.26,131
SKU-PRD-0546,Memoria USB Modelo 546,Unidad flash portátil de transferencia rápida - Lote 546,194.83,67
SKU-PRD-0547,Laptop Modelo 547,Ordenador portátil con procesador de alta velocidad y SSD - Lote 547,18398.79,179
SKU-PRD-0548,Audífonos Modelo 548,Audífonos estéreo con micrófono y cancelación de ruido - Lote 548,769.45,185
SKU-PRD-0549,Mouse Modelo 549,Mouse óptico ergonómico con conexión USB - Lote 549,476.15,179
SKU-PRD-0550,Smartphone Modelo 550,Teléfono inteligente con cámara dual y gran batería - Lote 550,4092.11,180
SKU-PRD-0551,Cable HDMI Modelo 551,Cable de alta definición mallado 4K - Lote 551,291.32,98
SKU-PRD-0552,Smartphone Modelo 552,Teléfono inteligente con cámara dual y gran batería - Lote 552,6684.86,53
SKU-PRD-0553,Memoria USB Modelo 553,Unidad flash portátil de transferencia rápida - Lote 553,415.92,119
SKU-PRD-0554,Smartwatch Modelo 554,Reloj inteligente deportivo con monitor de salud - Lote 554,2125.76,122
SKU-PRD-0555,Disco Duro Modelo 555,Unidad de almacenamiento externo de alta velocidad - Lote 555,2606.62,144
SKU-PRD-0556,Laptop Modelo 556,Ordenador portátil con procesador de alta velocidad y SSD - Lote 556,8311.46,196
SKU-PRD-0557,Cable HDMI Modelo 557,Cable de alta definición mallado 4K - Lote 557,261.43,20
SKU-PRD-0558,Tablet Modelo 558,Dispositivo táctil multimedia para estudio y trabajo - Lote 558,4120.39,137
SKU-PRD-0559,Memoria USB Modelo 559,Unidad flash portátil de transferencia rápida - Lote 559,171.84,63
SKU-PRD-0560,Disco Duro Modelo 560,Unidad de almacenamiento externo de alta velocidad - Lote 560,3218.78,119
SKU-PRD-0561,Teclado Modelo 561,Teclado multimedia con iluminación LED - Lote 561,969.74,112
SKU-PRD-0562,Bocina Bluetooth Modelo 562,Bocina inalámbrica portátil resistente al agua - Lote 562,1889.23,141
SKU-PRD-0563,Smartwatch Modelo 563,Reloj inteligente deportivo con monitor de salud - Lote 563,928.49,169
SKU-PRD-0564,Silla Gamer Modelo 564,Silla ergonómica ajustable con soporte lumbar - Lote 564,2812.67,197
SKU-PRD-0565,Smartwatch Modelo 565,Reloj inteligente deportivo con monitor de salud - Lote 565,1685.54,112
SKU-PRD-0566,Laptop Modelo 566,Ordenador portátil con procesador de alta velocidad y SSD - Lote 566,18479.27,150
SKU-PRD-0567,Disco Duro Modelo 567,Unidad de almacenamiento externo de alta velocidad - Lote 567,2829.24,157
SKU-PRD-0568,Disco Duro Modelo 568,Unidad de almacenamiento externo de alta velocidad - Lote 568,2526.33,85
SKU-PRD-0569,Cable HDMI Modelo 569,Cable de alta definición mallado 4K - Lote 569,128.5,115
SKU-PRD-0570,Smartphone Modelo 570,Teléfono inteligente con cámara dual y gran batería - Lote 570,10329.21,168
SKU-PRD-0571,Regulador Modelo 571,Protector de voltaje multicontacto para oficina - Lote 571,1196.2,182
SKU-PRD-0572,Audífonos Modelo 572,Audífonos estéreo con micrófono y cancelación de ruido - Lote 572,854.77,88
SKU-PRD-0573,Bocina Bluetooth Modelo 573,Bocina inalámbrica portátil resistente al agua - Lote 573,598.99,124
SKU-PRD-0574,Laptop Modelo 574,Ordenador portátil con procesador de alta velocidad y SSD - Lote 574,18692.79,65
SKU-PRD-0575,Impresora Modelo 575,Impresora multifuncional a color con Wi-Fi - Lote 575,1906.7,132
SKU-PRD-0576,Laptop Modelo 576,Ordenador portátil con procesador de alta velocidad y SSD - Lote 576,11627.41,167
SKU-PRD-0577,Cable HDMI Modelo 577,Cable de alta definición mallado 4K - Lote 577,233.34,111
SKU-PRD-0578,Disco Duro Modelo 578,Unidad de almacenamiento externo de alta velocidad - Lote 578,3307.17,154
SKU-PRD-0579,Tablet Modelo 579,Dispositivo táctil multimedia para estudio y trabajo - Lote 579,3698.56,193
SKU-PRD-0580,Teclado Modelo 580,Teclado multimedia con iluminación LED - Lote 580,1386.12,98
SKU-PRD-0581,Regulador Modelo 581,Protector de voltaje multicontacto para oficina - Lote 581,603.79,95
SKU-PRD-0582,Smartphone Modelo 582,Teléfono inteligente con cámara dual y gran batería - Lote 582,5538.18,168
SKU-PRD-0583,Cable HDMI Modelo 583,Cable de alta definición mallado 4K - Lote 583,341.34,13
SKU-PRD-0584,Smartwatch Modelo 584,Reloj inteligente deportivo con monitor de salud - Lote 584,2385.2,9
SKU-PRD-0585,Disco Duro Modelo 585,Unidad de almacenamiento externo de alta velocidad - Lote 585,904.11,55
SKU-PRD-0586,Tablet Modelo 586,Dispositivo táctil multimedia para estudio y trabajo - Lote 586,4334.92,155
SKU-PRD-0587,Laptop Modelo 587,Ordenador portátil con procesador de alta velocidad y SSD - Lote 587,22316.19,72
SKU-PRD-0588,Impresora Modelo 588,Impresora multifuncional a color con Wi-Fi - Lote 588,2375.11,187
SKU-PRD-0589,Cable HDMI Modelo 589,Cable de alta definición mallado 4K - Lote 589,241.3,20
SKU-PRD-0590,Teclado Modelo 590,Teclado multimedia con iluminación LED - Lote 590,1143.24,143
SKU-PRD-0591,Impresora Modelo 591,Impresora multifuncional a color con Wi-Fi - Lote 591,3018.72,102
SKU-PRD-0592,Memoria USB Modelo 592,Unidad flash portátil de transferencia rápida - Lote 592,596.53,30
SKU-PRD-0593,Impresora Modelo 593,Impresora multifuncional a color con Wi-Fi - Lote 593,3020.98,65
SKU-PRD-0594,Tablet Modelo 594,Dispositivo táctil multimedia para estudio y trabajo - Lote 594,5757.74,127
SKU-PRD-0595,Regulador Modelo 595,Protector de voltaje multicontacto para oficina - Lote 595,661.86,66
SKU-PRD-0596,Memoria USB Modelo 596,Unidad flash portátil de transferencia rápida - Lote 596,309.48,123
SKU-PRD-0597,Silla Gamer Modelo 597,Silla ergonómica ajustable con soporte lumbar - Lote 597,3393.21,106
SKU-PRD-0598,Regulador Modelo 598,Protector de voltaje multicontacto para oficina - Lote 598,851.92,92
SKU-PRD-0599,Smartwatch Modelo 599,Reloj inteligente deportivo con monitor de salud - Lote 599,1909.27,167
SKU-PRD-0600,Tablet Modelo 600,Dispositivo táctil multimedia para estudio y trabajo - Lote 600,5378.76,109
SKU-PRD-0601,Mouse Modelo 601,Mouse óptico ergonómico con conexión USB - Lote 601,819.46,114
SKU-PRD-0602,Bocina Bluetooth Modelo 602,Bocina inalámbrica portátil resistente al agua - Lote 602,1829.08,19
SKU-PRD-0603,Teclado Modelo 603,Teclado multimedia con iluminación LED - Lote 603,857.91,164
SKU-PRD-0604,Audífonos Modelo 604,Audífonos estéreo con micrófono y cancelación de ruido - Lote 604,720.9,184
SKU-PRD-0605,Smartwatch Modelo 605,Reloj inteligente deportivo con monitor de salud - Lote 605,1219.52,144
SKU-PRD-0606,Tablet Modelo 606,Dispositivo táctil multimedia para estudio y trabajo - Lote 606,5207.01,46
SKU-PRD-0607,Silla Gamer Modelo 607,Silla ergonómica ajustable con soporte lumbar - Lote 607,3360.79,155
SKU-PRD-0608,Smartphone Modelo 608,Teléfono inteligente con cámara dual y gran batería - Lote 608,10047.73,64
SKU-PRD-0609,Audífonos Modelo 609,Audífonos estéreo con micrófono y cancelación de ruido - Lote 609,1108.08,69
SKU-PRD-0610,Monitor Modelo 610,Pantalla LED Full HD con puertos HDMI - Lote 610,6034.09,8
SKU-PRD-0611,Memoria USB Modelo 611,Unidad flash portátil de transferencia rápida - Lote 611,162.97,88
SKU-PRD-0612,Smartwatch Modelo 612,Reloj inteligente deportivo con monitor de salud - Lote 612,2343.74,46
SKU-PRD-0613,Teclado Modelo 613,Teclado multimedia con iluminación LED - Lote 613,1039.67,126
SKU-PRD-0614,Mouse Modelo 614,Mouse óptico ergonómico con conexión USB - Lote 614,704.85,9
SKU-PRD-0615,Tablet Modelo 615,Dispositivo táctil multimedia para estudio y trabajo - Lote 615,4490.81,93
SKU-PRD-0616,Memoria USB Modelo 616,Unidad flash portátil de transferencia rápida - Lote 616,239.91,84
SKU-PRD-0617,Bocina Bluetooth Modelo 617,Bocina inalámbrica portátil resistente al agua - Lote 617,1231.57,192
SKU-PRD-0618,Laptop Modelo 618,Ordenador portátil con procesador de alta velocidad y SSD - Lote 618,20167.64,149
SKU-PRD-0619,Tablet Modelo 619,Dispositivo táctil multimedia para estudio y trabajo - Lote 619,5705.38,162
SKU-PRD-0620,Cable HDMI Modelo 620,Cable de alta definición mallado 4K - Lote 620,223.56,194
SKU-PRD-0621,Memoria USB Modelo 621,Unidad flash portátil de transferencia rápida - Lote 621,160.83,117
SKU-PRD-0622,Smartwatch Modelo 622,Reloj inteligente deportivo con monitor de salud - Lote 622,1335.46,72
SKU-PRD-0623,Impresora Modelo 623,Impresora multifuncional a color con Wi-Fi - Lote 623,3763.17,113
SKU-PRD-0624,Impresora Modelo 624,Impresora multifuncional a color con Wi-Fi - Lote 624,4096.48,165
SKU-PRD-0625,Tablet Modelo 625,Dispositivo táctil multimedia para estudio y trabajo - Lote 625,3446.43,196
SKU-PRD-0626,Monitor Modelo 626,Pantalla LED Full HD con puertos HDMI - Lote 626,4821.45,54
SKU-PRD-0627,Regulador Modelo 627,Protector de voltaje multicontacto para oficina - Lote 627,662.27,6
SKU-PRD-0628,Audífonos Modelo 628,Audífonos estéreo con micrófono y cancelación de ruido - Lote 628,1028.23,200
SKU-PRD-0629,Cable HDMI Modelo 629,Cable de alta definición mallado 4K - Lote 629,91.0,116
SKU-PRD-0630,Silla Gamer Modelo 630,Silla ergonómica ajustable con soporte lumbar - Lote 630,5380.39,149
SKU-PRD-0631,Laptop Modelo 631,Ordenador portátil con procesador de alta velocidad y SSD - Lote 631,20633.83,168
SKU-PRD-0632,Smartphone Modelo 632,Teléfono inteligente con cámara dual y gran batería - Lote 632,11003.9,175
SKU-PRD-0633,Laptop Modelo 633,Ordenador portátil con procesador de alta velocidad y SSD - Lote 633,15552.46,120
SKU-PRD-0634,Silla Gamer Modelo 634,Silla ergonómica ajustable con soporte lumbar - Lote 634,5190.14,145
SKU-PRD-0635,Regulador Modelo 635,Protector de voltaje multicontacto para oficina - Lote 635,760.79,10
SKU-PRD-0636,Silla Gamer Modelo 636,Silla ergonómica ajustable con soporte lumbar - Lote 636,2626.35,12
SKU-PRD-0637,Memoria USB Modelo 637,Unidad flash portátil de transferencia rápida - Lote 637,248.98,104
SKU-PRD-0638,Regulador Modelo 638,Protector de voltaje multicontacto para oficina - Lote 638,551.21,75
SKU-PRD-0639,Silla Gamer Modelo 639,Silla ergonómica ajustable con soporte lumbar - Lote 639,2630.87,21
SKU-PRD-0640,Disco Duro Modelo 640,Unidad de almacenamiento externo de alta velocidad - Lote 640,3373.67,12
SKU-PRD-0641,Disco Duro Modelo 641,Unidad de almacenamiento externo de alta velocidad - Lote 641,2037.03,12
SKU-PRD-0642,Monitor Modelo 642,Pantalla LED Full HD con puertos HDMI - Lote 642,2927.35,69
SKU-PRD-0643,Tablet Modelo 643,Dispositivo táctil multimedia para estudio y trabajo - Lote 643,6503.96,74
SKU-PRD-0644,Monitor Modelo 644,Pantalla LED Full HD con puertos HDMI - Lote 644,4592.57,25
SKU-PRD-0645,Silla Gamer Modelo 645,Silla ergonómica ajustable con soporte lumbar - Lote 645,4614.18,57
SKU-PRD-0646,Bocina Bluetooth Modelo 646,Bocina inalámbrica portátil resistente al agua - Lote 646,1620.95,28
SKU-PRD-0647,Audífonos Modelo 647,Audífonos estéreo con micrófono y cancelación de ruido - Lote 647,706.53,138
SKU-PRD-0648,Impresora Modelo 648,Impresora multifuncional a color con Wi-Fi - Lote 648,3886.2,125
SKU-PRD-0649,Monitor Modelo 649,Pantalla LED Full HD con puertos HDMI - Lote 649,5751.85,120
SKU-PRD-0650,Regulador Modelo 650,Protector de voltaje multicontacto para oficina - Lote 650,790.3,116
SKU-PRD-0651,Disco Duro Modelo 651,Unidad de almacenamiento externo de alta velocidad - Lote 651,1177.21,108
SKU-PRD-0652,Silla Gamer Modelo 652,Silla ergonómica ajustable con soporte lumbar - Lote 652,3850.3,180
SKU-PRD-0653,Regulador Modelo 653,Protector de voltaje multicontacto para oficina - Lote 653,942.84,71
SKU-PRD-0654,Teclado Modelo 654,Teclado multimedia con iluminación LED - Lote 654,1403.47,181
SKU-PRD-0655,Silla Gamer Modelo 655,Silla ergonómica ajustable con soporte lumbar - Lote 655,3178.46,162
SKU-PRD-0656,Teclado Modelo 656,Teclado multimedia con iluminación LED - Lote 656,1272.13,190
SKU-PRD-0657,Disco Duro Modelo 657,Unidad de almacenamiento externo de alta velocidad - Lote 657,2002.1,185
SKU-PRD-0658,Audífonos Modelo 658,Audífonos estéreo con micrófono y cancelación de ruido - Lote 658,1781.8,134
SKU-PRD-0659,Bocina Bluetooth Modelo 659,Bocina inalámbrica portátil resistente al agua - Lote 659,1236.87,24
SKU-PRD-0660,Laptop Modelo 660,Ordenador portátil con procesador de alta velocidad y SSD - Lote 660,18464.96,166
SKU-PRD-0661,Audífonos Modelo 661,Audífonos estéreo con micrófono y cancelación de ruido - Lote 661,1332.34,199
SKU-PRD-0662,Bocina Bluetooth Modelo 662,Bocina inalámbrica portátil resistente al agua - Lote 662,1176.38,127
SKU-PRD-0663,Tablet Modelo 663,Dispositivo táctil multimedia para estudio y trabajo - Lote 663,4063.04,82
SKU-PRD-0664,Bocina Bluetooth Modelo 664,Bocina inalámbrica portátil resistente al agua - Lote 664,984.7,192
SKU-PRD-0665,Smartwatch Modelo 665,Reloj inteligente deportivo con monitor de salud - Lote 665,1962.99,63
SKU-PRD-0666,Bocina Bluetooth Modelo 666,Bocina inalámbrica portátil resistente al agua - Lote 666,713.91,132
SKU-PRD-0667,Bocina Bluetooth Modelo 667,Bocina inalámbrica portátil resistente al agua - Lote 667,1652.19,159
SKU-PRD-0668,Audífonos Modelo 668,Audífonos estéreo con micrófono y cancelación de ruido - Lote 668,853.92,131
SKU-PRD-0669,Smartphone Modelo 669,Teléfono inteligente con cámara dual y gran batería - Lote 669,7703.68,10
SKU-PRD-0670,Mouse Modelo 670,Mouse óptico ergonómico con conexión USB - Lote 670,719.07,137
SKU-PRD-0671,Audífonos Modelo 671,Audífonos estéreo con micrófono y cancelación de ruido - Lote 671,1088.92,91
SKU-PRD-0672,Memoria USB Modelo 672,Unidad flash portátil de transferencia rápida - Lote 672,403.64,17
SKU-PRD-0673,Mouse Modelo 673,Mouse óptico ergonómico con conexión USB - Lote 673,653.2,160
SKU-PRD-0674,Teclado Modelo 674,Teclado multimedia con iluminación LED - Lote 674,629.33,32
SKU-PRD-0675,Laptop Modelo 675,Ordenador portátil con procesador de alta velocidad y SSD - Lote 675,20217.0,51
SKU-PRD-0676,Monitor Modelo 676,Pantalla LED Full HD con puertos HDMI - Lote 676,6091.39,33
SKU-PRD-0677,Memoria USB Modelo 677,Unidad flash portátil de transferencia rápida - Lote 677,285.23,21
SKU-PRD-0678,Teclado Modelo 678,Teclado multimedia con iluminación LED - Lote 678,616.13,34
SKU-PRD-0679,Disco Duro Modelo 679,Unidad de almacenamiento externo de alta velocidad - Lote 679,1227.41,60
SKU-PRD-0680,Monitor Modelo 680,Pantalla LED Full HD con puertos HDMI - Lote 680,5056.1,12
SKU-PRD-0681,Memoria USB Modelo 681,Unidad flash portátil de transferencia rápida - Lote 681,182.34,42
SKU-PRD-0682,Regulador Modelo 682,Protector de voltaje multicontacto para oficina - Lote 682,695.59,46
SKU-PRD-0683,Audífonos Modelo 683,Audífonos estéreo con micrófono y cancelación de ruido - Lote 683,1237.61,135
SKU-PRD-0684,Smartwatch Modelo 684,Reloj inteligente deportivo con monitor de salud - Lote 684,2399.23,39
SKU-PRD-0685,Smartphone Modelo 685,Teléfono inteligente con cámara dual y gran batería - Lote 685,5377.98,128
SKU-PRD-0686,Smartphone Modelo 686,Teléfono inteligente con cámara dual y gran batería - Lote 686,5892.62,20
SKU-PRD-0687,Bocina Bluetooth Modelo 687,Bocina inalámbrica portátil resistente al agua - Lote 687,483.8,17
SKU-PRD-0688,Tablet Modelo 688,Dispositivo táctil multimedia para estudio y trabajo - Lote 688,5362.25,199
SKU-PRD-0689,Memoria USB Modelo 689,Unidad flash portátil de transferencia rápida - Lote 689,279.3,181
SKU-PRD-0690,Bocina Bluetooth Modelo 690,Bocina inalámbrica portátil resistente al agua - Lote 690,1291.85,71
SKU-PRD-0691,Impresora Modelo 691,Impresora multifuncional a color con Wi-Fi - Lote 691,2942.44,167
SKU-PRD-0692,Smartwatch Modelo 692,Reloj inteligente deportivo con monitor de salud - Lote 692,1568.51,131
SKU-PRD-0693,Silla Gamer Modelo 693,Silla ergonómica ajustable con soporte lumbar - Lote 693,5754.51,129
SKU-PRD-0694,Disco Duro Modelo 694,Unidad de almacenamiento externo de alta velocidad - Lote 694,1159.48,181
SKU-PRD-0695,Monitor Modelo 695,Pantalla LED Full HD con puertos HDMI - Lote 695,3642.28,14
SKU-PRD-0696,Audífonos Modelo 696,Audífonos estéreo con micrófono y cancelación de ruido - Lote 696,1709.43,179
SKU-PRD-0697,Laptop Modelo 697,Ordenador portátil con procesador de alta velocidad y SSD - Lote 697,15251.36,97
SKU-PRD-0698,Tablet Modelo 698,Dispositivo táctil multimedia para estudio y trabajo - Lote 698,5659.61,33
SKU-PRD-0699,Disco Duro Modelo 699,Unidad de almacenamiento externo de alta velocidad - Lote 699,2366.1,61
SKU-PRD-0700,Cable HDMI Modelo 700,Cable de alta definición mallado 4K - Lote 700,266.0,68
SKU-PRD-0701,Monitor Modelo 701,Pantalla LED Full HD con puertos HDMI - Lote 701,5946.09,95
SKU-PRD-0702,Monitor Modelo 702,Pantalla LED Full HD con puertos HDMI - Lote 702,5927.83,105
SKU-PRD-0703,Regulador Modelo 703,Protector de voltaje multicontacto para oficina - Lote 703,598.65,59
SKU-PRD-0704,Audífonos Modelo 704,Audífonos estéreo con micrófono y cancelación de ruido - Lote 704,1121.75,196
SKU-PRD-0705,Silla Gamer Modelo 705,Silla ergonómica ajustable con soporte lumbar - Lote 705,5423.95,37
SKU-PRD-0706,Cable HDMI Modelo 706,Cable de alta definición mallado 4K - Lote 706,259.91,22
SKU-PRD-0707,Impresora Modelo 707,Impresora multifuncional a color con Wi-Fi - Lote 707,3467.83,20
SKU-PRD-0708,Silla Gamer Modelo 708,Silla ergonómica ajustable con soporte lumbar - Lote 708,3720.18,198
SKU-PRD-0709,Silla Gamer Modelo 709,Silla ergonómica ajustable con soporte lumbar - Lote 709,4221.13,161
SKU-PRD-0710,Audífonos Modelo 710,Audífonos estéreo con micrófono y cancelación de ruido - Lote 710,350.14,74
SKU-PRD-0711,Memoria USB Modelo 711,Unidad flash portátil de transferencia rápida - Lote 711,162.33,115
SKU-PRD-0712,Smartphone Modelo 712,Teléfono inteligente con cámara dual y gran batería - Lote 712,11129.7,7
SKU-PRD-0713,Smartphone Modelo 713,Teléfono inteligente con cámara dual y gran batería - Lote 713,9183.47,152
SKU-PRD-0714,Teclado Modelo 714,Teclado multimedia con iluminación LED - Lote 714,502.04,155
SKU-PRD-0715,Audífonos Modelo 715,Audífonos estéreo con micrófono y cancelación de ruido - Lote 715,1137.79,179
SKU-PRD-0716,Smartwatch Modelo 716,Reloj inteligente deportivo con monitor de salud - Lote 716,2029.8,64
SKU-PRD-0717,Monitor Modelo 717,Pantalla LED Full HD con puertos HDMI - Lote 717,2962.59,26
SKU-PRD-0718,Regulador Modelo 718,Protector de voltaje multicontacto para oficina - Lote 718,1002.35,43
SKU-PRD-0719,Memoria USB Modelo 719,Unidad flash portátil de transferencia rápida - Lote 719,570.38,83
SKU-PRD-0720,Teclado Modelo 720,Teclado multimedia con iluminación LED - Lote 720,799.84,42
SKU-PRD-0721,Teclado Modelo 721,Teclado multimedia con iluminación LED - Lote 721,857.81,162
SKU-PRD-0722,Regulador Modelo 722,Protector de voltaje multicontacto para oficina - Lote 722,367.96,21
SKU-PRD-0723,Laptop Modelo 723,Ordenador portátil con procesador de alta velocidad y SSD - Lote 723,15955.94,108
SKU-PRD-0724,Smartphone Modelo 724,Teléfono inteligente con cámara dual y gran batería - Lote 724,10542.15,139
SKU-PRD-0725,Impresora Modelo 725,Impresora multifuncional a color con Wi-Fi - Lote 725,3428.34,199
SKU-PRD-0726,Cable HDMI Modelo 726,Cable de alta definición mallado 4K - Lote 726,285.02,52
SKU-PRD-0727,Laptop Modelo 727,Ordenador portátil con procesador de alta velocidad y SSD - Lote 727,16306.01,128
SKU-PRD-0728,Regulador Modelo 728,Protector de voltaje multicontacto para oficina - Lote 728,571.97,62
SKU-PRD-0729,Regulador Modelo 729,Protector de voltaje multicontacto para oficina - Lote 729,879.68,18
SKU-PRD-0730,Smartphone Modelo 730,Teléfono inteligente con cámara dual y gran batería - Lote 730,9592.7,6
SKU-PRD-0731,Mouse Modelo 731,Mouse óptico ergonómico con conexión USB - Lote 731,578.66,111
SKU-PRD-0732,Silla Gamer Modelo 732,Silla ergonómica ajustable con soporte lumbar - Lote 732,4620.45,67
SKU-PRD-0733,Memoria USB Modelo 733,Unidad flash portátil de transferencia rápida - Lote 733,292.13,140
SKU-PRD-0734,Disco Duro Modelo 734,Unidad de almacenamiento externo de alta velocidad - Lote 734,1721.41,71
SKU-PRD-0735,Memoria USB Modelo 735,Unidad flash portátil de transferencia rápida - Lote 735,333.56,41
SKU-PRD-0736,Silla Gamer Modelo 736,Silla ergonómica ajustable con soporte lumbar - Lote 736,3818.25,156
SKU-PRD-0737,Disco Duro Modelo 737,Unidad de almacenamiento externo de alta velocidad - Lote 737,3380.88,144
SKU-PRD-0738,Mouse Modelo 738,Mouse óptico ergonómico con conexión USB - Lote 738,728.9,77
SKU-PRD-0739,Bocina Bluetooth Modelo 739,Bocina inalámbrica portátil resistente al agua - Lote 739,1299.7,15
SKU-PRD-0740,Smartwatch Modelo 740,Reloj inteligente deportivo con monitor de salud - Lote 740,1490.35,190
SKU-PRD-0741,Teclado Modelo 741,Teclado multimedia con iluminación LED - Lote 741,656.72,90
SKU-PRD-0742,Tablet Modelo 742,Dispositivo táctil multimedia para estudio y trabajo - Lote 742,3213.11,192
SKU-PRD-0743,Memoria USB Modelo 743,Unidad flash portátil de transferencia rápida - Lote 743,111.35,83
SKU-PRD-0744,Cable HDMI Modelo 744,Cable de alta definición mallado 4K - Lote 744,304.86,94
SKU-PRD-0745,Memoria USB Modelo 745,Unidad flash portátil de transferencia rápida - Lote 745,552.01,97
SKU-PRD-0746,Laptop Modelo 746,Ordenador portátil con procesador de alta velocidad y SSD - Lote 746,11892.5,35
SKU-PRD-0747,Silla Gamer Modelo 747,Silla ergonómica ajustable con soporte lumbar - Lote 747,5032.95,104
SKU-PRD-0748,Cable HDMI Modelo 748,Cable de alta definición mallado 4K - Lote 748,328.56,24
SKU-PRD-0749,Impresora Modelo 749,Impresora multifuncional a color con Wi-Fi - Lote 749,4306.07,148
SKU-PRD-0750,Impresora Modelo 750,Impresora multifuncional a color con Wi-Fi - Lote 750,3362.61,186
SKU-PRD-0751,Monitor Modelo 751,Pantalla LED Full HD con puertos HDMI - Lote 751,4016.08,187
SKU-PRD-0752,Regulador Modelo 752,Protector de voltaje multicontacto para oficina - Lote 752,417.79,105
SKU-PRD-0753,Silla Gamer Modelo 753,Silla ergonómica ajustable con soporte lumbar - Lote 753,5680.94,34
SKU-PRD-0754,Monitor Modelo 754,Pantalla LED Full HD con puertos HDMI - Lote 754,5040.25,55
SKU-PRD-0755,Bocina Bluetooth Modelo 755,Bocina inalámbrica portátil resistente al agua - Lote 755,498.68,31
SKU-PRD-0756,Teclado Modelo 756,Teclado multimedia con iluminación LED - Lote 756,1182.88,26
SKU-PRD-0757,Laptop Modelo 757,Ordenador portátil con procesador de alta velocidad y SSD - Lote 757,19388.08,108
SKU-PRD-0758,Audífonos Modelo 758,Audífonos estéreo con micrófono y cancelación de ruido - Lote 758,1726.97,25
SKU-PRD-0759,Laptop Modelo 759,Ordenador portátil con procesador de alta velocidad y SSD - Lote 759,8741.96,191
SKU-PRD-0760,Tablet Modelo 760,Dispositivo táctil multimedia para estudio y trabajo - Lote 760,5761.87,63
SKU-PRD-0761,Smartwatch Modelo 761,Reloj inteligente deportivo con monitor de salud - Lote 761,2233.57,182
SKU-PRD-0762,Disco Duro Modelo 762,Unidad de almacenamiento externo de alta velocidad - Lote 762,1605.87,116
SKU-PRD-0763,Impresora Modelo 763,Impresora multifuncional a color con Wi-Fi - Lote 763,2617.15,79
SKU-PRD-0764,Smartwatch Modelo 764,Reloj inteligente deportivo con monitor de salud - Lote 764,1463.42,53
SKU-PRD-0765,Disco Duro Modelo 765,Unidad de almacenamiento externo de alta velocidad - Lote 765,2078.94,75
SKU-PRD-0766,Audífonos Modelo 766,Audífonos estéreo con micrófono y cancelación de ruido - Lote 766,1462.44,132
SKU-PRD-0767,Bocina Bluetooth Modelo 767,Bocina inalámbrica portátil resistente al agua - Lote 767,1380.89,87
SKU-PRD-0768,Monitor Modelo 768,Pantalla LED Full HD con puertos HDMI - Lote 768,3963.09,44
SKU-PRD-0769,Smartphone Modelo 769,Teléfono inteligente con cámara dual y gran batería - Lote 769,9519.36,63
SKU-PRD-0770,Cable HDMI Modelo 770,Cable de alta definición mallado 4K - Lote 770,143.7,185
SKU-PRD-0771,Memoria USB Modelo 771,Unidad flash portátil de transferencia rápida - Lote 771,169.1,41
SKU-PRD-0772,Laptop Modelo 772,Ordenador portátil con procesador de alta velocidad y SSD - Lote 772,14682.83,66
SKU-PRD-0773,Teclado Modelo 773,Teclado multimedia con iluminación LED - Lote 773,774.13,43
SKU-PRD-0774,Smartwatch Modelo 774,Reloj inteligente deportivo con monitor de salud - Lote 774,1630.79,6
SKU-PRD-0775,Bocina Bluetooth Modelo 775,Bocina inalámbrica portátil resistente al agua - Lote 775,516.01,58
SKU-PRD-0776,Laptop Modelo 776,Ordenador portátil con procesador de alta velocidad y SSD - Lote 776,8953.74,43
SKU-PRD-0777,Monitor Modelo 777,Pantalla LED Full HD con puertos HDMI - Lote 777,5189.08,5
SKU-PRD-0778,Teclado Modelo 778,Teclado multimedia con iluminación LED - Lote 778,705.0,192
SKU-PRD-0779,Laptop Modelo 779,Ordenador portátil con procesador de alta velocidad y SSD - Lote 779,13626.93,69
SKU-PRD-0780,Regulador Modelo 780,Protector de voltaje multicontacto para oficina - Lote 780,884.64,7
SKU-PRD-0781,Silla Gamer Modelo 781,Silla ergonómica ajustable con soporte lumbar - Lote 781,5455.99,167
SKU-PRD-0782,Memoria USB Modelo 782,Unidad flash portátil de transferencia rápida - Lote 782,289.38,168
SKU-PRD-0783,Regulador Modelo 783,Protector de voltaje multicontacto para oficina - Lote 783,796.94,177
SKU-PRD-0784,Smartphone Modelo 784,Teléfono inteligente con cámara dual y gran batería - Lote 784,5804.84,133
SKU-PRD-0785,Bocina Bluetooth Modelo 785,Bocina inalámbrica portátil resistente al agua - Lote 785,1100.42,98
SKU-PRD-0786,Impresora Modelo 786,Impresora multifuncional a color con Wi-Fi - Lote 786,2642.48,200
SKU-PRD-0787,Monitor Modelo 787,Pantalla LED Full HD con puertos HDMI - Lote 787,2369.76,165
SKU-PRD-0788,Audífonos Modelo 788,Audífonos estéreo con micrófono y cancelación de ruido - Lote 788,1723.28,150
SKU-PRD-0789,Memoria USB Modelo 789,Unidad flash portátil de transferencia rápida - Lote 789,596.55,26
SKU-PRD-0790,Bocina Bluetooth Modelo 790,Bocina inalámbrica portátil resistente al agua - Lote 790,854.53,16
SKU-PRD-0791,Impresora Modelo 791,Impresora multifuncional a color con Wi-Fi - Lote 791,2439.57,90
SKU-PRD-0792,Monitor Modelo 792,Pantalla LED Full HD con puertos HDMI - Lote 792,6118.94,121
SKU-PRD-0793,Memoria USB Modelo 793,Unidad flash portátil de transferencia rápida - Lote 793,577.5,118
SKU-PRD-0794,Monitor Modelo 794,Pantalla LED Full HD con puertos HDMI - Lote 794,3315.89,92
SKU-PRD-0795,Disco Duro Modelo 795,Unidad de almacenamiento externo de alta velocidad - Lote 795,3421.25,169
SKU-PRD-0796,Disco Duro Modelo 796,Unidad de almacenamiento externo de alta velocidad - Lote 796,3373.86,159
SKU-PRD-0797,Smartphone Modelo 797,Teléfono inteligente con cámara dual y gran batería - Lote 797,9380.52,72
SKU-PRD-0798,Mouse Modelo 798,Mouse óptico ergonómico con conexión USB - Lote 798,323.07,78
SKU-PRD-0799,Tablet Modelo 799,Dispositivo táctil multimedia para estudio y trabajo - Lote 799,3227.34,5
SKU-PRD-0800,Audífonos Modelo 800,Audífonos estéreo con micrófono y cancelación de ruido - Lote 800,904.08,20
SKU-PRD-0801,Regulador Modelo 801,Protector de voltaje multicontacto para oficina - Lote 801,1085.38,181
SKU-PRD-0802,Teclado Modelo 802,Teclado multimedia con iluminación LED - Lote 802,308.58,141
SKU-PRD-0803,Regulador Modelo 803,Protector de voltaje multicontacto para oficina - Lote 803,646.75,54
SKU-PRD-0804,Bocina Bluetooth Modelo 804,Bocina inalámbrica portátil resistente al agua - Lote 804,981.87,119
SKU-PRD-0805,Audífonos Modelo 805,Audífonos estéreo con micrófono y cancelación de ruido - Lote 805,597.47,166
SKU-PRD-0806,Smartphone Modelo 806,Teléfono inteligente con cámara dual y gran batería - Lote 806,4067.33,56
SKU-PRD-0807,Cable HDMI Modelo 807,Cable de alta definición mallado 4K - Lote 807,303.27,146
SKU-PRD-0808,Impresora Modelo 808,Impresora multifuncional a color con Wi-Fi - Lote 808,4279.54,103
SKU-PRD-0809,Regulador Modelo 809,Protector de voltaje multicontacto para oficina - Lote 809,676.3,192
SKU-PRD-0810,Laptop Modelo 810,Ordenador portátil con procesador de alta velocidad y SSD - Lote 810,17136.45,96
SKU-PRD-0811,Tablet Modelo 811,Dispositivo táctil multimedia para estudio y trabajo - Lote 811,4921.99,186
SKU-PRD-0812,Bocina Bluetooth Modelo 812,Bocina inalámbrica portátil resistente al agua - Lote 812,1744.68,40
SKU-PRD-0813,Smartwatch Modelo 813,Reloj inteligente deportivo con monitor de salud - Lote 813,635.03,130
SKU-PRD-0814,Smartphone Modelo 814,Teléfono inteligente con cámara dual y gran batería - Lote 814,9136.38,80
SKU-PRD-0815,Smartphone Modelo 815,Teléfono inteligente con cámara dual y gran batería - Lote 815,11831.07,119
SKU-PRD-0816,Mouse Modelo 816,Mouse óptico ergonómico con conexión USB - Lote 816,646.84,130
SKU-PRD-0817,Regulador Modelo 817,Protector de voltaje multicontacto para oficina - Lote 817,698.74,63
SKU-PRD-0818,Disco Duro Modelo 818,Unidad de almacenamiento externo de alta velocidad - Lote 818,1042.57,71
SKU-PRD-0819,Monitor Modelo 819,Pantalla LED Full HD con puertos HDMI - Lote 819,6170.82,28
SKU-PRD-0820,Regulador Modelo 820,Protector de voltaje multicontacto para oficina - Lote 820,930.69,152
SKU-PRD-0821,Mouse Modelo 821,Mouse óptico ergonómico con conexión USB - Lote 821,573.54,15
SKU-PRD-0822,Impresora Modelo 822,Impresora multifuncional a color con Wi-Fi - Lote 822,3723.83,132
SKU-PRD-0823,Regulador Modelo 823,Protector de voltaje multicontacto para oficina - Lote 823,1015.84,81
SKU-PRD-0824,Disco Duro Modelo 824,Unidad de almacenamiento externo de alta velocidad - Lote 824,1104.59,169
SKU-PRD-0825,Laptop Modelo 825,Ordenador portátil con procesador de alta velocidad y SSD - Lote 825,22539.44,104
SKU-PRD-0826,Smartphone Modelo 826,Teléfono inteligente con cámara dual y gran batería - Lote 826,9402.75,96
SKU-PRD-0827,Impresora Modelo 827,Impresora multifuncional a color con Wi-Fi - Lote 827,1874.63,168
SKU-PRD-0828,Smartphone Modelo 828,Teléfono inteligente con cámara dual y gran batería - Lote 828,5684.0,92
SKU-PRD-0829,Monitor Modelo 829,Pantalla LED Full HD con puertos HDMI - Lote 829,3976.93,117
SKU-PRD-0830,Audífonos Modelo 830,Audífonos estéreo con micrófono y cancelación de ruido - Lote 830,1029.63,127
SKU-PRD-0831,Laptop Modelo 831,Ordenador portátil con procesador de alta velocidad y SSD - Lote 831,20613.58,154
SKU-PRD-0832,Disco Duro Modelo 832,Unidad de almacenamiento externo de alta velocidad - Lote 832,1627.46,35
SKU-PRD-0833,Bocina Bluetooth Modelo 833,Bocina inalámbrica portátil resistente al agua - Lote 833,1209.92,60
SKU-PRD-0834,Audífonos Modelo 834,Audífonos estéreo con micrófono y cancelación de ruido - Lote 834,1764.44,27
SKU-PRD-0835,Mouse Modelo 835,Mouse óptico ergonómico con conexión USB - Lote 835,805.74,104
SKU-PRD-0836,Smartwatch Modelo 836,Reloj inteligente deportivo con monitor de salud - Lote 836,1661.83,91
SKU-PRD-0837,Memoria USB Modelo 837,Unidad flash portátil de transferencia rápida - Lote 837,125.28,73
SKU-PRD-0838,Teclado Modelo 838,Teclado multimedia con iluminación LED - Lote 838,409.9,25
SKU-PRD-0839,Regulador Modelo 839,Protector de voltaje multicontacto para oficina - Lote 839,1088.2,53
SKU-PRD-0840,Tablet Modelo 840,Dispositivo táctil multimedia para estudio y trabajo - Lote 840,5482.72,131
SKU-PRD-0841,Disco Duro Modelo 841,Unidad de almacenamiento externo de alta velocidad - Lote 841,2200.17,73
SKU-PRD-0842,Teclado Modelo 842,Teclado multimedia con iluminación LED - Lote 842,651.09,65
SKU-PRD-0843,Regulador Modelo 843,Protector de voltaje multicontacto para oficina - Lote 843,808.2,49
SKU-PRD-0844,Laptop Modelo 844,Ordenador portátil con procesador de alta velocidad y SSD - Lote 844,8361.4,23
SKU-PRD-0845,Monitor Modelo 845,Pantalla LED Full HD con puertos HDMI - Lote 845,5854.74,91
SKU-PRD-0846,Tablet Modelo 846,Dispositivo táctil multimedia para estudio y trabajo - Lote 846,3705.59,114
SKU-PRD-0847,Tablet Modelo 847,Dispositivo táctil multimedia para estudio y trabajo - Lote 847,3815.56,171
SKU-PRD-0848,Silla Gamer Modelo 848,Silla ergonómica ajustable con soporte lumbar - Lote 848,5981.17,126
SKU-PRD-0849,Cable HDMI Modelo 849,Cable de alta definición mallado 4K - Lote 849,273.37,98
SKU-PRD-0850,Audífonos Modelo 850,Audífonos estéreo con micrófono y cancelación de ruido - Lote 850,1729.22,117
SKU-PRD-0851,Monitor Modelo 851,Pantalla LED Full HD con puertos HDMI - Lote 851,5083.21,43
SKU-PRD-0852,Silla Gamer Modelo 852,Silla ergonómica ajustable con soporte lumbar - Lote 852,3239.1,160
SKU-PRD-0853,Silla Gamer Modelo 853,Silla ergonómica ajustable con soporte lumbar - Lote 853,2674.12,69
SKU-PRD-0854,Laptop Modelo 854,Ordenador portátil con procesador de alta velocidad y SSD - Lote 854,23407.98,7
SKU-PRD-0855,Regulador Modelo 855,Protector de voltaje multicontacto para oficina - Lote 855,1103.05,92
SKU-PRD-0856,Laptop Modelo 856,Ordenador portátil con procesador de alta velocidad y SSD - Lote 856,8574.49,121
SKU-PRD-0857,Cable HDMI Modelo 857,Cable de alta definición mallado 4K - Lote 857,127.04,61
SKU-PRD-0858,Memoria USB Modelo 858,Unidad flash portátil de transferencia rápida - Lote 858,232.98,111
SKU-PRD-0859,Monitor Modelo 859,Pantalla LED Full HD con puertos HDMI - Lote 859,2172.92,145
SKU-PRD-0860,Tablet Modelo 860,Dispositivo táctil multimedia para estudio y trabajo - Lote 860,3310.43,165
SKU-PRD-0861,Smartwatch Modelo 861,Reloj inteligente deportivo con monitor de salud - Lote 861,961.31,196
SKU-PRD-0862,Silla Gamer Modelo 862,Silla ergonómica ajustable con soporte lumbar - Lote 862,4346.13,78
SKU-PRD-0863,Smartphone Modelo 863,Teléfono inteligente con cámara dual y gran batería - Lote 863,8658.13,58
SKU-PRD-0864,Regulador Modelo 864,Protector de voltaje multicontacto para oficina - Lote 864,1107.06,55
SKU-PRD-0865,Mouse Modelo 865,Mouse óptico ergonómico con conexión USB - Lote 865,341.03,65
SKU-PRD-0866,Impresora Modelo 866,Impresora multifuncional a color con Wi-Fi - Lote 866,1838.15,132
SKU-PRD-0867,Silla Gamer Modelo 867,Silla ergonómica ajustable con soporte lumbar - Lote 867,5317.91,165
SKU-PRD-0868,Tablet Modelo 868,Dispositivo táctil multimedia para estudio y trabajo - Lote 868,5787.09,193
SKU-PRD-0869,Disco Duro Modelo 869,Unidad de almacenamiento externo de alta velocidad - Lote 869,1541.27,107
SKU-PRD-0870,Monitor Modelo 870,Pantalla LED Full HD con puertos HDMI - Lote 870,6225.12,53
SKU-PRD-0871,Bocina Bluetooth Modelo 871,Bocina inalámbrica portátil resistente al agua - Lote 871,826.69,114
SKU-PRD-0872,Bocina Bluetooth Modelo 872,Bocina inalámbrica portátil resistente al agua - Lote 872,424.67,111
SKU-PRD-0873,Impresora Modelo 873,Impresora multifuncional a color con Wi-Fi - Lote 873,4390.09,19
SKU-PRD-0874,Cable HDMI Modelo 874,Cable de alta definición mallado 4K - Lote 874,178.78,178
SKU-PRD-0875,Impresora Modelo 875,Impresora multifuncional a color con Wi-Fi - Lote 875,2084.04,122
SKU-PRD-0876,Disco Duro Modelo 876,Unidad de almacenamiento externo de alta velocidad - Lote 876,3180.24,131
SKU-PRD-0877,Smartwatch Modelo 877,Reloj inteligente deportivo con monitor de salud - Lote 877,1334.19,12
SKU-PRD-0878,Impresora Modelo 878,Impresora multifuncional a color con Wi-Fi - Lote 878,3063.42,157
SKU-PRD-0879,Smartwatch Modelo 879,Reloj inteligente deportivo con monitor de salud - Lote 879,2210.54,177
SKU-PRD-0880,Cable HDMI Modelo 880,Cable de alta definición mallado 4K - Lote 880,103.48,66
SKU-PRD-0881,Memoria USB Modelo 881,Unidad flash portátil de transferencia rápida - Lote 881,198.08,84
SKU-PRD-0882,Mouse Modelo 882,Mouse óptico ergonómico con conexión USB - Lote 882,232.09,158
SKU-PRD-0883,Mouse Modelo 883,Mouse óptico ergonómico con conexión USB - Lote 883,717.79,194
SKU-PRD-0884,Silla Gamer Modelo 884,Silla ergonómica ajustable con soporte lumbar - Lote 884,4883.92,116
SKU-PRD-0885,Regulador Modelo 885,Protector de voltaje multicontacto para oficina - Lote 885,705.05,30
SKU-PRD-0886,Monitor Modelo 886,Pantalla LED Full HD con puertos HDMI - Lote 886,2498.55,25
SKU-PRD-0887,Teclado Modelo 887,Teclado multimedia con iluminación LED - Lote 887,1148.13,51
SKU-PRD-0888,Audífonos Modelo 888,Audífonos estéreo con micrófono y cancelación de ruido - Lote 888,657.39,41
SKU-PRD-0889,Laptop Modelo 889,Ordenador portátil con procesador de alta velocidad y SSD - Lote 889,16528.51,147
SKU-PRD-0890,Disco Duro Modelo 890,Unidad de almacenamiento externo de alta velocidad - Lote 890,2959.46,175
SKU-PRD-0891,Bocina Bluetooth Modelo 891,Bocina inalámbrica portátil resistente al agua - Lote 891,1625.93,200
SKU-PRD-0892,Teclado Modelo 892,Teclado multimedia con iluminación LED - Lote 892,921.63,125
SKU-PRD-0893,Tablet Modelo 893,Dispositivo táctil multimedia para estudio y trabajo - Lote 893,3354.08,115
SKU-PRD-0894,Regulador Modelo 894,Protector de voltaje multicontacto para oficina - Lote 894,418.11,45
SKU-PRD-0895,Smartphone Modelo 895,Teléfono inteligente con cámara dual y gran batería - Lote 895,9576.87,69
SKU-PRD-0896,Mouse Modelo 896,Mouse óptico ergonómico con conexión USB - Lote 896,160.12,146
SKU-PRD-0897,Laptop Modelo 897,Ordenador portátil con procesador de alta velocidad y SSD - Lote 897,18578.14,62
SKU-PRD-0898,Silla Gamer Modelo 898,Silla ergonómica ajustable con soporte lumbar - Lote 898,4149.92,11
SKU-PRD-0899,Smartwatch Modelo 899,Reloj inteligente deportivo con monitor de salud - Lote 899,1249.67,115
SKU-PRD-0900,Cable HDMI Modelo 900,Cable de alta definición mallado 4K - Lote 900,309.71,117
SKU-PRD-0901,Silla Gamer Modelo 901,Silla ergonómica ajustable con soporte lumbar - Lote 901,3078.98,21
SKU-PRD-0902,Disco Duro Modelo 902,Unidad de almacenamiento externo de alta velocidad - Lote 902,1651.08,192
SKU-PRD-0903,Smartwatch Modelo 903,Reloj inteligente deportivo con monitor de salud - Lote 903,741.11,128
SKU-PRD-0904,Tablet Modelo 904,Dispositivo táctil multimedia para estudio y trabajo - Lote 904,3804.74,143
SKU-PRD-0905,Silla Gamer Modelo 905,Silla ergonómica ajustable con soporte lumbar - Lote 905,4611.26,154
SKU-PRD-0906,Impresora Modelo 906,Impresora multifuncional a color con Wi-Fi - Lote 906,1827.55,128
SKU-PRD-0907,Cable HDMI Modelo 907,Cable de alta definición mallado 4K - Lote 907,174.03,22
SKU-PRD-0908,Memoria USB Modelo 908,Unidad flash portátil de transferencia rápida - Lote 908,111.63,41
SKU-PRD-0909,Tablet Modelo 909,Dispositivo táctil multimedia para estudio y trabajo - Lote 909,6655.89,121
SKU-PRD-0910,Memoria USB Modelo 910,Unidad flash portátil de transferencia rápida - Lote 910,354.92,195
SKU-PRD-0911,Laptop Modelo 911,Ordenador portátil con procesador de alta velocidad y SSD - Lote 911,11709.41,172
SKU-PRD-0912,Silla Gamer Modelo 912,Silla ergonómica ajustable con soporte lumbar - Lote 912,5137.44,198
SKU-PRD-0913,Regulador Modelo 913,Protector de voltaje multicontacto para oficina - Lote 913,896.32,128
SKU-PRD-0914,Mouse Modelo 914,Mouse óptico ergonómico con conexión USB - Lote 914,325.83,107
SKU-PRD-0915,Laptop Modelo 915,Ordenador portátil con procesador de alta velocidad y SSD - Lote 915,14524.81,189
SKU-PRD-0916,Cable HDMI Modelo 916,Cable de alta definición mallado 4K - Lote 916,113.75,86
SKU-PRD-0917,Impresora Modelo 917,Impresora multifuncional a color con Wi-Fi - Lote 917,4146.26,115
SKU-PRD-0918,Impresora Modelo 918,Impresora multifuncional a color con Wi-Fi - Lote 918,4386.38,119
SKU-PRD-0919,Silla Gamer Modelo 919,Silla ergonómica ajustable con soporte lumbar - Lote 919,3715.12,156
SKU-PRD-0920,Smartwatch Modelo 920,Reloj inteligente deportivo con monitor de salud - Lote 920,1780.66,178
SKU-PRD-0921,Monitor Modelo 921,Pantalla LED Full HD con puertos HDMI - Lote 921,4578.8,69
SKU-PRD-0922,Smartphone Modelo 922,Teléfono inteligente con cámara dual y gran batería - Lote 922,4444.59,65
SKU-PRD-0923,Cable HDMI Modelo 923,Cable de alta definición mallado 4K - Lote 923,140.96,19
SKU-PRD-0924,Silla Gamer Modelo 924,Silla ergonómica ajustable con soporte lumbar - Lote 924,5913.48,78
SKU-PRD-0925,Silla Gamer Modelo 925,Silla ergonómica ajustable con soporte lumbar - Lote 925,3500.51,120
SKU-PRD-0926,Memoria USB Modelo 926,Unidad flash portátil de transferencia rápida - Lote 926,287.69,102
SKU-PRD-0927,Regulador Modelo 927,Protector de voltaje multicontacto para oficina - Lote 927,815.27,117
SKU-PRD-0928,Regulador Modelo 928,Protector de voltaje multicontacto para oficina - Lote 928,959.63,8
SKU-PRD-0929,Bocina Bluetooth Modelo 929,Bocina inalámbrica portátil resistente al agua - Lote 929,1656.89,139
SKU-PRD-0930,Tablet Modelo 930,Dispositivo táctil multimedia para estudio y trabajo - Lote 930,3334.94,183
SKU-PRD-0931,Disco Duro Modelo 931,Unidad de almacenamiento externo de alta velocidad - Lote 931,1691.39,118
SKU-PRD-0932,Audífonos Modelo 932,Audífonos estéreo con micrófono y cancelación de ruido - Lote 932,411.99,113
SKU-PRD-0933,Disco Duro Modelo 933,Unidad de almacenamiento externo de alta velocidad - Lote 933,1890.17,109
SKU-PRD-0934,Monitor Modelo 934,Pantalla LED Full HD con puertos HDMI - Lote 934,3271.4,86
SKU-PRD-0935,Smartphone Modelo 935,Teléfono inteligente con cámara dual y gran batería - Lote 935,6892.95,125
SKU-PRD-0936,Bocina Bluetooth Modelo 936,Bocina inalámbrica portátil resistente al agua - Lote 936,891.92,79
SKU-PRD-0937,Audífonos Modelo 937,Audífonos estéreo con micrófono y cancelación de ruido - Lote 937,1681.48,190
SKU-PRD-0938,Regulador Modelo 938,Protector de voltaje multicontacto para oficina - Lote 938,580.32,182
SKU-PRD-0939,Disco Duro Modelo 939,Unidad de almacenamiento externo de alta velocidad - Lote 939,1967.78,138
SKU-PRD-0940,Disco Duro Modelo 940,Unidad de almacenamiento externo de alta velocidad - Lote 940,1332.32,89
SKU-PRD-0941,Bocina Bluetooth Modelo 941,Bocina inalámbrica portátil resistente al agua - Lote 941,1513.3,143
SKU-PRD-0942,Smartwatch Modelo 942,Reloj inteligente deportivo con monitor de salud - Lote 942,1467.65,28
SKU-PRD-0943,Smartwatch Modelo 943,Reloj inteligente deportivo con monitor de salud - Lote 943,1866.58,13
SKU-PRD-0944,Audífonos Modelo 944,Audífonos estéreo con micrófono y cancelación de ruido - Lote 944,783.2,6
SKU-PRD-0945,Impresora Modelo 945,Impresora multifuncional a color con Wi-Fi - Lote 945,2009.15,196
SKU-PRD-0946,Memoria USB Modelo 946,Unidad flash portátil de transferencia rápida - Lote 946,410.74,108
SKU-PRD-0947,Memoria USB Modelo 947,Unidad flash portátil de transferencia rápida - Lote 947,168.24,59
SKU-PRD-0948,Tablet Modelo 948,Dispositivo táctil multimedia para estudio y trabajo - Lote 948,6545.09,38
SKU-PRD-0949,Monitor Modelo 949,Pantalla LED Full HD con puertos HDMI - Lote 949,4545.44,38
SKU-PRD-0950,Regulador Modelo 950,Protector de voltaje multicontacto para oficina - Lote 950,1057.14,180
SKU-PRD-0951,Memoria USB Modelo 951,Unidad flash portátil de transferencia rápida - Lote 951,443.28,41
SKU-PRD-0952,Regulador Modelo 952,Protector de voltaje multicontacto para oficina - Lote 952,374.53,34
SKU-PRD-0953,Mouse Modelo 953,Mouse óptico ergonómico con conexión USB - Lote 953,824.06,194
SKU-PRD-0954,Disco Duro Modelo 954,Unidad de almacenamiento externo de alta velocidad - Lote 954,2026.56,118
SKU-PRD-0955,Tablet Modelo 955,Dispositivo táctil multimedia para estudio y trabajo - Lote 955,6324.55,140
SKU-PRD-0956,Monitor Modelo 956,Pantalla LED Full HD con puertos HDMI - Lote 956,4990.2,26
SKU-PRD-0957,Smartwatch Modelo 957,Reloj inteligente deportivo con monitor de salud - Lote 957,2054.98,164
SKU-PRD-0958,Memoria USB Modelo 958,Unidad flash portátil de transferencia rápida - Lote 958,406.51,125
SKU-PRD-0959,Memoria USB Modelo 959,Unidad flash portátil de transferencia rápida - Lote 959,354.38,72
SKU-PRD-0960,Disco Duro Modelo 960,Unidad de almacenamiento externo de alta velocidad - Lote 960,3371.4,115
SKU-PRD-0961,Audífonos Modelo 961,Audífonos estéreo con micrófono y cancelación de ruido - Lote 961,720.89,27
SKU-PRD-0962,Disco Duro Modelo 962,Unidad de almacenamiento externo de alta velocidad - Lote 962,1375.98,21
SKU-PRD-0963,Bocina Bluetooth Modelo 963,Bocina inalámbrica portátil resistente al agua - Lote 963,754.74,104
SKU-PRD-0964,Laptop Modelo 964,Ordenador portátil con procesador de alta velocidad y SSD - Lote 964,15188.24,68
SKU-PRD-0965,Laptop Modelo 965,Ordenador portátil con procesador de alta velocidad y SSD - Lote 965,15020.72,164
SKU-PRD-0966,Regulador Modelo 966,Protector de voltaje multicontacto para oficina - Lote 966,967.62,57
SKU-PRD-0967,Impresora Modelo 967,Impresora multifuncional a color con Wi-Fi - Lote 967,3751.35,64
SKU-PRD-0968,Monitor Modelo 968,Pantalla LED Full HD con puertos HDMI - Lote 968,5755.82,53
SKU-PRD-0969,Mouse Modelo 969,Mouse óptico ergonómico con conexión USB - Lote 969,639.57,177
SKU-PRD-0970,Monitor Modelo 970,Pantalla LED Full HD con puertos HDMI - Lote 970,3211.81,173
SKU-PRD-0971,Teclado Modelo 971,Teclado multimedia con iluminación LED - Lote 971,963.68,190
SKU-PRD-0972,Mouse Modelo 972,Mouse óptico ergonómico con conexión USB - Lote 972,194.32,61
SKU-PRD-0973,Tablet Modelo 973,Dispositivo táctil multimedia para estudio y trabajo - Lote 973,2640.66,72
SKU-PRD-0974,Tablet Modelo 974,Dispositivo táctil multimedia para estudio y trabajo - Lote 974,2780.09,126
SKU-PRD-0975,Silla Gamer Modelo 975,Silla ergonómica ajustable con soporte lumbar - Lote 975,4590.69,16
SKU-PRD-0976,Audífonos Modelo 976,Audífonos estéreo con micrófono y cancelación de ruido - Lote 976,599.25,9
SKU-PRD-0977,Regulador Modelo 977,Protector de voltaje multicontacto para oficina - Lote 977,942.92,187
SKU-PRD-0978,Silla Gamer Modelo 978,Silla ergonómica ajustable con soporte lumbar - Lote 978,3356.0,9
SKU-PRD-0979,Monitor Modelo 979,Pantalla LED Full HD con puertos HDMI - Lote 979,3314.91,144
SKU-PRD-0980,Mouse Modelo 980,Mouse óptico ergonómico con conexión USB - Lote 980,253.83,167
SKU-PRD-0981,Smartphone Modelo 981,Teléfono inteligente con cámara dual y gran batería - Lote 981,9879.39,162
SKU-PRD-0982,Cable HDMI Modelo 982,Cable de alta definición mallado 4K - Lote 982,250.01,177
SKU-PRD-0983,Tablet Modelo 983,Dispositivo táctil multimedia para estudio y trabajo - Lote 983,3519.05,43
SKU-PRD-0984,Cable HDMI Modelo 984,Cable de alta definición mallado 4K - Lote 984,309.89,153
SKU-PRD-0985,Smartwatch Modelo 985,Reloj inteligente deportivo con monitor de salud - Lote 985,1436.26,116
SKU-PRD-0986,Teclado Modelo 986,Teclado multimedia con iluminación LED - Lote 986,1047.19,34
SKU-PRD-0987,Laptop Modelo 987,Ordenador portátil con procesador de alta velocidad y SSD - Lote 987,18122.6,29
SKU-PRD-0988,Smartphone Modelo 988,Teléfono inteligente con cámara dual y gran batería - Lote 988,11352.4,97
SKU-PRD-0989,Smartphone Modelo 989,Teléfono inteligente con cámara dual y gran batería - Lote 989,7164.04,108
SKU-PRD-0990,Impresora Modelo 990,Impresora multifuncional a color con Wi-Fi - Lote 990,2574.79,167
SKU-PRD-0991,Silla Gamer Modelo 991,Silla ergonómica ajustable con soporte lumbar - Lote 991,4533.84,127
SKU-PRD-0992,Laptop Modelo 992,Ordenador portátil con procesador de alta velocidad y SSD - Lote 992,11820.04,191
SKU-PRD-0993,Tablet Modelo 993,Dispositivo táctil multimedia para estudio y trabajo - Lote 993,2250.16,54
SKU-PRD-0994,Smartphone Modelo 994,Teléfono inteligente con cámara dual y gran batería - Lote 994,5661.13,170
SKU-PRD-0995,Bocina Bluetooth Modelo 995,Bocina inalámbrica portátil resistente al agua - Lote 995,1669.88,57
SKU-PRD-0996,Bocina Bluetooth Modelo 996,Bocina inalámbrica portátil resistente al agua - Lote 996,1866.15,93
SKU-PRD-0997,Monitor Modelo 997,Pantalla LED Full HD con puertos HDMI - Lote 997,2403.62,125
SKU-PRD-0998,Memoria USB Modelo 998,Unidad flash portátil de transferencia rápida - Lote 998,373.54,129
SKU-PRD-0999,Mouse Modelo 999,Mouse óptico ergonómico con conexión USB - Lote 999,622.82,189
SKU-PRD-1000,Smartphone Modelo 1000,Teléfono inteligente con cámara dual y gran batería - Lote 1000,7580.75,80
SKU-PRD-1001,Monitor Modelo 1001,Pantalla LED Full HD con puertos HDMI - Lote 1001,6142.29,96
SKU-PRD-1002,Silla Gamer Modelo 1002,Silla ergonómica ajustable con soporte lumbar - Lote 1002,3486.33,71
SKU-PRD-1003,Tablet Modelo 1003,Dispositivo táctil multimedia para estudio y trabajo - Lote 1003,2653.04,135
SKU-PRD-1004,Cable HDMI Modelo 1004,Cable de alta definición mallado 4K - Lote 1004,153.47,8
SKU-PRD-1005,Silla Gamer Modelo 1005,Silla ergonómica ajustable con soporte lumbar - Lote 1005,2928.68,184
SKU-PRD-1006,Bocina Bluetooth Modelo 1006,Bocina inalámbrica portátil resistente al agua - Lote 1006,764.56,45
SKU-PRD-1007,Memoria USB Modelo 1007,Unidad flash portátil de transferencia rápida - Lote 1007,310.02,58
SKU-PRD-1008,Impresora Modelo 1008,Impresora multifuncional a color con Wi-Fi - Lote 1008,3058.89,179
SKU-PRD-1009,Cable HDMI Modelo 1009,Cable de alta definición mallado 4K - Lote 1009,102.29,193
SKU-PRD-1010,Smartwatch Modelo 1010,Reloj inteligente deportivo con monitor de salud - Lote 1010,1732.05,198
SKU-PRD-1011,Impresora Modelo 1011,Impresora multifuncional a color con Wi-Fi - Lote 1011,4212.38,135
SKU-PRD-1012,Disco Duro Modelo 1012,Unidad de almacenamiento externo de alta velocidad - Lote 1012,2541.58,96
SKU-PRD-1013,Cable HDMI Modelo 1013,Cable de alta definición mallado 4K - Lote 1013,183.55,150
SKU-PRD-1014,Impresora Modelo 1014,Impresora multifuncional a color con Wi-Fi - Lote 1014,4213.04,137
SKU-PRD-1015,Tablet Modelo 1015,Dispositivo táctil multimedia para estudio y trabajo - Lote 1015,4419.8,172
SKU-PRD-1016,Mouse Modelo 1016,Mouse óptico ergonómico con conexión USB - Lote 1016,628.53,74
SKU-PRD-1017,Smartphone Modelo 1017,Teléfono inteligente con cámara dual y gran batería - Lote 1017,3881.9,40
SKU-PRD-1018,Disco Duro Modelo 1018,Unidad de almacenamiento externo de alta velocidad - Lote 1018,2380.18,92
SKU-PRD-1019,Teclado Modelo 1019,Teclado multimedia con iluminación LED - Lote 1019,480.09,166
SKU-PRD-1020,Memoria USB Modelo 1020,Unidad flash portátil de transferencia rápida - Lote 1020,435.62,122
SKU-PRD-1021,Memoria USB Modelo 1021,Unidad flash portátil de transferencia rápida - Lote 1021,327.01,36
SKU-PRD-1022,Laptop Modelo 1022,Ordenador portátil con procesador de alta velocidad y SSD - Lote 1022,22529.76,107
SKU-PRD-1023,Smartphone Modelo 1023,Teléfono inteligente con cámara dual y gran batería - Lote 1023,3763.0,95
SKU-PRD-1024,Teclado Modelo 1024,Teclado multimedia con iluminación LED - Lote 1024,340.12,8
SKU-PRD-1025,Silla Gamer Modelo 1025,Silla ergonómica ajustable con soporte lumbar - Lote 1025,4462.05,188
SKU-PRD-1026,Monitor Modelo 1026,Pantalla LED Full HD con puertos HDMI - Lote 1026,6436.79,78
SKU-PRD-1027,Tablet Modelo 1027,Dispositivo táctil multimedia para estudio y trabajo - Lote 1027,6468.69,131
SKU-PRD-1028,Bocina Bluetooth Modelo 1028,Bocina inalámbrica portátil resistente al agua - Lote 1028,725.71,139
SKU-PRD-1029,Tablet Modelo 1029,Dispositivo táctil multimedia para estudio y trabajo - Lote 1029,3248.3,9
SKU-PRD-1030,Monitor Modelo 1030,Pantalla LED Full HD con puertos HDMI - Lote 1030,2712.28,146
SKU-PRD-1031,Silla Gamer Modelo 1031,Silla ergonómica ajustable con soporte lumbar - Lote 1031,3165.1,132
SKU-PRD-1032,Silla Gamer Modelo 1032,Silla ergonómica ajustable con soporte lumbar - Lote 1032,5658.03,33
SKU-PRD-1033,Bocina Bluetooth Modelo 1033,Bocina inalámbrica portátil resistente al agua - Lote 1033,463.47,75
SKU-PRD-1034,Smartphone Modelo 1034,Teléfono inteligente con cámara dual y gran batería - Lote 1034,11453.6,49
SKU-PRD-1035,Impresora Modelo 1035,Impresora multifuncional a color con Wi-Fi - Lote 1035,2935.83,168
SKU-PRD-1036,Bocina Bluetooth Modelo 1036,Bocina inalámbrica portátil resistente al agua - Lote 1036,1086.0,189
SKU-PRD-1037,Monitor Modelo 1037,Pantalla LED Full HD con puertos HDMI - Lote 1037,5119.61,146
SKU-PRD-1038,Disco Duro Modelo 1038,Unidad de almacenamiento externo de alta velocidad - Lote 1038,3015.83,94
SKU-PRD-1039,Audífonos Modelo 1039,Audífonos estéreo con micrófono y cancelación de ruido - Lote 1039,1237.82,38
SKU-PRD-1040,Smartwatch Modelo 1040,Reloj inteligente deportivo con monitor de salud - Lote 1040,2231.55,112
SKU-PRD-1041,Mouse Modelo 1041,Mouse óptico ergonómico con conexión USB - Lote 1041,794.75,55
SKU-PRD-1042,Regulador Modelo 1042,Protector de voltaje multicontacto para oficina - Lote 1042,728.2,125
SKU-PRD-1043,Laptop Modelo 1043,Ordenador portátil con procesador de alta velocidad y SSD - Lote 1043,21295.36,172
SKU-PRD-1044,Regulador Modelo 1044,Protector de voltaje multicontacto para oficina - Lote 1044,1184.04,43
SKU-PRD-1045,Disco Duro Modelo 1045,Unidad de almacenamiento externo de alta velocidad - Lote 1045,3100.18,97
SKU-PRD-1046,Regulador Modelo 1046,Protector de voltaje multicontacto para oficina - Lote 1046,454.16,166
SKU-PRD-1047,Laptop Modelo 1047,Ordenador portátil con procesador de alta velocidad y SSD - Lote 1047,11029.72,118
SKU-PRD-1048,Regulador Modelo 1048,Protector de voltaje multicontacto para oficina - Lote 1048,1149.18,197
SKU-PRD-1049,Disco Duro Modelo 1049,Unidad de almacenamiento externo de alta velocidad - Lote 1049,1644.7,37
SKU-PRD-1050,Mouse Modelo 1050,Mouse óptico ergonómico con conexión USB - Lote 1050,532.23,160
SKU-PRD-1051,Silla Gamer Modelo 1051,Silla ergonómica ajustable con soporte lumbar - Lote 1051,3064.6,83
SKU-PRD-1052,Impresora Modelo 1052,Impresora multifuncional a color con Wi-Fi - Lote 1052,3244.45,76
SKU-PRD-1053,Memoria USB Modelo 1053,Unidad flash portátil de transferencia rápida - Lote 1053,432.39,90
SKU-PRD-1054,Smartwatch Modelo 1054,Reloj inteligente deportivo con monitor de salud - Lote 1054,1902.58,131
SKU-PRD-1055,Laptop Modelo 1055,Ordenador portátil con procesador de alta velocidad y SSD - Lote 1055,14244.19,104
SKU-PRD-1056,Memoria USB Modelo 1056,Unidad flash portátil de transferencia rápida - Lote 1056,464.89,162
SKU-PRD-1057,Memoria USB Modelo 1057,Unidad flash portátil de transferencia rápida - Lote 1057,306.85,160
SKU-PRD-1058,Tablet Modelo 1058,Dispositivo táctil multimedia para estudio y trabajo - Lote 1058,3468.82,125
SKU-PRD-1059,Audífonos Modelo 1059,Audífonos estéreo con micrófono y cancelación de ruido - Lote 1059,1330.87,8
SKU-PRD-1060,Cable HDMI Modelo 1060,Cable de alta definición mallado 4K - Lote 1060,156.67,31
SKU-PRD-1061,Regulador Modelo 1061,Protector de voltaje multicontacto para oficina - Lote 1061,568.64,186
SKU-PRD-1062,Bocina Bluetooth Modelo 1062,Bocina inalámbrica portátil resistente al agua - Lote 1062,895.81,164
SKU-PRD-1063,Laptop Modelo 1063,Ordenador portátil con procesador de alta velocidad y SSD - Lote 1063,13928.02,36
SKU-PRD-1064,Smartphone Modelo 1064,Teléfono inteligente con cámara dual y gran batería - Lote 1064,6376.1,27
SKU-PRD-1065,Impresora Modelo 1065,Impresora multifuncional a color con Wi-Fi - Lote 1065,2503.07,101
SKU-PRD-1066,Silla Gamer Modelo 1066,Silla ergonómica ajustable con soporte lumbar - Lote 1066,3220.65,169
SKU-PRD-1067,Smartphone Modelo 1067,Teléfono inteligente con cámara dual y gran batería - Lote 1067,11766.66,102
SKU-PRD-1068,Cable HDMI Modelo 1068,Cable de alta definición mallado 4K - Lote 1068,298.6,120
SKU-PRD-1069,Bocina Bluetooth Modelo 1069,Bocina inalámbrica portátil resistente al agua - Lote 1069,1927.4,84
SKU-PRD-1070,Smartwatch Modelo 1070,Reloj inteligente deportivo con monitor de salud - Lote 1070,612.23,79
SKU-PRD-1071,Cable HDMI Modelo 1071,Cable de alta definición mallado 4K - Lote 1071,231.31,107
SKU-PRD-1072,Impresora Modelo 1072,Impresora multifuncional a color con Wi-Fi - Lote 1072,4141.76,158
SKU-PRD-1073,Smartphone Modelo 1073,Teléfono inteligente con cámara dual y gran batería - Lote 1073,6377.65,14
SKU-PRD-1074,Tablet Modelo 1074,Dispositivo táctil multimedia para estudio y trabajo - Lote 1074,7399.87,44
SKU-PRD-1075,Tablet Modelo 1075,Dispositivo táctil multimedia para estudio y trabajo - Lote 1075,4368.35,48
SKU-PRD-1076,Memoria USB Modelo 1076,Unidad flash portátil de transferencia rápida - Lote 1076,185.5,139
SKU-PRD-1077,Monitor Modelo 1077,Pantalla LED Full HD con puertos HDMI - Lote 1077,5500.1,37
SKU-PRD-1078,Monitor Modelo 1078,Pantalla LED Full HD con puertos HDMI - Lote 1078,4637.02,178
SKU-PRD-1079,Smartwatch Modelo 1079,Reloj inteligente deportivo con monitor de salud - Lote 1079,1291.73,171
SKU-PRD-1080,Audífonos Modelo 1080,Audífonos estéreo con micrófono y cancelación de ruido - Lote 1080,1048.14,89
SKU-PRD-1081,Smartphone Modelo 1081,Teléfono inteligente con cámara dual y gran batería - Lote 1081,5325.38,142
SKU-PRD-1082,Mouse Modelo 1082,Mouse óptico ergonómico con conexión USB - Lote 1082,479.12,158
SKU-PRD-1083,Mouse Modelo 1083,Mouse óptico ergonómico con conexión USB - Lote 1083,606.2,114
SKU-PRD-1084,Memoria USB Modelo 1084,Unidad flash portátil de transferencia rápida - Lote 1084,191.41,192
SKU-PRD-1085,Disco Duro Modelo 1085,Unidad de almacenamiento externo de alta velocidad - Lote 1085,2417.29,128
SKU-PRD-1086,Cable HDMI Modelo 1086,Cable de alta definición mallado 4K - Lote 1086,250.1,93
SKU-PRD-1087,Tablet Modelo 1087,Dispositivo táctil multimedia para estudio y trabajo - Lote 1087,3796.91,102
SKU-PRD-1088,Silla Gamer Modelo 1088,Silla ergonómica ajustable con soporte lumbar - Lote 1088,3991.72,196
SKU-PRD-1089,Laptop Modelo 1089,Ordenador portátil con procesador de alta velocidad y SSD - Lote 1089,13298.8,46
SKU-PRD-1090,Disco Duro Modelo 1090,Unidad de almacenamiento externo de alta velocidad - Lote 1090,1734.16,116
SKU-PRD-1091,Silla Gamer Modelo 1091,Silla ergonómica ajustable con soporte lumbar - Lote 1091,2610.61,10
SKU-PRD-1092,Impresora Modelo 1092,Impresora multifuncional a color con Wi-Fi - Lote 1092,3033.78,80
SKU-PRD-1093,Memoria USB Modelo 1093,Unidad flash portátil de transferencia rápida - Lote 1093,193.61,113
SKU-PRD-1094,Tablet Modelo 1094,Dispositivo táctil multimedia para estudio y trabajo - Lote 1094,6479.25,21
SKU-PRD-1095,Audífonos Modelo 1095,Audífonos estéreo con micrófono y cancelación de ruido - Lote 1095,794.64,6
SKU-PRD-1096,Smartphone Modelo 1096,Teléfono inteligente con cámara dual y gran batería - Lote 1096,11044.72,176
SKU-PRD-1097,Smartphone Modelo 1097,Teléfono inteligente con cámara dual y gran batería - Lote 1097,4943.43,62
SKU-PRD-1098,Silla Gamer Modelo 1098,Silla ergonómica ajustable con soporte lumbar - Lote 1098,5130.56,99
SKU-PRD-1099,Impresora Modelo 1099,Impresora multifuncional a color con Wi-Fi - Lote 1099,3382.42,8
SKU-PRD-1100,Smartwatch Modelo 1100,Reloj inteligente deportivo con monitor de salud - Lote 1100,1472.37,132
SKU-PRD-1101,Smartphone Modelo 1101,Teléfono inteligente con cámara dual y gran batería - Lote 1101,11506.49,181
SKU-PRD-1102,Disco Duro Modelo 1102,Unidad de almacenamiento externo de alta velocidad - Lote 1102,2474.16,164
SKU-PRD-1103,Regulador Modelo 1103,Protector de voltaje multicontacto para oficina - Lote 1103,472.46,28
SKU-PRD-1104,Bocina Bluetooth Modelo 1104,Bocina inalámbrica portátil resistente al agua - Lote 1104,1774.77,110
SKU-PRD-1105,Memoria USB Modelo 1105,Unidad flash portátil de transferencia rápida - Lote 1105,481.46,84
SKU-PRD-1106,Cable HDMI Modelo 1106,Cable de alta definición mallado 4K - Lote 1106,205.68,119
SKU-PRD-1107,Cable HDMI Modelo 1107,Cable de alta definición mallado 4K - Lote 1107,93.73,32
SKU-PRD-1108,Regulador Modelo 1108,Protector de voltaje multicontacto para oficina - Lote 1108,376.93,92
SKU-PRD-1109,Impresora Modelo 1109,Impresora multifuncional a color con Wi-Fi - Lote 1109,1989.4,161
SKU-PRD-1110,Smartwatch Modelo 1110,Reloj inteligente deportivo con monitor de salud - Lote 1110,2450.03,57
SKU-PRD-1111,Teclado Modelo 1111,Teclado multimedia con iluminación LED - Lote 1111,942.02,5
SKU-PRD-1112,Bocina Bluetooth Modelo 1112,Bocina inalámbrica portátil resistente al agua - Lote 1112,1776.64,69
SKU-PRD-1113,Regulador Modelo 1113,Protector de voltaje multicontacto para oficina - Lote 1113,1014.33,190
SKU-PRD-1114,Audífonos Modelo 1114,Audífonos estéreo con micrófono y cancelación de ruido - Lote 1114,1018.7,190
SKU-PRD-1115,Smartwatch Modelo 1115,Reloj inteligente deportivo con monitor de salud - Lote 1115,670.26,111
SKU-PRD-1116,Bocina Bluetooth Modelo 1116,Bocina inalámbrica portátil resistente al agua - Lote 1116,661.05,136
SKU-PRD-1117,Memoria USB Modelo 1117,Unidad flash portátil de transferencia rápida - Lote 1117,397.3,119
SKU-PRD-1118,Laptop Modelo 1118,Ordenador portátil con procesador de alta velocidad y SSD - Lote 1118,18338.7,166
SKU-PRD-1119,Memoria USB Modelo 1119,Unidad flash portátil de transferencia rápida - Lote 1119,406.92,159
SKU-PRD-1120,Teclado Modelo 1120,Teclado multimedia con iluminación LED - Lote 1120,775.93,57
SKU-PRD-1121,Silla Gamer Modelo 1121,Silla ergonómica ajustable con soporte lumbar - Lote 1121,5555.53,86
SKU-PRD-1122,Monitor Modelo 1122,Pantalla LED Full HD con puertos HDMI - Lote 1122,4058.8,143
SKU-PRD-1123,Monitor Modelo 1123,Pantalla LED Full HD con puertos HDMI - Lote 1123,2617.3,26
SKU-PRD-1124,Impresora Modelo 1124,Impresora multifuncional a color con Wi-Fi - Lote 1124,2065.22,70
SKU-PRD-1125,Memoria USB Modelo 1125,Unidad flash portátil de transferencia rápida - Lote 1125,237.04,116
SKU-PRD-1126,Mouse Modelo 1126,Mouse óptico ergonómico con conexión USB - Lote 1126,648.52,105
SKU-PRD-1127,Audífonos Modelo 1127,Audífonos estéreo con micrófono y cancelación de ruido - Lote 1127,499.48,94
SKU-PRD-1128,Tablet Modelo 1128,Dispositivo táctil multimedia para estudio y trabajo - Lote 1128,3704.22,63
SKU-PRD-1129,Smartphone Modelo 1129,Teléfono inteligente con cámara dual y gran batería - Lote 1129,5514.39,88
SKU-PRD-1130,Silla Gamer Modelo 1130,Silla ergonómica ajustable con soporte lumbar - Lote 1130,5755.39,179
SKU-PRD-1131,Memoria USB Modelo 1131,Unidad flash portátil de transferencia rápida - Lote 1131,477.48,120
SKU-PRD-1132,Smartwatch Modelo 1132,Reloj inteligente deportivo con monitor de salud - Lote 1132,1779.58,163
SKU-PRD-1133,Mouse Modelo 1133,Mouse óptico ergonómico con conexión USB - Lote 1133,661.3,7
SKU-PRD-1134,Disco Duro Modelo 1134,Unidad de almacenamiento externo de alta velocidad - Lote 1134,2708.34,162
SKU-PRD-1135,Smartphone Modelo 1135,Teléfono inteligente con cámara dual y gran batería - Lote 1135,7860.31,47
SKU-PRD-1136,Disco Duro Modelo 1136,Unidad de almacenamiento externo de alta velocidad - Lote 1136,1168.54,51
SKU-PRD-1137,Silla Gamer Modelo 1137,Silla ergonómica ajustable con soporte lumbar - Lote 1137,5096.35,149
SKU-PRD-1138,Smartwatch Modelo 1138,Reloj inteligente deportivo con monitor de salud - Lote 1138,2153.05,123
SKU-PRD-1139,Laptop Modelo 1139,Ordenador portátil con procesador de alta velocidad y SSD - Lote 1139,20701.5,115
SKU-PRD-1140,Smartphone Modelo 1140,Teléfono inteligente con cámara dual y gran batería - Lote 1140,10226.08,94
SKU-PRD-1141,Monitor Modelo 1141,Pantalla LED Full HD con puertos HDMI - Lote 1141,6330.99,66
SKU-PRD-1142,Memoria USB Modelo 1142,Unidad flash portátil de transferencia rápida - Lote 1142,161.56,35
SKU-PRD-1143,Monitor Modelo 1143,Pantalla LED Full HD con puertos HDMI - Lote 1143,6179.67,186
SKU-PRD-1144,Mouse Modelo 1144,Mouse óptico ergonómico con conexión USB - Lote 1144,878.7,14
SKU-PRD-1145,Audífonos Modelo 1145,Audífonos estéreo con micrófono y cancelación de ruido - Lote 1145,1658.15,186
SKU-PRD-1146,Audífonos Modelo 1146,Audífonos estéreo con micrófono y cancelación de ruido - Lote 1146,510.09,191
SKU-PRD-1147,Smartphone Modelo 1147,Teléfono inteligente con cámara dual y gran batería - Lote 1147,10829.85,25
SKU-PRD-1148,Mouse Modelo 1148,Mouse óptico ergonómico con conexión USB - Lote 1148,603.13,176
SKU-PRD-1149,Smartwatch Modelo 1149,Reloj inteligente deportivo con monitor de salud - Lote 1149,2337.58,111
SKU-PRD-1150,Cable HDMI Modelo 1150,Cable de alta definición mallado 4K - Lote 1150,238.35,19
SKU-PRD-1151,Tablet Modelo 1151,Dispositivo táctil multimedia para estudio y trabajo - Lote 1151,2861.94,52
SKU-PRD-1152,Silla Gamer Modelo 1152,Silla ergonómica ajustable con soporte lumbar - Lote 1152,3433.8,136
SKU-PRD-1153,Mouse Modelo 1153,Mouse óptico ergonómico con conexión USB - Lote 1153,627.24,80
SKU-PRD-1154,Cable HDMI Modelo 1154,Cable de alta definición mallado 4K - Lote 1154,175.76,109
SKU-PRD-1155,Cable HDMI Modelo 1155,Cable de alta definición mallado 4K - Lote 1155,341.22,100
SKU-PRD-1156,Bocina Bluetooth Modelo 1156,Bocina inalámbrica portátil resistente al agua - Lote 1156,576.46,26
SKU-PRD-1157,Monitor Modelo 1157,Pantalla LED Full HD con puertos HDMI - Lote 1157,4669.81,132
SKU-PRD-1158,Cable HDMI Modelo 1158,Cable de alta definición mallado 4K - Lote 1158,185.75,13
SKU-PRD-1159,Laptop Modelo 1159,Ordenador portátil con procesador de alta velocidad y SSD - Lote 1159,24864.34,49
SKU-PRD-1160,Smartphone Modelo 1160,Teléfono inteligente con cámara dual y gran batería - Lote 1160,7495.17,135
SKU-PRD-1161,Regulador Modelo 1161,Protector de voltaje multicontacto para oficina - Lote 1161,1187.49,88
SKU-PRD-1162,Cable HDMI Modelo 1162,Cable de alta definición mallado 4K - Lote 1162,278.87,22
SKU-PRD-1163,Mouse Modelo 1163,Mouse óptico ergonómico con conexión USB - Lote 1163,873.22,154
SKU-PRD-1164,Laptop Modelo 1164,Ordenador portátil con procesador de alta velocidad y SSD - Lote 1164,17704.23,161
SKU-PRD-1165,Silla Gamer Modelo 1165,Silla ergonómica ajustable con soporte lumbar - Lote 1165,5808.16,197
SKU-PRD-1166,Smartphone Modelo 1166,Teléfono inteligente con cámara dual y gran batería - Lote 1166,9992.02,39
SKU-PRD-1167,Mouse Modelo 1167,Mouse óptico ergonómico con conexión USB - Lote 1167,292.27,80
SKU-PRD-1168,Silla Gamer Modelo 1168,Silla ergonómica ajustable con soporte lumbar - Lote 1168,5343.71,37
SKU-PRD-1169,Bocina Bluetooth Modelo 1169,Bocina inalámbrica portátil resistente al agua - Lote 1169,759.26,134
SKU-PRD-1170,Bocina Bluetooth Modelo 1170,Bocina inalámbrica portátil resistente al agua - Lote 1170,999.07,75
SKU-PRD-1171,Audífonos Modelo 1171,Audífonos estéreo con micrófono y cancelación de ruido - Lote 1171,1672.89,165
SKU-PRD-1172,Bocina Bluetooth Modelo 1172,Bocina inalámbrica portátil resistente al agua - Lote 1172,1994.89,10
SKU-PRD-1173,Bocina Bluetooth Modelo 1173,Bocina inalámbrica portátil resistente al agua - Lote 1173,863.89,154
SKU-PRD-1174,Mouse Modelo 1174,Mouse óptico ergonómico con conexión USB - Lote 1174,712.98,187
SKU-PRD-1175,Mouse Modelo 1175,Mouse óptico ergonómico con conexión USB - Lote 1175,813.88,135
SKU-PRD-1176,Tablet Modelo 1176,Dispositivo táctil multimedia para estudio y trabajo - Lote 1176,5419.38,26
SKU-PRD-1177,Cable HDMI Modelo 1177,Cable de alta definición mallado 4K - Lote 1177,199.6,51
SKU-PRD-1178,Smartphone Modelo 1178,Teléfono inteligente con cámara dual y gran batería - Lote 1178,7276.4,81
SKU-PRD-1179,Smartwatch Modelo 1179,Reloj inteligente deportivo con monitor de salud - Lote 1179,1330.12,95
SKU-PRD-1180,Teclado Modelo 1180,Teclado multimedia con iluminación LED - Lote 1180,1078.36,26
SKU-PRD-1181,Cable HDMI Modelo 1181,Cable de alta definición mallado 4K - Lote 1181,326.52,199
SKU-PRD-1182,Regulador Modelo 1182,Protector de voltaje multicontacto para oficina - Lote 1182,770.77,132
SKU-PRD-1183,Teclado Modelo 1183,Teclado multimedia con iluminación LED - Lote 1183,1046.25,164
SKU-PRD-1184,Impresora Modelo 1184,Impresora multifuncional a color con Wi-Fi - Lote 1184,4285.66,106
SKU-PRD-1185,Regulador Modelo 1185,Protector de voltaje multicontacto para oficina - Lote 1185,552.37,200
SKU-PRD-1186,Cable HDMI Modelo 1186,Cable de alta definición mallado 4K - Lote 1186,325.49,105
SKU-PRD-1187,Disco Duro Modelo 1187,Unidad de almacenamiento externo de alta velocidad - Lote 1187,1323.27,138
SKU-PRD-1188,Bocina Bluetooth Modelo 1188,Bocina inalámbrica portátil resistente al agua - Lote 1188,1912.39,124
SKU-PRD-1189,Bocina Bluetooth Modelo 1189,Bocina inalámbrica portátil resistente al agua - Lote 1189,764.08,138
SKU-PRD-1190,Smartphone Modelo 1190,Teléfono inteligente con cámara dual y gran batería - Lote 1190,6845.45,156
SKU-PRD-1191,Laptop Modelo 1191,Ordenador portátil con procesador de alta velocidad y SSD - Lote 1191,20975.66,61
SKU-PRD-1192,Audífonos Modelo 1192,Audífonos estéreo con micrófono y cancelación de ruido - Lote 1192,958.67,169
SKU-PRD-1193,Laptop Modelo 1193,Ordenador portátil con procesador de alta velocidad y SSD - Lote 1193,11296.15,157
SKU-PRD-1194,Monitor Modelo 1194,Pantalla LED Full HD con puertos HDMI - Lote 1194,3831.97,101
SKU-PRD-1195,Bocina Bluetooth Modelo 1195,Bocina inalámbrica portátil resistente al agua - Lote 1195,788.11,38
SKU-PRD-1196,Monitor Modelo 1196,Pantalla LED Full HD con puertos HDMI - Lote 1196,2704.88,24
SKU-PRD-1197,Memoria USB Modelo 1197,Unidad flash portátil de transferencia rápida - Lote 1197,398.23,135
SKU-PRD-1198,Smartphone Modelo 1198,Teléfono inteligente con cámara dual y gran batería - Lote 1198,4904.4,198
SKU-PRD-1199,Smartwatch Modelo 1199,Reloj inteligente deportivo con monitor de salud - Lote 1199,1161.66,150
SKU-PRD-1200,Cable HDMI Modelo 1200,Cable de alta definición mallado 4K - Lote 1200,278.53,51
SKU-PRD-1201,Smartwatch Modelo 1201,Reloj inteligente deportivo con monitor de salud - Lote 1201,1068.86,158
SKU-PRD-1202,Impresora Modelo 1202,Impresora multifuncional a color con Wi-Fi - Lote 1202,1955.18,11
SKU-PRD-1203,Bocina Bluetooth Modelo 1203,Bocina inalámbrica portátil resistente al agua - Lote 1203,1422.48,17
SKU-PRD-1204,Bocina Bluetooth Modelo 1204,Bocina inalámbrica portátil resistente al agua - Lote 1204,1635.46,188
SKU-PRD-1205,Bocina Bluetooth Modelo 1205,Bocina inalámbrica portátil resistente al agua - Lote 1205,1484.93,118
SKU-PRD-1206,Smartphone Modelo 1206,Teléfono inteligente con cámara dual y gran batería - Lote 1206,5756.01,70
SKU-PRD-1207,Audífonos Modelo 1207,Audífonos estéreo con micrófono y cancelación de ruido - Lote 1207,411.89,60
SKU-PRD-1208,Smartwatch Modelo 1208,Reloj inteligente deportivo con monitor de salud - Lote 1208,2127.86,158
SKU-PRD-1209,Teclado Modelo 1209,Teclado multimedia con iluminación LED - Lote 1209,597.98,120
SKU-PRD-1210,Mouse Modelo 1210,Mouse óptico ergonómico con conexión USB - Lote 1210,164.66,58
SKU-PRD-1211,Teclado Modelo 1211,Teclado multimedia con iluminación LED - Lote 1211,411.47,170
SKU-PRD-1212,Regulador Modelo 1212,Protector de voltaje multicontacto para oficina - Lote 1212,918.7,162
SKU-PRD-1213,Regulador Modelo 1213,Protector de voltaje multicontacto para oficina - Lote 1213,680.6,15
SKU-PRD-1214,Bocina Bluetooth Modelo 1214,Bocina inalámbrica portátil resistente al agua - Lote 1214,1969.15,42
SKU-PRD-1215,Bocina Bluetooth Modelo 1215,Bocina inalámbrica portátil resistente al agua - Lote 1215,1641.46,123
SKU-PRD-1216,Disco Duro Modelo 1216,Unidad de almacenamiento externo de alta velocidad - Lote 1216,2219.3,150
SKU-PRD-1217,Smartphone Modelo 1217,Teléfono inteligente con cámara dual y gran batería - Lote 1217,8559.32,180
SKU-PRD-1218,Monitor Modelo 1218,Pantalla LED Full HD con puertos HDMI - Lote 1218,3716.18,91
SKU-PRD-1219,Mouse Modelo 1219,Mouse óptico ergonómico con conexión USB - Lote 1219,648.44,84
SKU-PRD-1220,Teclado Modelo 1220,Teclado multimedia con iluminación LED - Lote 1220,1472.83,69
SKU-PRD-1221,Smartphone Modelo 1221,Teléfono inteligente con cámara dual y gran batería - Lote 1221,9827.18,106
SKU-PRD-1222,Impresora Modelo 1222,Impresora multifuncional a color con Wi-Fi - Lote 1222,4344.82,57
SKU-PRD-1223,Tablet Modelo 1223,Dispositivo táctil multimedia para estudio y trabajo - Lote 1223,3337.53,82
SKU-PRD-1224,Teclado Modelo 1224,Teclado multimedia con iluminación LED - Lote 1224,998.07,136
SKU-PRD-1225,Cable HDMI Modelo 1225,Cable de alta definición mallado 4K - Lote 1225,307.45,173
SKU-PRD-1226,Silla Gamer Modelo 1226,Silla ergonómica ajustable con soporte lumbar - Lote 1226,5590.34,17
SKU-PRD-1227,Cable HDMI Modelo 1227,Cable de alta definición mallado 4K - Lote 1227,165.7,178
SKU-PRD-1228,Tablet Modelo 1228,Dispositivo táctil multimedia para estudio y trabajo - Lote 1228,3056.74,13
SKU-PRD-1229,Disco Duro Modelo 1229,Unidad de almacenamiento externo de alta velocidad - Lote 1229,2953.62,45
SKU-PRD-1230,Silla Gamer Modelo 1230,Silla ergonómica ajustable con soporte lumbar - Lote 1230,5225.13,50
SKU-PRD-1231,Tablet Modelo 1231,Dispositivo táctil multimedia para estudio y trabajo - Lote 1231,5501.49,18
SKU-PRD-1232,Impresora Modelo 1232,Impresora multifuncional a color con Wi-Fi - Lote 1232,3236.02,109
SKU-PRD-1233,Audífonos Modelo 1233,Audífonos estéreo con micrófono y cancelación de ruido - Lote 1233,442.43,183
SKU-PRD-1234,Regulador Modelo 1234,Protector de voltaje multicontacto para oficina - Lote 1234,1043.49,78
SKU-PRD-1235,Regulador Modelo 1235,Protector de voltaje multicontacto para oficina - Lote 1235,516.86,81
SKU-PRD-1236,Smartwatch Modelo 1236,Reloj inteligente deportivo con monitor de salud - Lote 1236,852.22,51
SKU-PRD-1237,Regulador Modelo 1237,Protector de voltaje multicontacto para oficina - Lote 1237,775.94,123
SKU-PRD-1238,Cable HDMI Modelo 1238,Cable de alta definición mallado 4K - Lote 1238,120.2,178
SKU-PRD-1239,Regulador Modelo 1239,Protector de voltaje multicontacto para oficina - Lote 1239,865.53,196
SKU-PRD-1240,Silla Gamer Modelo 1240,Silla ergonómica ajustable con soporte lumbar - Lote 1240,5662.39,38
SKU-PRD-1241,Smartwatch Modelo 1241,Reloj inteligente deportivo con monitor de salud - Lote 1241,602.81,186
SKU-PRD-1242,Laptop Modelo 1242,Ordenador portátil con procesador de alta velocidad y SSD - Lote 1242,14287.89,154
SKU-PRD-1243,Smartwatch Modelo 1243,Reloj inteligente deportivo con monitor de salud - Lote 1243,1253.53,55
SKU-PRD-1244,Regulador Modelo 1244,Protector de voltaje multicontacto para oficina - Lote 1244,1196.31,49
SKU-PRD-1245,Mouse Modelo 1245,Mouse óptico ergonómico con conexión USB - Lote 1245,236.06,58
SKU-PRD-1246,Laptop Modelo 1246,Ordenador portátil con procesador de alta velocidad y SSD - Lote 1246,10340.45,170
SKU-PRD-1247,Bocina Bluetooth Modelo 1247,Bocina inalámbrica portátil resistente al agua - Lote 1247,1106.64,132
SKU-PRD-1248,Laptop Modelo 1248,Ordenador portátil con procesador de alta velocidad y SSD - Lote 1248,14815.04,190
SKU-PRD-1249,Smartphone Modelo 1249,Teléfono inteligente con cámara dual y gran batería - Lote 1249,11056.38,121
SKU-PRD-1250,Smartwatch Modelo 1250,Reloj inteligente deportivo con monitor de salud - Lote 1250,2426.9,81
SKU-PRD-1251,Cable HDMI Modelo 1251,Cable de alta definición mallado 4K - Lote 1251,108.25,146
SKU-PRD-1252,Smartphone Modelo 1252,Teléfono inteligente con cámara dual y gran batería - Lote 1252,9604.82,140
SKU-PRD-1253,Disco Duro Modelo 1253,Unidad de almacenamiento externo de alta velocidad - Lote 1253,3443.04,184
SKU-PRD-1254,Smartphone Modelo 1254,Teléfono inteligente con cámara dual y gran batería - Lote 1254,10774.75,136
SKU-PRD-1255,Cable HDMI Modelo 1255,Cable de alta definición mallado 4K - Lote 1255,179.96,184
SKU-PRD-1256,Monitor Modelo 1256,Pantalla LED Full HD con puertos HDMI - Lote 1256,3339.88,167
SKU-PRD-1257,Memoria USB Modelo 1257,Unidad flash portátil de transferencia rápida - Lote 1257,219.48,193
SKU-PRD-1258,Mouse Modelo 1258,Mouse óptico ergonómico con conexión USB - Lote 1258,884.95,13
SKU-PRD-1259,Smartphone Modelo 1259,Teléfono inteligente con cámara dual y gran batería - Lote 1259,11602.81,94
SKU-PRD-1260,Disco Duro Modelo 1260,Unidad de almacenamiento externo de alta velocidad - Lote 1260,2551.83,151
SKU-PRD-1261,Monitor Modelo 1261,Pantalla LED Full HD con puertos HDMI - Lote 1261,4325.76,191
SKU-PRD-1262,Regulador Modelo 1262,Protector de voltaje multicontacto para oficina - Lote 1262,395.4,115
SKU-PRD-1263,Teclado Modelo 1263,Teclado multimedia con iluminación LED - Lote 1263,1216.84,75
SKU-PRD-1264,Disco Duro Modelo 1264,Unidad de almacenamiento externo de alta velocidad - Lote 1264,1908.47,41
SKU-PRD-1265,Laptop Modelo 1265,Ordenador portátil con procesador de alta velocidad y SSD - Lote 1265,9883.82,29
SKU-PRD-1266,Monitor Modelo 1266,Pantalla LED Full HD con puertos HDMI - Lote 1266,3621.27,114
SKU-PRD-1267,Bocina Bluetooth Modelo 1267,Bocina inalámbrica portátil resistente al agua - Lote 1267,794.53,198
SKU-PRD-1268,Mouse Modelo 1268,Mouse óptico ergonómico con conexión USB - Lote 1268,584.56,167
SKU-PRD-1269,Audífonos Modelo 1269,Audífonos estéreo con micrófono y cancelación de ruido - Lote 1269,383.17,34
SKU-PRD-1270,Smartwatch Modelo 1270,Reloj inteligente deportivo con monitor de salud - Lote 1270,541.24,155
SKU-PRD-1271,Teclado Modelo 1271,Teclado multimedia con iluminación LED - Lote 1271,1364.7,62
SKU-PRD-1272,Monitor Modelo 1272,Pantalla LED Full HD con puertos HDMI - Lote 1272,5242.11,148
SKU-PRD-1273,Memoria USB Modelo 1273,Unidad flash portátil de transferencia rápida - Lote 1273,519.08,110
SKU-PRD-1274,Bocina Bluetooth Modelo 1274,Bocina inalámbrica portátil resistente al agua - Lote 1274,705.27,158
SKU-PRD-1275,Memoria USB Modelo 1275,Unidad flash portátil de transferencia rápida - Lote 1275,459.2,144
SKU-PRD-1276,Smartphone Modelo 1276,Teléfono inteligente con cámara dual y gran batería - Lote 1276,5567.96,163
SKU-PRD-1277,Regulador Modelo 1277,Protector de voltaje multicontacto para oficina - Lote 1277,980.8,113
SKU-PRD-1278,Memoria USB Modelo 1278,Unidad flash portátil de transferencia rápida - Lote 1278,187.17,140
SKU-PRD-1279,Audífonos Modelo 1279,Audífonos estéreo con micrófono y cancelación de ruido - Lote 1279,1165.27,162
SKU-PRD-1280,Teclado Modelo 1280,Teclado multimedia con iluminación LED - Lote 1280,337.83,55
SKU-PRD-1281,Laptop Modelo 1281,Ordenador portátil con procesador de alta velocidad y SSD - Lote 1281,18364.7,118
SKU-PRD-1282,Laptop Modelo 1282,Ordenador portátil con procesador de alta velocidad y SSD - Lote 1282,12680.95,174
SKU-PRD-1283,Teclado Modelo 1283,Teclado multimedia con iluminación LED - Lote 1283,1234.6,5
SKU-PRD-1284,Disco Duro Modelo 1284,Unidad de almacenamiento externo de alta velocidad - Lote 1284,3297.46,144
SKU-PRD-1285,Disco Duro Modelo 1285,Unidad de almacenamiento externo de alta velocidad - Lote 1285,2983.36,180
SKU-PRD-1286,Audífonos Modelo 1286,Audífonos estéreo con micrófono y cancelación de ruido - Lote 1286,711.72,17
SKU-PRD-1287,Bocina Bluetooth Modelo 1287,Bocina inalámbrica portátil resistente al agua - Lote 1287,1277.52,14
SKU-PRD-1288,Bocina Bluetooth Modelo 1288,Bocina inalámbrica portátil resistente al agua - Lote 1288,1559.43,58
SKU-PRD-1289,Laptop Modelo 1289,Ordenador portátil con procesador de alta velocidad y SSD - Lote 1289,16921.46,57
SKU-PRD-1290,Disco Duro Modelo 1290,Unidad de almacenamiento externo de alta velocidad - Lote 1290,1544.04,169
SKU-PRD-1291,Monitor Modelo 1291,Pantalla LED Full HD con puertos HDMI - Lote 1291,2721.34,77
SKU-PRD-1292,Smartphone Modelo 1292,Teléfono inteligente con cámara dual y gran batería - Lote 1292,8394.54,135
SKU-PRD-1293,Impresora Modelo 1293,Impresora multifuncional a color con Wi-Fi - Lote 1293,2005.25,8
SKU-PRD-1294,Audífonos Modelo 1294,Audífonos estéreo con micrófono y cancelación de ruido - Lote 1294,1204.31,94
SKU-PRD-1295,Smartphone Modelo 1295,Teléfono inteligente con cámara dual y gran batería - Lote 1295,7453.24,184
SKU-PRD-1296,Disco Duro Modelo 1296,Unidad de almacenamiento externo de alta velocidad - Lote 1296,2302.12,150
SKU-PRD-1297,Impresora Modelo 1297,Impresora multifuncional a color con Wi-Fi - Lote 1297,2410.23,100
SKU-PRD-1298,Tablet Modelo 1298,Dispositivo táctil multimedia para estudio y trabajo - Lote 1298,3101.04,186
SKU-PRD-1299,Disco Duro Modelo 1299,Unidad de almacenamiento externo de alta velocidad - Lote 1299,2282.97,84
SKU-PRD-1300,Smartphone Modelo 1300,Teléfono inteligente con cámara dual y gran batería - Lote 1300,4946.28,86
SKU-PRD-1301,Disco Duro Modelo 1301,Unidad de almacenamiento externo de alta velocidad - Lote 1301,3370.46,47
SKU-PRD-1302,Teclado Modelo 1302,Teclado multimedia con iluminación LED - Lote 1302,405.64,29
SKU-PRD-1303,Monitor Modelo 1303,Pantalla LED Full HD con puertos HDMI - Lote 1303,6187.57,83
SKU-PRD-1304,Tablet Modelo 1304,Dispositivo táctil multimedia para estudio y trabajo - Lote 1304,7063.62,43
SKU-PRD-1305,Audífonos Modelo 1305,Audífonos estéreo con micrófono y cancelación de ruido - Lote 1305,1683.05,73
SKU-PRD-1306,Smartphone Modelo 1306,Teléfono inteligente con cámara dual y gran batería - Lote 1306,8834.96,159
SKU-PRD-1307,Monitor Modelo 1307,Pantalla LED Full HD con puertos HDMI - Lote 1307,3456.29,159
SKU-PRD-1308,Monitor Modelo 1308,Pantalla LED Full HD con puertos HDMI - Lote 1308,3859.17,55
SKU-PRD-1309,Monitor Modelo 1309,Pantalla LED Full HD con puertos HDMI - Lote 1309,3343.32,43
SKU-PRD-1310,Mouse Modelo 1310,Mouse óptico ergonómico con conexión USB - Lote 1310,185.26,69
SKU-PRD-1311,Smartphone Modelo 1311,Teléfono inteligente con cámara dual y gran batería - Lote 1311,4917.39,90
SKU-PRD-1312,Impresora Modelo 1312,Impresora multifuncional a color con Wi-Fi - Lote 1312,4049.7,28
SKU-PRD-1313,Cable HDMI Modelo 1313,Cable de alta definición mallado 4K - Lote 1313,298.35,39
SKU-PRD-1314,Disco Duro Modelo 1314,Unidad de almacenamiento externo de alta velocidad - Lote 1314,1467.74,84
SKU-PRD-1315,Memoria USB Modelo 1315,Unidad flash portátil de transferencia rápida - Lote 1315,224.12,62
SKU-PRD-1316,Memoria USB Modelo 1316,Unidad flash portátil de transferencia rápida - Lote 1316,526.47,105
SKU-PRD-1317,Memoria USB Modelo 1317,Unidad flash portátil de transferencia rápida - Lote 1317,163.34,90
SKU-PRD-1318,Tablet Modelo 1318,Dispositivo táctil multimedia para estudio y trabajo - Lote 1318,3196.67,173
SKU-PRD-1319,Cable HDMI Modelo 1319,Cable de alta definición mallado 4K - Lote 1319,275.79,53
SKU-PRD-1320,Laptop Modelo 1320,Ordenador portátil con procesador de alta velocidad y SSD - Lote 1320,15703.02,60
SKU-PRD-1321,Mouse Modelo 1321,Mouse óptico ergonómico con conexión USB - Lote 1321,280.62,177
SKU-PRD-1322,Cable HDMI Modelo 1322,Cable de alta definición mallado 4K - Lote 1322,195.69,78
SKU-PRD-1323,Teclado Modelo 1323,Teclado multimedia con iluminación LED - Lote 1323,373.1,189
SKU-PRD-1324,Memoria USB Modelo 1324,Unidad flash portátil de transferencia rápida - Lote 1324,291.13,12
SKU-PRD-1325,Smartwatch Modelo 1325,Reloj inteligente deportivo con monitor de salud - Lote 1325,1862.51,137
SKU-PRD-1326,Laptop Modelo 1326,Ordenador portátil con procesador de alta velocidad y SSD - Lote 1326,11551.39,57
SKU-PRD-1327,Monitor Modelo 1327,Pantalla LED Full HD con puertos HDMI - Lote 1327,6277.67,110
SKU-PRD-1328,Bocina Bluetooth Modelo 1328,Bocina inalámbrica portátil resistente al agua - Lote 1328,1113.73,166
SKU-PRD-1329,Silla Gamer Modelo 1329,Silla ergonómica ajustable con soporte lumbar - Lote 1329,2522.28,157
SKU-PRD-1330,Impresora Modelo 1330,Impresora multifuncional a color con Wi-Fi - Lote 1330,2744.25,82
SKU-PRD-1331,Monitor Modelo 1331,Pantalla LED Full HD con puertos HDMI - Lote 1331,3347.05,149
SKU-PRD-1332,Smartwatch Modelo 1332,Reloj inteligente deportivo con monitor de salud - Lote 1332,1233.08,189
SKU-PRD-1333,Teclado Modelo 1333,Teclado multimedia con iluminación LED - Lote 1333,975.11,139
SKU-PRD-1334,Regulador Modelo 1334,Protector de voltaje multicontacto para oficina - Lote 1334,762.45,124
SKU-PRD-1335,Smartphone Modelo 1335,Teléfono inteligente con cámara dual y gran batería - Lote 1335,9037.97,21
SKU-PRD-1336,Teclado Modelo 1336,Teclado multimedia con iluminación LED - Lote 1336,293.6,190
SKU-PRD-1337,Impresora Modelo 1337,Impresora multifuncional a color con Wi-Fi - Lote 1337,3267.72,65
SKU-PRD-1338,Teclado Modelo 1338,Teclado multimedia con iluminación LED - Lote 1338,553.86,186
SKU-PRD-1339,Mouse Modelo 1339,Mouse óptico ergonómico con conexión USB - Lote 1339,386.13,52
SKU-PRD-1340,Bocina Bluetooth Modelo 1340,Bocina inalámbrica portátil resistente al agua - Lote 1340,861.74,198
SKU-PRD-1341,Audífonos Modelo 1341,Audífonos estéreo con micrófono y cancelación de ruido - Lote 1341,370.62,172
SKU-PRD-1342,Silla Gamer Modelo 1342,Silla ergonómica ajustable con soporte lumbar - Lote 1342,4499.42,77
SKU-PRD-1343,Mouse Modelo 1343,Mouse óptico ergonómico con conexión USB - Lote 1343,562.82,54
SKU-PRD-1344,Laptop Modelo 1344,Ordenador portátil con procesador de alta velocidad y SSD - Lote 1344,21937.43,73
SKU-PRD-1345,Silla Gamer Modelo 1345,Silla ergonómica ajustable con soporte lumbar - Lote 1345,5449.16,5
SKU-PRD-1346,Cable HDMI Modelo 1346,Cable de alta definición mallado 4K - Lote 1346,271.88,146
SKU-PRD-1347,Laptop Modelo 1347,Ordenador portátil con procesador de alta velocidad y SSD - Lote 1347,9238.0,98
SKU-PRD-1348,Laptop Modelo 1348,Ordenador portátil con procesador de alta velocidad y SSD - Lote 1348,10266.15,122
SKU-PRD-1349,Regulador Modelo 1349,Protector de voltaje multicontacto para oficina - Lote 1349,392.97,88
SKU-PRD-1350,Smartphone Modelo 1350,Teléfono inteligente con cámara dual y gran batería - Lote 1350,7138.29,135
SKU-PRD-1351,Tablet Modelo 1351,Dispositivo táctil multimedia para estudio y trabajo - Lote 1351,6647.57,95
SKU-PRD-1352,Cable HDMI Modelo 1352,Cable de alta definición mallado 4K - Lote 1352,278.21,104
SKU-PRD-1353,Mouse Modelo 1353,Mouse óptico ergonómico con conexión USB - Lote 1353,875.85,111
SKU-PRD-1354,Memoria USB Modelo 1354,Unidad flash portátil de transferencia rápida - Lote 1354,498.95,99
SKU-PRD-1355,Disco Duro Modelo 1355,Unidad de almacenamiento externo de alta velocidad - Lote 1355,1261.96,157
SKU-PRD-1356,Disco Duro Modelo 1356,Unidad de almacenamiento externo de alta velocidad - Lote 1356,3435.31,114
SKU-PRD-1357,Tablet Modelo 1357,Dispositivo táctil multimedia para estudio y trabajo - Lote 1357,3905.14,160
SKU-PRD-1358,Teclado Modelo 1358,Teclado multimedia con iluminación LED - Lote 1358,531.89,19
SKU-PRD-1359,Audífonos Modelo 1359,Audífonos estéreo con micrófono y cancelación de ruido - Lote 1359,1497.94,187
SKU-PRD-1360,Regulador Modelo 1360,Protector de voltaje multicontacto para oficina - Lote 1360,458.02,145
SKU-PRD-1361,Regulador Modelo 1361,Protector de voltaje multicontacto para oficina - Lote 1361,1086.1,67
SKU-PRD-1362,Memoria USB Modelo 1362,Unidad flash portátil de transferencia rápida - Lote 1362,187.45,146
SKU-PRD-1363,Smartphone Modelo 1363,Teléfono inteligente con cámara dual y gran batería - Lote 1363,8433.28,132
SKU-PRD-1364,Memoria USB Modelo 1364,Unidad flash portátil de transferencia rápida - Lote 1364,550.03,80
SKU-PRD-1365,Mouse Modelo 1365,Mouse óptico ergonómico con conexión USB - Lote 1365,269.33,126
SKU-PRD-1366,Disco Duro Modelo 1366,Unidad de almacenamiento externo de alta velocidad - Lote 1366,2208.58,165
SKU-PRD-1367,Cable HDMI Modelo 1367,Cable de alta definición mallado 4K - Lote 1367,144.51,20
SKU-PRD-1368,Smartwatch Modelo 1368,Reloj inteligente deportivo con monitor de salud - Lote 1368,1374.2,175
SKU-PRD-1369,Bocina Bluetooth Modelo 1369,Bocina inalámbrica portátil resistente al agua - Lote 1369,1036.91,125
SKU-PRD-1370,Audífonos Modelo 1370,Audífonos estéreo con micrófono y cancelación de ruido - Lote 1370,1567.16,49
SKU-PRD-1371,Teclado Modelo 1371,Teclado multimedia con iluminación LED - Lote 1371,379.83,10
SKU-PRD-1372,Bocina Bluetooth Modelo 1372,Bocina inalámbrica portátil resistente al agua - Lote 1372,1132.78,43
SKU-PRD-1373,Audífonos Modelo 1373,Audífonos estéreo con micrófono y cancelación de ruido - Lote 1373,1657.43,195
SKU-PRD-1374,Disco Duro Modelo 1374,Unidad de almacenamiento externo de alta velocidad - Lote 1374,1016.01,119
SKU-PRD-1375,Teclado Modelo 1375,Teclado multimedia con iluminación LED - Lote 1375,1147.35,154
SKU-PRD-1376,Teclado Modelo 1376,Teclado multimedia con iluminación LED - Lote 1376,308.03,192
SKU-PRD-1377,Monitor Modelo 1377,Pantalla LED Full HD con puertos HDMI - Lote 1377,3896.18,138
SKU-PRD-1378,Smartwatch Modelo 1378,Reloj inteligente deportivo con monitor de salud - Lote 1378,1768.64,68
SKU-PRD-1379,Smartphone Modelo 1379,Teléfono inteligente con cámara dual y gran batería - Lote 1379,7063.82,122
SKU-PRD-1380,Silla Gamer Modelo 1380,Silla ergonómica ajustable con soporte lumbar - Lote 1380,4893.17,166
SKU-PRD-1381,Laptop Modelo 1381,Ordenador portátil con procesador de alta velocidad y SSD - Lote 1381,23712.67,28
SKU-PRD-1382,Regulador Modelo 1382,Protector de voltaje multicontacto para oficina - Lote 1382,516.5,148
SKU-PRD-1383,Monitor Modelo 1383,Pantalla LED Full HD con puertos HDMI - Lote 1383,3327.42,129
SKU-PRD-1384,Smartwatch Modelo 1384,Reloj inteligente deportivo con monitor de salud - Lote 1384,862.99,37
SKU-PRD-1385,Smartphone Modelo 1385,Teléfono inteligente con cámara dual y gran batería - Lote 1385,11083.98,153
SKU-PRD-1386,Smartphone Modelo 1386,Teléfono inteligente con cámara dual y gran batería - Lote 1386,5861.55,69
SKU-PRD-1387,Monitor Modelo 1387,Pantalla LED Full HD con puertos HDMI - Lote 1387,4714.18,159
SKU-PRD-1388,Mouse Modelo 1388,Mouse óptico ergonómico con conexión USB - Lote 1388,671.7,151
SKU-PRD-1389,Disco Duro Modelo 1389,Unidad de almacenamiento externo de alta velocidad - Lote 1389,3493.98,185
SKU-PRD-1390,Bocina Bluetooth Modelo 1390,Bocina inalámbrica portátil resistente al agua - Lote 1390,1006.31,141
SKU-PRD-1391,Disco Duro Modelo 1391,Unidad de almacenamiento externo de alta velocidad - Lote 1391,2435.2,79
SKU-PRD-1392,Disco Duro Modelo 1392,Unidad de almacenamiento externo de alta velocidad - Lote 1392,2525.5,136
SKU-PRD-1393,Mouse Modelo 1393,Mouse óptico ergonómico con conexión USB - Lote 1393,483.46,11
SKU-PRD-1394,Laptop Modelo 1394,Ordenador portátil con procesador de alta velocidad y SSD - Lote 1394,12788.54,182
SKU-PRD-1395,Smartwatch Modelo 1395,Reloj inteligente deportivo con monitor de salud - Lote 1395,1844.3,6
SKU-PRD-1396,Mouse Modelo 1396,Mouse óptico ergonómico con conexión USB - Lote 1396,208.42,34
SKU-PRD-1397,Disco Duro Modelo 1397,Unidad de almacenamiento externo de alta velocidad - Lote 1397,2931.03,64
SKU-PRD-1398,Disco Duro Modelo 1398,Unidad de almacenamiento externo de alta velocidad - Lote 1398,1677.36,7
SKU-PRD-1399,Memoria USB Modelo 1399,Unidad flash portátil de transferencia rápida - Lote 1399,243.56,23
SKU-PRD-1400,Regulador Modelo 1400,Protector de voltaje multicontacto para oficina - Lote 1400,737.94,199
SKU-PRD-1401,Monitor Modelo 1401,Pantalla LED Full HD con puertos HDMI - Lote 1401,2217.76,196
SKU-PRD-1402,Audífonos Modelo 1402,Audífonos estéreo con micrófono y cancelación de ruido - Lote 1402,1628.77,159
SKU-PRD-1403,Smartwatch Modelo 1403,Reloj inteligente deportivo con monitor de salud - Lote 1403,1380.31,10
SKU-PRD-1404,Silla Gamer Modelo 1404,Silla ergonómica ajustable con soporte lumbar - Lote 1404,2853.82,105
SKU-PRD-1405,Teclado Modelo 1405,Teclado multimedia con iluminación LED - Lote 1405,337.78,86
SKU-PRD-1406,Smartphone Modelo 1406,Teléfono inteligente con cámara dual y gran batería - Lote 1406,11444.78,16
SKU-PRD-1407,Teclado Modelo 1407,Teclado multimedia con iluminación LED - Lote 1407,1372.98,174
SKU-PRD-1408,Laptop Modelo 1408,Ordenador portátil con procesador de alta velocidad y SSD - Lote 1408,12635.62,136
SKU-PRD-1409,Audífonos Modelo 1409,Audífonos estéreo con micrófono y cancelación de ruido - Lote 1409,887.57,191
SKU-PRD-1410,Smartphone Modelo 1410,Teléfono inteligente con cámara dual y gran batería - Lote 1410,6065.15,153
SKU-PRD-1411,Teclado Modelo 1411,Teclado multimedia con iluminación LED - Lote 1411,1148.32,178
SKU-PRD-1412,Audífonos Modelo 1412,Audífonos estéreo con micrófono y cancelación de ruido - Lote 1412,619.4,87
SKU-PRD-1413,Laptop Modelo 1413,Ordenador portátil con procesador de alta velocidad y SSD - Lote 1413,21955.74,21
SKU-PRD-1414,Teclado Modelo 1414,Teclado multimedia con iluminación LED - Lote 1414,1108.65,45
SKU-PRD-1415,Silla Gamer Modelo 1415,Silla ergonómica ajustable con soporte lumbar - Lote 1415,2930.16,64
SKU-PRD-1416,Cable HDMI Modelo 1416,Cable de alta definición mallado 4K - Lote 1416,303.15,117
SKU-PRD-1417,Cable HDMI Modelo 1417,Cable de alta definición mallado 4K - Lote 1417,100.85,82
SKU-PRD-1418,Memoria USB Modelo 1418,Unidad flash portátil de transferencia rápida - Lote 1418,487.66,45
SKU-PRD-1419,Mouse Modelo 1419,Mouse óptico ergonómico con conexión USB - Lote 1419,465.87,45
SKU-PRD-1420,Mouse Modelo 1420,Mouse óptico ergonómico con conexión USB - Lote 1420,158.24,146
SKU-PRD-1421,Cable HDMI Modelo 1421,Cable de alta definición mallado 4K - Lote 1421,163.36,87
SKU-PRD-1422,Laptop Modelo 1422,Ordenador portátil con procesador de alta velocidad y SSD - Lote 1422,13099.65,59
SKU-PRD-1423,Disco Duro Modelo 1423,Unidad de almacenamiento externo de alta velocidad - Lote 1423,2546.77,109
SKU-PRD-1424,Laptop Modelo 1424,Ordenador portátil con procesador de alta velocidad y SSD - Lote 1424,11393.86,24
SKU-PRD-1425,Cable HDMI Modelo 1425,Cable de alta definición mallado 4K - Lote 1425,337.94,199
SKU-PRD-1426,Teclado Modelo 1426,Teclado multimedia con iluminación LED - Lote 1426,1170.17,154
SKU-PRD-1427,Memoria USB Modelo 1427,Unidad flash portátil de transferencia rápida - Lote 1427,268.17,42
SKU-PRD-1428,Bocina Bluetooth Modelo 1428,Bocina inalámbrica portátil resistente al agua - Lote 1428,1659.39,90
SKU-PRD-1429,Tablet Modelo 1429,Dispositivo táctil multimedia para estudio y trabajo - Lote 1429,3433.16,70
SKU-PRD-1430,Laptop Modelo 1430,Ordenador portátil con procesador de alta velocidad y SSD - Lote 1430,18864.75,41
SKU-PRD-1431,Impresora Modelo 1431,Impresora multifuncional a color con Wi-Fi - Lote 1431,2606.6,12
SKU-PRD-1432,Audífonos Modelo 1432,Audífonos estéreo con micrófono y cancelación de ruido - Lote 1432,368.21,72
SKU-PRD-1433,Monitor Modelo 1433,Pantalla LED Full HD con puertos HDMI - Lote 1433,4362.15,156
SKU-PRD-1434,Laptop Modelo 1434,Ordenador portátil con procesador de alta velocidad y SSD - Lote 1434,11835.0,34
SKU-PRD-1435,Bocina Bluetooth Modelo 1435,Bocina inalámbrica portátil resistente al agua - Lote 1435,1523.74,155
SKU-PRD-1436,Disco Duro Modelo 1436,Unidad de almacenamiento externo de alta velocidad - Lote 1436,1011.29,109
SKU-PRD-1437,Cable HDMI Modelo 1437,Cable de alta definición mallado 4K - Lote 1437,124.15,92
SKU-PRD-1438,Smartwatch Modelo 1438,Reloj inteligente deportivo con monitor de salud - Lote 1438,2313.54,142
SKU-PRD-1439,Cable HDMI Modelo 1439,Cable de alta definición mallado 4K - Lote 1439,116.66,164
SKU-PRD-1440,Laptop Modelo 1440,Ordenador portátil con procesador de alta velocidad y SSD - Lote 1440,13000.42,61
SKU-PRD-1441,Regulador Modelo 1441,Protector de voltaje multicontacto para oficina - Lote 1441,858.52,47
SKU-PRD-1442,Memoria USB Modelo 1442,Unidad flash portátil de transferencia rápida - Lote 1442,504.61,27
SKU-PRD-1443,Bocina Bluetooth Modelo 1443,Bocina inalámbrica portátil resistente al agua - Lote 1443,413.2,115
SKU-PRD-1444,Cable HDMI Modelo 1444,Cable de alta definición mallado 4K - Lote 1444,316.59,156
SKU-PRD-1445,Monitor Modelo 1445,Pantalla LED Full HD con puertos HDMI - Lote 1445,5255.09,94
SKU-PRD-1446,Audífonos Modelo 1446,Audífonos estéreo con micrófono y cancelación de ruido - Lote 1446,1139.32,62
SKU-PRD-1447,Audífonos Modelo 1447,Audífonos estéreo con micrófono y cancelación de ruido - Lote 1447,1686.43,18
SKU-PRD-1448,Disco Duro Modelo 1448,Unidad de almacenamiento externo de alta velocidad - Lote 1448,2606.74,123
SKU-PRD-1449,Smartwatch Modelo 1449,Reloj inteligente deportivo con monitor de salud - Lote 1449,738.83,16
SKU-PRD-1450,Impresora Modelo 1450,Impresora multifuncional a color con Wi-Fi - Lote 1450,4171.65,122
SKU-PRD-1451,Audífonos Modelo 1451,Audífonos estéreo con micrófono y cancelación de ruido - Lote 1451,896.93,177
SKU-PRD-1452,Smartwatch Modelo 1452,Reloj inteligente deportivo con monitor de salud - Lote 1452,1010.81,183
SKU-PRD-1453,Smartwatch Modelo 1453,Reloj inteligente deportivo con monitor de salud - Lote 1453,779.83,191
SKU-PRD-1454,Smartphone Modelo 1454,Teléfono inteligente con cámara dual y gran batería - Lote 1454,11691.02,49
SKU-PRD-1455,Monitor Modelo 1455,Pantalla LED Full HD con puertos HDMI - Lote 1455,6476.43,125
SKU-PRD-1456,Impresora Modelo 1456,Impresora multifuncional a color con Wi-Fi - Lote 1456,3339.04,192
SKU-PRD-1457,Audífonos Modelo 1457,Audífonos estéreo con micrófono y cancelación de ruido - Lote 1457,545.84,157
SKU-PRD-1458,Teclado Modelo 1458,Teclado multimedia con iluminación LED - Lote 1458,708.52,121
SKU-PRD-1459,Laptop Modelo 1459,Ordenador portátil con procesador de alta velocidad y SSD - Lote 1459,19056.64,185
SKU-PRD-1460,Monitor Modelo 1460,Pantalla LED Full HD con puertos HDMI - Lote 1460,3699.04,60
SKU-PRD-1461,Audífonos Modelo 1461,Audífonos estéreo con micrófono y cancelación de ruido - Lote 1461,361.63,158
SKU-PRD-1462,Cable HDMI Modelo 1462,Cable de alta definición mallado 4K - Lote 1462,176.34,189
SKU-PRD-1463,Regulador Modelo 1463,Protector de voltaje multicontacto para oficina - Lote 1463,753.39,79
SKU-PRD-1464,Bocina Bluetooth Modelo 1464,Bocina inalámbrica portátil resistente al agua - Lote 1464,1299.2,102
SKU-PRD-1465,Regulador Modelo 1465,Protector de voltaje multicontacto para oficina - Lote 1465,1069.91,116
SKU-PRD-1466,Mouse Modelo 1466,Mouse óptico ergonómico con conexión USB - Lote 1466,263.95,88
SKU-PRD-1467,Teclado Modelo 1467,Teclado multimedia con iluminación LED - Lote 1467,879.19,187
SKU-PRD-1468,Impresora Modelo 1468,Impresora multifuncional a color con Wi-Fi - Lote 1468,3446.33,82
SKU-PRD-1469,Laptop Modelo 1469,Ordenador portátil con procesador de alta velocidad y SSD - Lote 1469,21846.95,17
SKU-PRD-1470,Impresora Modelo 1470,Impresora multifuncional a color con Wi-Fi - Lote 1470,4400.93,120
SKU-PRD-1471,Disco Duro Modelo 1471,Unidad de almacenamiento externo de alta velocidad - Lote 1471,1173.37,6
SKU-PRD-1472,Cable HDMI Modelo 1472,Cable de alta definición mallado 4K - Lote 1472,205.77,44
SKU-PRD-1473,Memoria USB Modelo 1473,Unidad flash portátil de transferencia rápida - Lote 1473,139.19,184
SKU-PRD-1474,Regulador Modelo 1474,Protector de voltaje multicontacto para oficina - Lote 1474,774.38,115
SKU-PRD-1475,Cable HDMI Modelo 1475,Cable de alta definición mallado 4K - Lote 1475,331.08,69
SKU-PRD-1476,Smartwatch Modelo 1476,Reloj inteligente deportivo con monitor de salud - Lote 1476,767.88,70
SKU-PRD-1477,Audífonos Modelo 1477,Audífonos estéreo con micrófono y cancelación de ruido - Lote 1477,815.94,164
SKU-PRD-1478,Silla Gamer Modelo 1478,Silla ergonómica ajustable con soporte lumbar - Lote 1478,5463.03,130
SKU-PRD-1479,Cable HDMI Modelo 1479,Cable de alta definición mallado 4K - Lote 1479,152.84,67
SKU-PRD-1480,Regulador Modelo 1480,Protector de voltaje multicontacto para oficina - Lote 1480,1150.19,165
SKU-PRD-1481,Disco Duro Modelo 1481,Unidad de almacenamiento externo de alta velocidad - Lote 1481,2252.12,57
SKU-PRD-1482,Teclado Modelo 1482,Teclado multimedia con iluminación LED - Lote 1482,804.58,45
SKU-PRD-1483,Smartphone Modelo 1483,Teléfono inteligente con cámara dual y gran batería - Lote 1483,11035.99,121
SKU-PRD-1484,Disco Duro Modelo 1484,Unidad de almacenamiento externo de alta velocidad - Lote 1484,917.85,64
SKU-PRD-1485,Disco Duro Modelo 1485,Unidad de almacenamiento externo de alta velocidad - Lote 1485,2789.46,183
SKU-PRD-1486,Mouse Modelo 1486,Mouse óptico ergonómico con conexión USB - Lote 1486,197.59,180
SKU-PRD-1487,Disco Duro Modelo 1487,Unidad de almacenamiento externo de alta velocidad - Lote 1487,2820.6,84
SKU-PRD-1488,Teclado Modelo 1488,Teclado multimedia con iluminación LED - Lote 1488,1337.27,43
SKU-PRD-1489,Impresora Modelo 1489,Impresora multifuncional a color con Wi-Fi - Lote 1489,2309.49,147
SKU-PRD-1490,Bocina Bluetooth Modelo 1490,Bocina inalámbrica portátil resistente al agua - Lote 1490,1998.51,84
SKU-PRD-1491,Bocina Bluetooth Modelo 1491,Bocina inalámbrica portátil resistente al agua - Lote 1491,1604.9,130
SKU-PRD-1492,Cable HDMI Modelo 1492,Cable de alta definición mallado 4K - Lote 1492,159.73,16
SKU-PRD-1493,Tablet Modelo 1493,Dispositivo táctil multimedia para estudio y trabajo - Lote 1493,4825.5,170
SKU-PRD-1494,Tablet Modelo 1494,Dispositivo táctil multimedia para estudio y trabajo - Lote 1494,6285.18,180
SKU-PRD-1495,Mouse Modelo 1495,Mouse óptico ergonómico con conexión USB - Lote 1495,438.48,88
SKU-PRD-1496,Silla Gamer Modelo 1496,Silla ergonómica ajustable con soporte lumbar - Lote 1496,4434.59,19
SKU-PRD-1497,Mouse Modelo 1497,Mouse óptico ergonómico con conexión USB - Lote 1497,238.19,141
SKU-PRD-1498,Regulador Modelo 1498,Protector de voltaje multicontacto para oficina - Lote 1498,942.62,91
SKU-PRD-1499,Teclado Modelo 1499,Teclado multimedia con iluminación LED - Lote 1499,1116.15,59
SKU-PRD-1500,Mouse Modelo 1500,Mouse óptico ergonómico con conexión USB - Lote 1500,317.96,23
SKU-PRD-1501,Disco Duro Modelo 1501,Unidad de almacenamiento externo de alta velocidad - Lote 1501,928.06,120
SKU-PRD-1502,Regulador Modelo 1502,Protector de voltaje multicontacto para oficina - Lote 1502,1075.15,72
SKU-PRD-1503,Bocina Bluetooth Modelo 1503,Bocina inalámbrica portátil resistente al agua - Lote 1503,693.83,12
SKU-PRD-1504,Memoria USB Modelo 1504,Unidad flash portátil de transferencia rápida - Lote 1504,290.28,198
SKU-PRD-1505,Impresora Modelo 1505,Impresora multifuncional a color con Wi-Fi - Lote 1505,3437.89,188
SKU-PRD-1506,Silla Gamer Modelo 1506,Silla ergonómica ajustable con soporte lumbar - Lote 1506,5707.26,12
SKU-PRD-1507,Memoria USB Modelo 1507,Unidad flash portátil de transferencia rápida - Lote 1507,255.94,64
SKU-PRD-1508,Monitor Modelo 1508,Pantalla LED Full HD con puertos HDMI - Lote 1508,5564.23,31
SKU-PRD-1509,Smartwatch Modelo 1509,Reloj inteligente deportivo con monitor de salud - Lote 1509,1021.11,91
SKU-PRD-1510,Disco Duro Modelo 1510,Unidad de almacenamiento externo de alta velocidad - Lote 1510,2410.92,164
SKU-PRD-1511,Smartphone Modelo 1511,Teléfono inteligente con cámara dual y gran batería - Lote 1511,10748.33,165
SKU-PRD-1512,Audífonos Modelo 1512,Audífonos estéreo con micrófono y cancelación de ruido - Lote 1512,1689.59,135
SKU-PRD-1513,Smartphone Modelo 1513,Teléfono inteligente con cámara dual y gran batería - Lote 1513,5166.89,117
SKU-PRD-1514,Audífonos Modelo 1514,Audífonos estéreo con micrófono y cancelación de ruido - Lote 1514,1509.9,37
SKU-PRD-1515,Mouse Modelo 1515,Mouse óptico ergonómico con conexión USB - Lote 1515,812.45,70
SKU-PRD-1516,Impresora Modelo 1516,Impresora multifuncional a color con Wi-Fi - Lote 1516,2498.6,28
SKU-PRD-1517,Laptop Modelo 1517,Ordenador portátil con procesador de alta velocidad y SSD - Lote 1517,21403.1,76
SKU-PRD-1518,Regulador Modelo 1518,Protector de voltaje multicontacto para oficina - Lote 1518,1171.54,128
SKU-PRD-1519,Bocina Bluetooth Modelo 1519,Bocina inalámbrica portátil resistente al agua - Lote 1519,1480.01,76
SKU-PRD-1520,Teclado Modelo 1520,Teclado multimedia con iluminación LED - Lote 1520,920.99,184
SKU-PRD-1521,Smartphone Modelo 1521,Teléfono inteligente con cámara dual y gran batería - Lote 1521,11301.17,18
SKU-PRD-1522,Smartwatch Modelo 1522,Reloj inteligente deportivo con monitor de salud - Lote 1522,586.64,22
SKU-PRD-1523,Regulador Modelo 1523,Protector de voltaje multicontacto para oficina - Lote 1523,873.92,198
SKU-PRD-1524,Impresora Modelo 1524,Impresora multifuncional a color con Wi-Fi - Lote 1524,2063.58,63
SKU-PRD-1525,Bocina Bluetooth Modelo 1525,Bocina inalámbrica portátil resistente al agua - Lote 1525,1541.67,119
SKU-PRD-1526,Memoria USB Modelo 1526,Unidad flash portátil de transferencia rápida - Lote 1526,395.81,115
SKU-PRD-1527,Laptop Modelo 1527,Ordenador portátil con procesador de alta velocidad y SSD - Lote 1527,18047.54,145
SKU-PRD-1528,Silla Gamer Modelo 1528,Silla ergonómica ajustable con soporte lumbar - Lote 1528,3883.2,66
SKU-PRD-1529,Impresora Modelo 1529,Impresora multifuncional a color con Wi-Fi - Lote 1529,2293.12,114
SKU-PRD-1530,Mouse Modelo 1530,Mouse óptico ergonómico con conexión USB - Lote 1530,361.43,9
SKU-PRD-1531,Silla Gamer Modelo 1531,Silla ergonómica ajustable con soporte lumbar - Lote 1531,4207.66,113
SKU-PRD-1532,Regulador Modelo 1532,Protector de voltaje multicontacto para oficina - Lote 1532,1064.3,95
SKU-PRD-1533,Smartphone Modelo 1533,Teléfono inteligente con cámara dual y gran batería - Lote 1533,5168.13,187
SKU-PRD-1534,Memoria USB Modelo 1534,Unidad flash portátil de transferencia rápida - Lote 1534,479.03,81
SKU-PRD-1535,Cable HDMI Modelo 1535,Cable de alta definición mallado 4K - Lote 1535,279.51,70
SKU-PRD-1536,Mouse Modelo 1536,Mouse óptico ergonómico con conexión USB - Lote 1536,231.87,158
SKU-PRD-1537,Monitor Modelo 1537,Pantalla LED Full HD con puertos HDMI - Lote 1537,3338.43,136
SKU-PRD-1538,Smartphone Modelo 1538,Teléfono inteligente con cámara dual y gran batería - Lote 1538,8444.82,69
SKU-PRD-1539,Impresora Modelo 1539,Impresora multifuncional a color con Wi-Fi - Lote 1539,2470.73,113
SKU-PRD-1540,Monitor Modelo 1540,Pantalla LED Full HD con puertos HDMI - Lote 1540,3683.49,32
SKU-PRD-1541,Monitor Modelo 1541,Pantalla LED Full HD con puertos HDMI - Lote 1541,5894.1,102
SKU-PRD-1542,Audífonos Modelo 1542,Audífonos estéreo con micrófono y cancelación de ruido - Lote 1542,1130.41,132
SKU-PRD-1543,Teclado Modelo 1543,Teclado multimedia con iluminación LED - Lote 1543,481.66,97
SKU-PRD-1544,Smartwatch Modelo 1544,Reloj inteligente deportivo con monitor de salud - Lote 1544,1343.78,108
SKU-PRD-1545,Bocina Bluetooth Modelo 1545,Bocina inalámbrica portátil resistente al agua - Lote 1545,1888.14,125
SKU-PRD-1546,Smartphone Modelo 1546,Teléfono inteligente con cámara dual y gran batería - Lote 1546,5325.14,63
SKU-PRD-1547,Impresora Modelo 1547,Impresora multifuncional a color con Wi-Fi - Lote 1547,2591.52,125
SKU-PRD-1548,Cable HDMI Modelo 1548,Cable de alta definición mallado 4K - Lote 1548,243.41,110
SKU-PRD-1549,Smartphone Modelo 1549,Teléfono inteligente con cámara dual y gran batería - Lote 1549,4283.13,157
SKU-PRD-1550,Memoria USB Modelo 1550,Unidad flash portátil de transferencia rápida - Lote 1550,105.69,138
SKU-PRD-1551,Cable HDMI Modelo 1551,Cable de alta definición mallado 4K - Lote 1551,136.76,133
SKU-PRD-1552,Memoria USB Modelo 1552,Unidad flash portátil de transferencia rápida - Lote 1552,445.05,85
SKU-PRD-1553,Disco Duro Modelo 1553,Unidad de almacenamiento externo de alta velocidad - Lote 1553,2755.47,161
SKU-PRD-1554,Monitor Modelo 1554,Pantalla LED Full HD con puertos HDMI - Lote 1554,3858.16,74
SKU-PRD-1555,Laptop Modelo 1555,Ordenador portátil con procesador de alta velocidad y SSD - Lote 1555,19469.05,81
SKU-PRD-1556,Disco Duro Modelo 1556,Unidad de almacenamiento externo de alta velocidad - Lote 1556,1403.4,194
SKU-PRD-1557,Teclado Modelo 1557,Teclado multimedia con iluminación LED - Lote 1557,520.34,167
SKU-PRD-1558,Audífonos Modelo 1558,Audífonos estéreo con micrófono y cancelación de ruido - Lote 1558,1480.89,149
SKU-PRD-1559,Bocina Bluetooth Modelo 1559,Bocina inalámbrica portátil resistente al agua - Lote 1559,1902.7,155
SKU-PRD-1560,Audífonos Modelo 1560,Audífonos estéreo con micrófono y cancelación de ruido - Lote 1560,1434.37,85
SKU-PRD-1561,Cable HDMI Modelo 1561,Cable de alta definición mallado 4K - Lote 1561,339.0,111
SKU-PRD-1562,Smartphone Modelo 1562,Teléfono inteligente con cámara dual y gran batería - Lote 1562,3935.6,139
SKU-PRD-1563,Smartphone Modelo 1563,Teléfono inteligente con cámara dual y gran batería - Lote 1563,6549.33,155
SKU-PRD-1564,Disco Duro Modelo 1564,Unidad de almacenamiento externo de alta velocidad - Lote 1564,3306.98,42
SKU-PRD-1565,Cable HDMI Modelo 1565,Cable de alta definición mallado 4K - Lote 1565,309.6,47
SKU-PRD-1566,Regulador Modelo 1566,Protector de voltaje multicontacto para oficina - Lote 1566,882.24,169
SKU-PRD-1567,Memoria USB Modelo 1567,Unidad flash portátil de transferencia rápida - Lote 1567,548.47,124
SKU-PRD-1568,Disco Duro Modelo 1568,Unidad de almacenamiento externo de alta velocidad - Lote 1568,1180.35,62
SKU-PRD-1569,Audífonos Modelo 1569,Audífonos estéreo con micrófono y cancelación de ruido - Lote 1569,1211.11,175
SKU-PRD-1570,Smartphone Modelo 1570,Teléfono inteligente con cámara dual y gran batería - Lote 1570,5126.51,142
SKU-PRD-1571,Bocina Bluetooth Modelo 1571,Bocina inalámbrica portátil resistente al agua - Lote 1571,1112.35,133
SKU-PRD-1572,Teclado Modelo 1572,Teclado multimedia con iluminación LED - Lote 1572,806.94,182
SKU-PRD-1573,Smartphone Modelo 1573,Teléfono inteligente con cámara dual y gran batería - Lote 1573,6880.03,156
SKU-PRD-1574,Memoria USB Modelo 1574,Unidad flash portátil de transferencia rápida - Lote 1574,250.39,177
SKU-PRD-1575,Bocina Bluetooth Modelo 1575,Bocina inalámbrica portátil resistente al agua - Lote 1575,1162.2,133
SKU-PRD-1576,Impresora Modelo 1576,Impresora multifuncional a color con Wi-Fi - Lote 1576,2779.94,51
SKU-PRD-1577,Teclado Modelo 1577,Teclado multimedia con iluminación LED - Lote 1577,314.58,117
SKU-PRD-1578,Audífonos Modelo 1578,Audífonos estéreo con micrófono y cancelación de ruido - Lote 1578,1560.78,128
SKU-PRD-1579,Disco Duro Modelo 1579,Unidad de almacenamiento externo de alta velocidad - Lote 1579,3401.81,147
SKU-PRD-1580,Smartwatch Modelo 1580,Reloj inteligente deportivo con monitor de salud - Lote 1580,1548.91,93
SKU-PRD-1581,Memoria USB Modelo 1581,Unidad flash portátil de transferencia rápida - Lote 1581,136.93,148
SKU-PRD-1582,Memoria USB Modelo 1582,Unidad flash portátil de transferencia rápida - Lote 1582,317.94,42
SKU-PRD-1583,Cable HDMI Modelo 1583,Cable de alta definición mallado 4K - Lote 1583,101.15,20
SKU-PRD-1584,Regulador Modelo 1584,Protector de voltaje multicontacto para oficina - Lote 1584,967.01,38
SKU-PRD-1585,Tablet Modelo 1585,Dispositivo táctil multimedia para estudio y trabajo - Lote 1585,2802.56,151
SKU-PRD-1586,Teclado Modelo 1586,Teclado multimedia con iluminación LED - Lote 1586,1146.63,120
SKU-PRD-1587,Tablet Modelo 1587,Dispositivo táctil multimedia para estudio y trabajo - Lote 1587,6821.37,104
SKU-PRD-1588,Audífonos Modelo 1588,Audífonos estéreo con micrófono y cancelación de ruido - Lote 1588,1233.53,12
SKU-PRD-1589,Teclado Modelo 1589,Teclado multimedia con iluminación LED - Lote 1589,1354.74,94
SKU-PRD-1590,Laptop Modelo 1590,Ordenador portátil con procesador de alta velocidad y SSD - Lote 1590,8283.29,197
SKU-PRD-1591,Impresora Modelo 1591,Impresora multifuncional a color con Wi-Fi - Lote 1591,3387.71,147
SKU-PRD-1592,Smartwatch Modelo 1592,Reloj inteligente deportivo con monitor de salud - Lote 1592,1469.17,99
SKU-PRD-1593,Bocina Bluetooth Modelo 1593,Bocina inalámbrica portátil resistente al agua - Lote 1593,953.29,93
SKU-PRD-1594,Smartwatch Modelo 1594,Reloj inteligente deportivo con monitor de salud - Lote 1594,1738.22,53
SKU-PRD-1595,Cable HDMI Modelo 1595,Cable de alta definición mallado 4K - Lote 1595,116.32,139
SKU-PRD-1596,Teclado Modelo 1596,Teclado multimedia con iluminación LED - Lote 1596,1064.54,33
SKU-PRD-1597,Audífonos Modelo 1597,Audífonos estéreo con micrófono y cancelación de ruido - Lote 1597,926.95,56
SKU-PRD-1598,Bocina Bluetooth Modelo 1598,Bocina inalámbrica portátil resistente al agua - Lote 1598,1525.1,76
SKU-PRD-1599,Silla Gamer Modelo 1599,Silla ergonómica ajustable con soporte lumbar - Lote 1599,5604.57,184
SKU-PRD-1600,Tablet Modelo 1600,Dispositivo táctil multimedia para estudio y trabajo - Lote 1600,2938.47,162
SKU-PRD-1601,Smartwatch Modelo 1601,Reloj inteligente deportivo con monitor de salud - Lote 1601,1173.26,11
SKU-PRD-1602,Impresora Modelo 1602,Impresora multifuncional a color con Wi-Fi - Lote 1602,2164.32,151
SKU-PRD-1603,Silla Gamer Modelo 1603,Silla ergonómica ajustable con soporte lumbar - Lote 1603,4010.12,146
SKU-PRD-1604,Bocina Bluetooth Modelo 1604,Bocina inalámbrica portátil resistente al agua - Lote 1604,549.09,8
SKU-PRD-1605,Regulador Modelo 1605,Protector de voltaje multicontacto para oficina - Lote 1605,838.32,87
SKU-PRD-1606,Mouse Modelo 1606,Mouse óptico ergonómico con conexión USB - Lote 1606,632.71,59
SKU-PRD-1607,Smartwatch Modelo 1607,Reloj inteligente deportivo con monitor de salud - Lote 1607,2123.64,148
SKU-PRD-1608,Smartphone Modelo 1608,Teléfono inteligente con cámara dual y gran batería - Lote 1608,3832.77,51
SKU-PRD-1609,Teclado Modelo 1609,Teclado multimedia con iluminación LED - Lote 1609,280.23,115
SKU-PRD-1610,Smartphone Modelo 1610,Teléfono inteligente con cámara dual y gran batería - Lote 1610,8648.32,40
SKU-PRD-1611,Mouse Modelo 1611,Mouse óptico ergonómico con conexión USB - Lote 1611,182.28,11
SKU-PRD-1612,Disco Duro Modelo 1612,Unidad de almacenamiento externo de alta velocidad - Lote 1612,2088.3,9
SKU-PRD-1613,Impresora Modelo 1613,Impresora multifuncional a color con Wi-Fi - Lote 1613,4258.12,150
SKU-PRD-1614,Disco Duro Modelo 1614,Unidad de almacenamiento externo de alta velocidad - Lote 1614,1517.81,147
SKU-PRD-1615,Impresora Modelo 1615,Impresora multifuncional a color con Wi-Fi - Lote 1615,3357.18,79
SKU-PRD-1616,Silla Gamer Modelo 1616,Silla ergonómica ajustable con soporte lumbar - Lote 1616,5520.71,80
SKU-PRD-1617,Smartphone Modelo 1617,Teléfono inteligente con cámara dual y gran batería - Lote 1617,10557.33,28
SKU-PRD-1618,Laptop Modelo 1618,Ordenador portátil con procesador de alta velocidad y SSD - Lote 1618,18065.85,162
SKU-PRD-1619,Teclado Modelo 1619,Teclado multimedia con iluminación LED - Lote 1619,1025.81,63
SKU-PRD-1620,Monitor Modelo 1620,Pantalla LED Full HD con puertos HDMI - Lote 1620,2753.82,66
SKU-PRD-1621,Mouse Modelo 1621,Mouse óptico ergonómico con conexión USB - Lote 1621,767.21,13
SKU-PRD-1622,Smartwatch Modelo 1622,Reloj inteligente deportivo con monitor de salud - Lote 1622,848.74,159
SKU-PRD-1623,Teclado Modelo 1623,Teclado multimedia con iluminación LED - Lote 1623,1249.11,92
SKU-PRD-1624,Smartphone Modelo 1624,Teléfono inteligente con cámara dual y gran batería - Lote 1624,9620.66,74
SKU-PRD-1625,Cable HDMI Modelo 1625,Cable de alta definición mallado 4K - Lote 1625,97.0,98
SKU-PRD-1626,Impresora Modelo 1626,Impresora multifuncional a color con Wi-Fi - Lote 1626,2110.16,147
SKU-PRD-1627,Bocina Bluetooth Modelo 1627,Bocina inalámbrica portátil resistente al agua - Lote 1627,1734.43,20
SKU-PRD-1628,Audífonos Modelo 1628,Audífonos estéreo con micrófono y cancelación de ruido - Lote 1628,1276.82,183
SKU-PRD-1629,Impresora Modelo 1629,Impresora multifuncional a color con Wi-Fi - Lote 1629,3388.03,146
SKU-PRD-1630,Mouse Modelo 1630,Mouse óptico ergonómico con conexión USB - Lote 1630,172.24,133
SKU-PRD-1631,Smartphone Modelo 1631,Teléfono inteligente con cámara dual y gran batería - Lote 1631,5035.58,51
SKU-PRD-1632,Teclado Modelo 1632,Teclado multimedia con iluminación LED - Lote 1632,421.37,63
SKU-PRD-1633,Monitor Modelo 1633,Pantalla LED Full HD con puertos HDMI - Lote 1633,2862.34,53
SKU-PRD-1634,Monitor Modelo 1634,Pantalla LED Full HD con puertos HDMI - Lote 1634,2810.98,19
SKU-PRD-1635,Smartwatch Modelo 1635,Reloj inteligente deportivo con monitor de salud - Lote 1635,974.42,75
SKU-PRD-1636,Impresora Modelo 1636,Impresora multifuncional a color con Wi-Fi - Lote 1636,1997.07,61
SKU-PRD-1637,Smartwatch Modelo 1637,Reloj inteligente deportivo con monitor de salud - Lote 1637,549.58,134
SKU-PRD-1638,Tablet Modelo 1638,Dispositivo táctil multimedia para estudio y trabajo - Lote 1638,2660.01,37
SKU-PRD-1639,Audífonos Modelo 1639,Audífonos estéreo con micrófono y cancelación de ruido - Lote 1639,605.51,172
SKU-PRD-1640,Monitor Modelo 1640,Pantalla LED Full HD con puertos HDMI - Lote 1640,5895.04,16
SKU-PRD-1641,Silla Gamer Modelo 1641,Silla ergonómica ajustable con soporte lumbar - Lote 1641,5881.18,165
SKU-PRD-1642,Smartphone Modelo 1642,Teléfono inteligente con cámara dual y gran batería - Lote 1642,8247.47,127
SKU-PRD-1643,Mouse Modelo 1643,Mouse óptico ergonómico con conexión USB - Lote 1643,390.62,70
SKU-PRD-1644,Regulador Modelo 1644,Protector de voltaje multicontacto para oficina - Lote 1644,1080.08,170
SKU-PRD-1645,Laptop Modelo 1645,Ordenador portátil con procesador de alta velocidad y SSD - Lote 1645,9906.72,176
SKU-PRD-1646,Teclado Modelo 1646,Teclado multimedia con iluminación LED - Lote 1646,377.72,18
SKU-PRD-1647,Disco Duro Modelo 1647,Unidad de almacenamiento externo de alta velocidad - Lote 1647,2167.3,23
SKU-PRD-1648,Monitor Modelo 1648,Pantalla LED Full HD con puertos HDMI - Lote 1648,4650.46,61
SKU-PRD-1649,Smartphone Modelo 1649,Teléfono inteligente con cámara dual y gran batería - Lote 1649,5445.26,171
SKU-PRD-1650,Disco Duro Modelo 1650,Unidad de almacenamiento externo de alta velocidad - Lote 1650,3291.91,51
SKU-PRD-1651,Smartphone Modelo 1651,Teléfono inteligente con cámara dual y gran batería - Lote 1651,4656.21,149
SKU-PRD-1652,Impresora Modelo 1652,Impresora multifuncional a color con Wi-Fi - Lote 1652,2244.79,14
SKU-PRD-1653,Teclado Modelo 1653,Teclado multimedia con iluminación LED - Lote 1653,1127.67,115
SKU-PRD-1654,Smartphone Modelo 1654,Teléfono inteligente con cámara dual y gran batería - Lote 1654,5682.67,33
SKU-PRD-1655,Memoria USB Modelo 1655,Unidad flash portátil de transferencia rápida - Lote 1655,583.46,22
SKU-PRD-1656,Smartwatch Modelo 1656,Reloj inteligente deportivo con monitor de salud - Lote 1656,2171.03,95
SKU-PRD-1657,Laptop Modelo 1657,Ordenador portátil con procesador de alta velocidad y SSD - Lote 1657,24506.91,27
SKU-PRD-1658,Laptop Modelo 1658,Ordenador portátil con procesador de alta velocidad y SSD - Lote 1658,22023.2,94
SKU-PRD-1659,Silla Gamer Modelo 1659,Silla ergonómica ajustable con soporte lumbar - Lote 1659,4219.23,45
SKU-PRD-1660,Smartwatch Modelo 1660,Reloj inteligente deportivo con monitor de salud - Lote 1660,2129.82,24
SKU-PRD-1661,Laptop Modelo 1661,Ordenador portátil con procesador de alta velocidad y SSD - Lote 1661,18046.66,180
SKU-PRD-1662,Cable HDMI Modelo 1662,Cable de alta definición mallado 4K - Lote 1662,219.89,81
SKU-PRD-1663,Monitor Modelo 1663,Pantalla LED Full HD con puertos HDMI - Lote 1663,2921.49,150
SKU-PRD-1664,Audífonos Modelo 1664,Audífonos estéreo con micrófono y cancelación de ruido - Lote 1664,1256.97,72
SKU-PRD-1665,Cable HDMI Modelo 1665,Cable de alta definición mallado 4K - Lote 1665,254.48,150
SKU-PRD-1666,Tablet Modelo 1666,Dispositivo táctil multimedia para estudio y trabajo - Lote 1666,5131.67,195
SKU-PRD-1667,Monitor Modelo 1667,Pantalla LED Full HD con puertos HDMI - Lote 1667,3809.95,21
SKU-PRD-1668,Mouse Modelo 1668,Mouse óptico ergonómico con conexión USB - Lote 1668,704.67,196
SKU-PRD-1669,Regulador Modelo 1669,Protector de voltaje multicontacto para oficina - Lote 1669,722.25,128
SKU-PRD-1670,Disco Duro Modelo 1670,Unidad de almacenamiento externo de alta velocidad - Lote 1670,2876.4,100
SKU-PRD-1671,Bocina Bluetooth Modelo 1671,Bocina inalámbrica portátil resistente al agua - Lote 1671,637.19,79
SKU-PRD-1672,Disco Duro Modelo 1672,Unidad de almacenamiento externo de alta velocidad - Lote 1672,3498.83,175
SKU-PRD-1673,Tablet Modelo 1673,Dispositivo táctil multimedia para estudio y trabajo - Lote 1673,6397.03,189
SKU-PRD-1674,Audífonos Modelo 1674,Audífonos estéreo con micrófono y cancelación de ruido - Lote 1674,467.4,82
SKU-PRD-1675,Tablet Modelo 1675,Dispositivo táctil multimedia para estudio y trabajo - Lote 1675,4087.23,124
SKU-PRD-1676,Smartphone Modelo 1676,Teléfono inteligente con cámara dual y gran batería - Lote 1676,8280.11,34
SKU-PRD-1677,Cable HDMI Modelo 1677,Cable de alta definición mallado 4K - Lote 1677,247.78,139
SKU-PRD-1678,Teclado Modelo 1678,Teclado multimedia con iluminación LED - Lote 1678,869.01,107
SKU-PRD-1679,Cable HDMI Modelo 1679,Cable de alta definición mallado 4K - Lote 1679,97.91,148
SKU-PRD-1680,Regulador Modelo 1680,Protector de voltaje multicontacto para oficina - Lote 1680,634.75,151
SKU-PRD-1681,Regulador Modelo 1681,Protector de voltaje multicontacto para oficina - Lote 1681,539.39,18
SKU-PRD-1682,Audífonos Modelo 1682,Audífonos estéreo con micrófono y cancelación de ruido - Lote 1682,1080.72,111
SKU-PRD-1683,Regulador Modelo 1683,Protector de voltaje multicontacto para oficina - Lote 1683,655.71,190
SKU-PRD-1684,Teclado Modelo 1684,Teclado multimedia con iluminación LED - Lote 1684,1252.41,32
SKU-PRD-1685,Smartwatch Modelo 1685,Reloj inteligente deportivo con monitor de salud - Lote 1685,2219.86,190
SKU-PRD-1686,Monitor Modelo 1686,Pantalla LED Full HD con puertos HDMI - Lote 1686,5513.96,176
SKU-PRD-1687,Impresora Modelo 1687,Impresora multifuncional a color con Wi-Fi - Lote 1687,3936.49,162
SKU-PRD-1688,Smartphone Modelo 1688,Teléfono inteligente con cámara dual y gran batería - Lote 1688,10724.77,95
SKU-PRD-1689,Laptop Modelo 1689,Ordenador portátil con procesador de alta velocidad y SSD - Lote 1689,14328.87,93
SKU-PRD-1690,Monitor Modelo 1690,Pantalla LED Full HD con puertos HDMI - Lote 1690,4839.51,57
SKU-PRD-1691,Smartwatch Modelo 1691,Reloj inteligente deportivo con monitor de salud - Lote 1691,601.98,27
SKU-PRD-1692,Memoria USB Modelo 1692,Unidad flash portátil de transferencia rápida - Lote 1692,526.64,172
SKU-PRD-1693,Monitor Modelo 1693,Pantalla LED Full HD con puertos HDMI - Lote 1693,4506.54,170
SKU-PRD-1694,Teclado Modelo 1694,Teclado multimedia con iluminación LED - Lote 1694,468.68,115
SKU-PRD-1695,Cable HDMI Modelo 1695,Cable de alta definición mallado 4K - Lote 1695,258.72,141
SKU-PRD-1696,Disco Duro Modelo 1696,Unidad de almacenamiento externo de alta velocidad - Lote 1696,947.0,105
SKU-PRD-1697,Smartwatch Modelo 1697,Reloj inteligente deportivo con monitor de salud - Lote 1697,2191.33,23
SKU-PRD-1698,Tablet Modelo 1698,Dispositivo táctil multimedia para estudio y trabajo - Lote 1698,5110.06,139
SKU-PRD-1699,Tablet Modelo 1699,Dispositivo táctil multimedia para estudio y trabajo - Lote 1699,7427.81,15
SKU-PRD-1700,Regulador Modelo 1700,Protector de voltaje multicontacto para oficina - Lote 1700,727.07,88
SKU-PRD-1701,Disco Duro Modelo 1701,Unidad de almacenamiento externo de alta velocidad - Lote 1701,1663.08,136
SKU-PRD-1702,Impresora Modelo 1702,Impresora multifuncional a color con Wi-Fi - Lote 1702,2048.23,126
SKU-PRD-1703,Memoria USB Modelo 1703,Unidad flash portátil de transferencia rápida - Lote 1703,166.13,74
SKU-PRD-1704,Smartwatch Modelo 1704,Reloj inteligente deportivo con monitor de salud - Lote 1704,588.47,8
SKU-PRD-1705,Smartphone Modelo 1705,Teléfono inteligente con cámara dual y gran batería - Lote 1705,8242.24,137
SKU-PRD-1706,Memoria USB Modelo 1706,Unidad flash portátil de transferencia rápida - Lote 1706,542.11,126
SKU-PRD-1707,Mouse Modelo 1707,Mouse óptico ergonómico con conexión USB - Lote 1707,336.15,75
SKU-PRD-1708,Mouse Modelo 1708,Mouse óptico ergonómico con conexión USB - Lote 1708,699.75,31
SKU-PRD-1709,Smartphone Modelo 1709,Teléfono inteligente con cámara dual y gran batería - Lote 1709,7785.69,27
SKU-PRD-1710,Silla Gamer Modelo 1710,Silla ergonómica ajustable con soporte lumbar - Lote 1710,2899.93,28
SKU-PRD-1711,Tablet Modelo 1711,Dispositivo táctil multimedia para estudio y trabajo - Lote 1711,6478.73,63
SKU-PRD-1712,Regulador Modelo 1712,Protector de voltaje multicontacto para oficina - Lote 1712,1139.71,161
SKU-PRD-1713,Audífonos Modelo 1713,Audífonos estéreo con micrófono y cancelación de ruido - Lote 1713,1330.47,177
SKU-PRD-1714,Smartphone Modelo 1714,Teléfono inteligente con cámara dual y gran batería - Lote 1714,10297.51,119
SKU-PRD-1715,Regulador Modelo 1715,Protector de voltaje multicontacto para oficina - Lote 1715,742.04,132
SKU-PRD-1716,Cable HDMI Modelo 1716,Cable de alta definición mallado 4K - Lote 1716,349.37,68
SKU-PRD-1717,Memoria USB Modelo 1717,Unidad flash portátil de transferencia rápida - Lote 1717,277.19,55
SKU-PRD-1718,Smartwatch Modelo 1718,Reloj inteligente deportivo con monitor de salud - Lote 1718,729.36,167
SKU-PRD-1719,Cable HDMI Modelo 1719,Cable de alta definición mallado 4K - Lote 1719,263.48,55
SKU-PRD-1720,Monitor Modelo 1720,Pantalla LED Full HD con puertos HDMI - Lote 1720,2887.76,154
SKU-PRD-1721,Bocina Bluetooth Modelo 1721,Bocina inalámbrica portátil resistente al agua - Lote 1721,1187.53,64
SKU-PRD-1722,Disco Duro Modelo 1722,Unidad de almacenamiento externo de alta velocidad - Lote 1722,2957.84,104
SKU-PRD-1723,Smartwatch Modelo 1723,Reloj inteligente deportivo con monitor de salud - Lote 1723,1659.02,52
SKU-PRD-1724,Laptop Modelo 1724,Ordenador portátil con procesador de alta velocidad y SSD - Lote 1724,15549.62,14
SKU-PRD-1725,Bocina Bluetooth Modelo 1725,Bocina inalámbrica portátil resistente al agua - Lote 1725,1334.58,188
SKU-PRD-1726,Regulador Modelo 1726,Protector de voltaje multicontacto para oficina - Lote 1726,1052.0,5
SKU-PRD-1727,Silla Gamer Modelo 1727,Silla ergonómica ajustable con soporte lumbar - Lote 1727,4478.14,167
SKU-PRD-1728,Mouse Modelo 1728,Mouse óptico ergonómico con conexión USB - Lote 1728,778.73,8
SKU-PRD-1729,Monitor Modelo 1729,Pantalla LED Full HD con puertos HDMI - Lote 1729,3961.85,107
SKU-PRD-1730,Cable HDMI Modelo 1730,Cable de alta definición mallado 4K - Lote 1730,138.78,97
SKU-PRD-1731,Silla Gamer Modelo 1731,Silla ergonómica ajustable con soporte lumbar - Lote 1731,3988.75,10
SKU-PRD-1732,Tablet Modelo 1732,Dispositivo táctil multimedia para estudio y trabajo - Lote 1732,6014.07,97
SKU-PRD-1733,Disco Duro Modelo 1733,Unidad de almacenamiento externo de alta velocidad - Lote 1733,1107.71,27
SKU-PRD-1734,Memoria USB Modelo 1734,Unidad flash portátil de transferencia rápida - Lote 1734,582.44,47
SKU-PRD-1735,Smartwatch Modelo 1735,Reloj inteligente deportivo con monitor de salud - Lote 1735,1926.75,118
SKU-PRD-1736,Disco Duro Modelo 1736,Unidad de almacenamiento externo de alta velocidad - Lote 1736,1293.05,114
SKU-PRD-1737,Teclado Modelo 1737,Teclado multimedia con iluminación LED - Lote 1737,1147.72,193
SKU-PRD-1738,Bocina Bluetooth Modelo 1738,Bocina inalámbrica portátil resistente al agua - Lote 1738,1493.73,166
SKU-PRD-1739,Regulador Modelo 1739,Protector de voltaje multicontacto para oficina - Lote 1739,449.8,75
SKU-PRD-1740,Monitor Modelo 1740,Pantalla LED Full HD con puertos HDMI - Lote 1740,2123.99,173
SKU-PRD-1741,Monitor Modelo 1741,Pantalla LED Full HD con puertos HDMI - Lote 1741,3095.57,32
SKU-PRD-1742,Disco Duro Modelo 1742,Unidad de almacenamiento externo de alta velocidad - Lote 1742,3099.23,64
SKU-PRD-1743,Tablet Modelo 1743,Dispositivo táctil multimedia para estudio y trabajo - Lote 1743,2922.7,28
SKU-PRD-1744,Audífonos Modelo 1744,Audífonos estéreo con micrófono y cancelación de ruido - Lote 1744,1175.15,62
SKU-PRD-1745,Cable HDMI Modelo 1745,Cable de alta definición mallado 4K - Lote 1745,181.07,21
SKU-PRD-1746,Audífonos Modelo 1746,Audífonos estéreo con micrófono y cancelación de ruido - Lote 1746,1737.3,182
SKU-PRD-1747,Memoria USB Modelo 1747,Unidad flash portátil de transferencia rápida - Lote 1747,432.66,133
SKU-PRD-1748,Mouse Modelo 1748,Mouse óptico ergonómico con conexión USB - Lote 1748,834.92,78
SKU-PRD-1749,Bocina Bluetooth Modelo 1749,Bocina inalámbrica portátil resistente al agua - Lote 1749,1386.88,170
SKU-PRD-1750,Smartphone Modelo 1750,Teléfono inteligente con cámara dual y gran batería - Lote 1750,11933.84,67
SKU-PRD-1751,Audífonos Modelo 1751,Audífonos estéreo con micrófono y cancelación de ruido - Lote 1751,350.63,93
SKU-PRD-1752,Laptop Modelo 1752,Ordenador portátil con procesador de alta velocidad y SSD - Lote 1752,15613.09,12
SKU-PRD-1753,Impresora Modelo 1753,Impresora multifuncional a color con Wi-Fi - Lote 1753,2159.75,48
SKU-PRD-1754,Disco Duro Modelo 1754,Unidad de almacenamiento externo de alta velocidad - Lote 1754,1112.61,150
SKU-PRD-1755,Smartphone Modelo 1755,Teléfono inteligente con cámara dual y gran batería - Lote 1755,6806.75,104
SKU-PRD-1756,Teclado Modelo 1756,Teclado multimedia con iluminación LED - Lote 1756,977.1,186
SKU-PRD-1757,Audífonos Modelo 1757,Audífonos estéreo con micrófono y cancelación de ruido - Lote 1757,937.64,80
SKU-PRD-1758,Audífonos Modelo 1758,Audífonos estéreo con micrófono y cancelación de ruido - Lote 1758,820.25,48
SKU-PRD-1759,Audífonos Modelo 1759,Audífonos estéreo con micrófono y cancelación de ruido - Lote 1759,1018.96,148
SKU-PRD-1760,Cable HDMI Modelo 1760,Cable de alta definición mallado 4K - Lote 1760,298.62,134
SKU-PRD-1761,Regulador Modelo 1761,Protector de voltaje multicontacto para oficina - Lote 1761,922.92,147
SKU-PRD-1762,Regulador Modelo 1762,Protector de voltaje multicontacto para oficina - Lote 1762,786.99,198
SKU-PRD-1763,Smartwatch Modelo 1763,Reloj inteligente deportivo con monitor de salud - Lote 1763,1909.82,135
SKU-PRD-1764,Memoria USB Modelo 1764,Unidad flash portátil de transferencia rápida - Lote 1764,481.33,165
SKU-PRD-1765,Regulador Modelo 1765,Protector de voltaje multicontacto para oficina - Lote 1765,353.96,135
SKU-PRD-1766,Mouse Modelo 1766,Mouse óptico ergonómico con conexión USB - Lote 1766,442.21,118
SKU-PRD-1767,Regulador Modelo 1767,Protector de voltaje multicontacto para oficina - Lote 1767,1047.94,10
SKU-PRD-1768,Impresora Modelo 1768,Impresora multifuncional a color con Wi-Fi - Lote 1768,4036.27,84
SKU-PRD-1769,Laptop Modelo 1769,Ordenador portátil con procesador de alta velocidad y SSD - Lote 1769,10121.58,73
SKU-PRD-1770,Bocina Bluetooth Modelo 1770,Bocina inalámbrica portátil resistente al agua - Lote 1770,988.79,179
SKU-PRD-1771,Silla Gamer Modelo 1771,Silla ergonómica ajustable con soporte lumbar - Lote 1771,4034.03,69
SKU-PRD-1772,Smartphone Modelo 1772,Teléfono inteligente con cámara dual y gran batería - Lote 1772,10034.54,102
SKU-PRD-1773,Impresora Modelo 1773,Impresora multifuncional a color con Wi-Fi - Lote 1773,3799.98,66
SKU-PRD-1774,Laptop Modelo 1774,Ordenador portátil con procesador de alta velocidad y SSD - Lote 1774,19239.65,105
SKU-PRD-1775,Cable HDMI Modelo 1775,Cable de alta definición mallado 4K - Lote 1775,269.06,93
SKU-PRD-1776,Tablet Modelo 1776,Dispositivo táctil multimedia para estudio y trabajo - Lote 1776,4721.17,89
SKU-PRD-1777,Regulador Modelo 1777,Protector de voltaje multicontacto para oficina - Lote 1777,1114.81,13
SKU-PRD-1778,Audífonos Modelo 1778,Audífonos estéreo con micrófono y cancelación de ruido - Lote 1778,1593.91,7
SKU-PRD-1779,Impresora Modelo 1779,Impresora multifuncional a color con Wi-Fi - Lote 1779,4463.28,186
SKU-PRD-1780,Smartwatch Modelo 1780,Reloj inteligente deportivo con monitor de salud - Lote 1780,792.83,77
SKU-PRD-1781,Laptop Modelo 1781,Ordenador portátil con procesador de alta velocidad y SSD - Lote 1781,9489.25,31
SKU-PRD-1782,Mouse Modelo 1782,Mouse óptico ergonómico con conexión USB - Lote 1782,494.79,46
SKU-PRD-1783,Teclado Modelo 1783,Teclado multimedia con iluminación LED - Lote 1783,1316.8,64
SKU-PRD-1784,Cable HDMI Modelo 1784,Cable de alta definición mallado 4K - Lote 1784,89.78,84
SKU-PRD-1785,Smartphone Modelo 1785,Teléfono inteligente con cámara dual y gran batería - Lote 1785,10547.74,75
SKU-PRD-1786,Silla Gamer Modelo 1786,Silla ergonómica ajustable con soporte lumbar - Lote 1786,4685.19,40
SKU-PRD-1787,Smartphone Modelo 1787,Teléfono inteligente con cámara dual y gran batería - Lote 1787,4819.27,129
SKU-PRD-1788,Disco Duro Modelo 1788,Unidad de almacenamiento externo de alta velocidad - Lote 1788,3392.73,110
SKU-PRD-1789,Audífonos Modelo 1789,Audífonos estéreo con micrófono y cancelación de ruido - Lote 1789,876.86,124
SKU-PRD-1790,Monitor Modelo 1790,Pantalla LED Full HD con puertos HDMI - Lote 1790,4015.02,117
SKU-PRD-1791,Monitor Modelo 1791,Pantalla LED Full HD con puertos HDMI - Lote 1791,2057.79,128
SKU-PRD-1792,Silla Gamer Modelo 1792,Silla ergonómica ajustable con soporte lumbar - Lote 1792,3151.84,63
SKU-PRD-1793,Smartphone Modelo 1793,Teléfono inteligente con cámara dual y gran batería - Lote 1793,9735.39,147
SKU-PRD-1794,Smartphone Modelo 1794,Teléfono inteligente con cámara dual y gran batería - Lote 1794,5205.57,35
SKU-PRD-1795,Disco Duro Modelo 1795,Unidad de almacenamiento externo de alta velocidad - Lote 1795,2458.71,130
SKU-PRD-1796,Monitor Modelo 1796,Pantalla LED Full HD con puertos HDMI - Lote 1796,3243.13,52
SKU-PRD-1797,Disco Duro Modelo 1797,Unidad de almacenamiento externo de alta velocidad - Lote 1797,2199.99,184
SKU-PRD-1798,Memoria USB Modelo 1798,Unidad flash portátil de transferencia rápida - Lote 1798,437.81,190
SKU-PRD-1799,Mouse Modelo 1799,Mouse óptico ergonómico con conexión USB - Lote 1799,295.19,158
SKU-PRD-1800,Bocina Bluetooth Modelo 1800,Bocina inalámbrica portátil resistente al agua - Lote 1800,1571.78,88
SKU-PRD-1801,Monitor Modelo 1801,Pantalla LED Full HD con puertos HDMI - Lote 1801,6427.78,30
SKU-PRD-1802,Monitor Modelo 1802,Pantalla LED Full HD con puertos HDMI - Lote 1802,3113.46,65
SKU-PRD-1803,Regulador Modelo 1803,Protector de voltaje multicontacto para oficina - Lote 1803,647.01,26
SKU-PRD-1804,Memoria USB Modelo 1804,Unidad flash portátil de transferencia rápida - Lote 1804,147.04,193
SKU-PRD-1805,Regulador Modelo 1805,Protector de voltaje multicontacto para oficina - Lote 1805,372.11,92
SKU-PRD-1806,Silla Gamer Modelo 1806,Silla ergonómica ajustable con soporte lumbar - Lote 1806,3325.94,154
SKU-PRD-1807,Bocina Bluetooth Modelo 1807,Bocina inalámbrica portátil resistente al agua - Lote 1807,1159.89,58
SKU-PRD-1808,Teclado Modelo 1808,Teclado multimedia con iluminación LED - Lote 1808,1143.68,41
SKU-PRD-1809,Regulador Modelo 1809,Protector de voltaje multicontacto para oficina - Lote 1809,1145.06,117
SKU-PRD-1810,Monitor Modelo 1810,Pantalla LED Full HD con puertos HDMI - Lote 1810,3563.45,51
SKU-PRD-1811,Smartwatch Modelo 1811,Reloj inteligente deportivo con monitor de salud - Lote 1811,1846.65,191
SKU-PRD-1812,Mouse Modelo 1812,Mouse óptico ergonómico con conexión USB - Lote 1812,765.09,34
SKU-PRD-1813,Mouse Modelo 1813,Mouse óptico ergonómico con conexión USB - Lote 1813,327.26,146
SKU-PRD-1814,Smartwatch Modelo 1814,Reloj inteligente deportivo con monitor de salud - Lote 1814,2099.88,21
SKU-PRD-1815,Memoria USB Modelo 1815,Unidad flash portátil de transferencia rápida - Lote 1815,176.81,159
SKU-PRD-1816,Cable HDMI Modelo 1816,Cable de alta definición mallado 4K - Lote 1816,198.76,180
SKU-PRD-1817,Smartwatch Modelo 1817,Reloj inteligente deportivo con monitor de salud - Lote 1817,600.85,7
SKU-PRD-1818,Audífonos Modelo 1818,Audífonos estéreo con micrófono y cancelación de ruido - Lote 1818,1146.4,146
SKU-PRD-1819,Cable HDMI Modelo 1819,Cable de alta definición mallado 4K - Lote 1819,241.72,7
SKU-PRD-1820,Mouse Modelo 1820,Mouse óptico ergonómico con conexión USB - Lote 1820,308.27,87
SKU-PRD-1821,Mouse Modelo 1821,Mouse óptico ergonómico con conexión USB - Lote 1821,226.58,17
SKU-PRD-1822,Silla Gamer Modelo 1822,Silla ergonómica ajustable con soporte lumbar - Lote 1822,4319.44,138
SKU-PRD-1823,Audífonos Modelo 1823,Audífonos estéreo con micrófono y cancelación de ruido - Lote 1823,609.66,170
SKU-PRD-1824,Tablet Modelo 1824,Dispositivo táctil multimedia para estudio y trabajo - Lote 1824,6959.25,28
SKU-PRD-1825,Bocina Bluetooth Modelo 1825,Bocina inalámbrica portátil resistente al agua - Lote 1825,1631.74,20
SKU-PRD-1826,Memoria USB Modelo 1826,Unidad flash portátil de transferencia rápida - Lote 1826,312.85,158
SKU-PRD-1827,Monitor Modelo 1827,Pantalla LED Full HD con puertos HDMI - Lote 1827,4596.82,176
SKU-PRD-1828,Silla Gamer Modelo 1828,Silla ergonómica ajustable con soporte lumbar - Lote 1828,2821.27,135
SKU-PRD-1829,Regulador Modelo 1829,Protector de voltaje multicontacto para oficina - Lote 1829,510.7,35
SKU-PRD-1830,Mouse Modelo 1830,Mouse óptico ergonómico con conexión USB - Lote 1830,155.21,95
SKU-PRD-1831,Disco Duro Modelo 1831,Unidad de almacenamiento externo de alta velocidad - Lote 1831,3046.93,157
SKU-PRD-1832,Regulador Modelo 1832,Protector de voltaje multicontacto para oficina - Lote 1832,764.03,62
SKU-PRD-1833,Smartwatch Modelo 1833,Reloj inteligente deportivo con monitor de salud - Lote 1833,535.9,78
SKU-PRD-1834,Monitor Modelo 1834,Pantalla LED Full HD con puertos HDMI - Lote 1834,6043.68,59
SKU-PRD-1835,Audífonos Modelo 1835,Audífonos estéreo con micrófono y cancelación de ruido - Lote 1835,970.14,190
SKU-PRD-1836,Smartphone Modelo 1836,Teléfono inteligente con cámara dual y gran batería - Lote 1836,4265.14,17
SKU-PRD-1837,Smartphone Modelo 1837,Teléfono inteligente con cámara dual y gran batería - Lote 1837,5497.61,23
SKU-PRD-1838,Memoria USB Modelo 1838,Unidad flash portátil de transferencia rápida - Lote 1838,535.37,35
SKU-PRD-1839,Monitor Modelo 1839,Pantalla LED Full HD con puertos HDMI - Lote 1839,3250.56,85
SKU-PRD-1840,Regulador Modelo 1840,Protector de voltaje multicontacto para oficina - Lote 1840,1086.06,192
SKU-PRD-1841,Teclado Modelo 1841,Teclado multimedia con iluminación LED - Lote 1841,347.65,130
SKU-PRD-1842,Silla Gamer Modelo 1842,Silla ergonómica ajustable con soporte lumbar - Lote 1842,5370.49,13
SKU-PRD-1843,Memoria USB Modelo 1843,Unidad flash portátil de transferencia rápida - Lote 1843,159.68,149
SKU-PRD-1844,Disco Duro Modelo 1844,Unidad de almacenamiento externo de alta velocidad - Lote 1844,1528.87,150
SKU-PRD-1845,Regulador Modelo 1845,Protector de voltaje multicontacto para oficina - Lote 1845,737.81,69
SKU-PRD-1846,Memoria USB Modelo 1846,Unidad flash portátil de transferencia rápida - Lote 1846,116.39,172
SKU-PRD-1847,Mouse Modelo 1847,Mouse óptico ergonómico con conexión USB - Lote 1847,237.87,136
SKU-PRD-1848,Tablet Modelo 1848,Dispositivo táctil multimedia para estudio y trabajo - Lote 1848,3935.78,151
SKU-PRD-1849,Smartphone Modelo 1849,Teléfono inteligente con cámara dual y gran batería - Lote 1849,4740.1,72
SKU-PRD-1850,Regulador Modelo 1850,Protector de voltaje multicontacto para oficina - Lote 1850,1181.39,27
SKU-PRD-1851,Disco Duro Modelo 1851,Unidad de almacenamiento externo de alta velocidad - Lote 1851,2503.39,108
SKU-PRD-1852,Regulador Modelo 1852,Protector de voltaje multicontacto para oficina - Lote 1852,1117.39,6
SKU-PRD-1853,Smartphone Modelo 1853,Teléfono inteligente con cámara dual y gran batería - Lote 1853,5686.49,48
SKU-PRD-1854,Regulador Modelo 1854,Protector de voltaje multicontacto para oficina - Lote 1854,619.9,119
SKU-PRD-1855,Bocina Bluetooth Modelo 1855,Bocina inalámbrica portátil resistente al agua - Lote 1855,1208.9,89
SKU-PRD-1856,Memoria USB Modelo 1856,Unidad flash portátil de transferencia rápida - Lote 1856,277.09,75
SKU-PRD-1857,Impresora Modelo 1857,Impresora multifuncional a color con Wi-Fi - Lote 1857,2747.72,150
SKU-PRD-1858,Tablet Modelo 1858,Dispositivo táctil multimedia para estudio y trabajo - Lote 1858,2919.11,110
SKU-PRD-1859,Regulador Modelo 1859,Protector de voltaje multicontacto para oficina - Lote 1859,491.41,104
SKU-PRD-1860,Smartphone Modelo 1860,Teléfono inteligente con cámara dual y gran batería - Lote 1860,7759.2,111
SKU-PRD-1861,Silla Gamer Modelo 1861,Silla ergonómica ajustable con soporte lumbar - Lote 1861,3645.71,15
SKU-PRD-1862,Smartphone Modelo 1862,Teléfono inteligente con cámara dual y gran batería - Lote 1862,11497.61,42
SKU-PRD-1863,Cable HDMI Modelo 1863,Cable de alta definición mallado 4K - Lote 1863,122.37,125
SKU-PRD-1864,Memoria USB Modelo 1864,Unidad flash portátil de transferencia rápida - Lote 1864,467.34,49
SKU-PRD-1865,Monitor Modelo 1865,Pantalla LED Full HD con puertos HDMI - Lote 1865,2715.7,108
SKU-PRD-1866,Cable HDMI Modelo 1866,Cable de alta definición mallado 4K - Lote 1866,238.44,192
SKU-PRD-1867,Silla Gamer Modelo 1867,Silla ergonómica ajustable con soporte lumbar - Lote 1867,2882.01,151
SKU-PRD-1868,Bocina Bluetooth Modelo 1868,Bocina inalámbrica portátil resistente al agua - Lote 1868,1769.58,88
SKU-PRD-1869,Impresora Modelo 1869,Impresora multifuncional a color con Wi-Fi - Lote 1869,2389.13,12
SKU-PRD-1870,Cable HDMI Modelo 1870,Cable de alta definición mallado 4K - Lote 1870,140.12,94
SKU-PRD-1871,Silla Gamer Modelo 1871,Silla ergonómica ajustable con soporte lumbar - Lote 1871,4126.74,28
SKU-PRD-1872,Laptop Modelo 1872,Ordenador portátil con procesador de alta velocidad y SSD - Lote 1872,13025.52,63
SKU-PRD-1873,Regulador Modelo 1873,Protector de voltaje multicontacto para oficina - Lote 1873,774.35,164
SKU-PRD-1874,Memoria USB Modelo 1874,Unidad flash portátil de transferencia rápida - Lote 1874,192.31,14
SKU-PRD-1875,Memoria USB Modelo 1875,Unidad flash portátil de transferencia rápida - Lote 1875,558.2,39
SKU-PRD-1876,Laptop Modelo 1876,Ordenador portátil con procesador de alta velocidad y SSD - Lote 1876,22922.25,76
SKU-PRD-1877,Smartwatch Modelo 1877,Reloj inteligente deportivo con monitor de salud - Lote 1877,2128.39,184
SKU-PRD-1878,Mouse Modelo 1878,Mouse óptico ergonómico con conexión USB - Lote 1878,741.79,46
SKU-PRD-1879,Bocina Bluetooth Modelo 1879,Bocina inalámbrica portátil resistente al agua - Lote 1879,1652.07,179
SKU-PRD-1880,Disco Duro Modelo 1880,Unidad de almacenamiento externo de alta velocidad - Lote 1880,1731.52,178
SKU-PRD-1881,Tablet Modelo 1881,Dispositivo táctil multimedia para estudio y trabajo - Lote 1881,7431.73,170
SKU-PRD-1882,Smartphone Modelo 1882,Teléfono inteligente con cámara dual y gran batería - Lote 1882,10218.7,171
SKU-PRD-1883,Cable HDMI Modelo 1883,Cable de alta definición mallado 4K - Lote 1883,136.23,69
SKU-PRD-1884,Disco Duro Modelo 1884,Unidad de almacenamiento externo de alta velocidad - Lote 1884,2092.45,199
SKU-PRD-1885,Regulador Modelo 1885,Protector de voltaje multicontacto para oficina - Lote 1885,896.08,23
SKU-PRD-1886,Monitor Modelo 1886,Pantalla LED Full HD con puertos HDMI - Lote 1886,6247.73,106
SKU-PRD-1887,Regulador Modelo 1887,Protector de voltaje multicontacto para oficina - Lote 1887,839.4,82
SKU-PRD-1888,Monitor Modelo 1888,Pantalla LED Full HD con puertos HDMI - Lote 1888,6297.61,76
SKU-PRD-1889,Disco Duro Modelo 1889,Unidad de almacenamiento externo de alta velocidad - Lote 1889,1782.32,34
SKU-PRD-1890,Cable HDMI Modelo 1890,Cable de alta definición mallado 4K - Lote 1890,224.24,11
SKU-PRD-1891,Memoria USB Modelo 1891,Unidad flash portátil de transferencia rápida - Lote 1891,126.93,126
SKU-PRD-1892,Mouse Modelo 1892,Mouse óptico ergonómico con conexión USB - Lote 1892,715.59,182
SKU-PRD-1893,Monitor Modelo 1893,Pantalla LED Full HD con puertos HDMI - Lote 1893,4850.66,190
SKU-PRD-1894,Smartphone Modelo 1894,Teléfono inteligente con cámara dual y gran batería - Lote 1894,7811.14,46
SKU-PRD-1895,Tablet Modelo 1895,Dispositivo táctil multimedia para estudio y trabajo - Lote 1895,5678.77,26
SKU-PRD-1896,Smartphone Modelo 1896,Teléfono inteligente con cámara dual y gran batería - Lote 1896,11579.85,80
SKU-PRD-1897,Disco Duro Modelo 1897,Unidad de almacenamiento externo de alta velocidad - Lote 1897,1269.03,96
SKU-PRD-1898,Smartwatch Modelo 1898,Reloj inteligente deportivo con monitor de salud - Lote 1898,2129.33,79
SKU-PRD-1899,Impresora Modelo 1899,Impresora multifuncional a color con Wi-Fi - Lote 1899,2861.34,115
SKU-PRD-1900,Regulador Modelo 1900,Protector de voltaje multicontacto para oficina - Lote 1900,737.65,21
SKU-PRD-1901,Laptop Modelo 1901,Ordenador portátil con procesador de alta velocidad y SSD - Lote 1901,16350.09,101
SKU-PRD-1902,Regulador Modelo 1902,Protector de voltaje multicontacto para oficina - Lote 1902,1014.26,163
SKU-PRD-1903,Bocina Bluetooth Modelo 1903,Bocina inalámbrica portátil resistente al agua - Lote 1903,877.78,92
SKU-PRD-1904,Smartphone Modelo 1904,Teléfono inteligente con cámara dual y gran batería - Lote 1904,7439.79,104
SKU-PRD-1905,Teclado Modelo 1905,Teclado multimedia con iluminación LED - Lote 1905,688.99,142
SKU-PRD-1906,Smartphone Modelo 1906,Teléfono inteligente con cámara dual y gran batería - Lote 1906,7070.22,143
SKU-PRD-1907,Cable HDMI Modelo 1907,Cable de alta definición mallado 4K - Lote 1907,95.97,85
SKU-PRD-1908,Bocina Bluetooth Modelo 1908,Bocina inalámbrica portátil resistente al agua - Lote 1908,1916.23,99
SKU-PRD-1909,Mouse Modelo 1909,Mouse óptico ergonómico con conexión USB - Lote 1909,566.79,193
SKU-PRD-1910,Smartwatch Modelo 1910,Reloj inteligente deportivo con monitor de salud - Lote 1910,1327.35,80
SKU-PRD-1911,Tablet Modelo 1911,Dispositivo táctil multimedia para estudio y trabajo - Lote 1911,6139.48,58
SKU-PRD-1912,Regulador Modelo 1912,Protector de voltaje multicontacto para oficina - Lote 1912,1154.28,164
SKU-PRD-1913,Laptop Modelo 1913,Ordenador portátil con procesador de alta velocidad y SSD - Lote 1913,21540.33,185
SKU-PRD-1914,Regulador Modelo 1914,Protector de voltaje multicontacto para oficina - Lote 1914,507.3,142
SKU-PRD-1915,Disco Duro Modelo 1915,Unidad de almacenamiento externo de alta velocidad - Lote 1915,2701.75,30
SKU-PRD-1916,Smartwatch Modelo 1916,Reloj inteligente deportivo con monitor de salud - Lote 1916,1562.14,96
SKU-PRD-1917,Audífonos Modelo 1917,Audífonos estéreo con micrófono y cancelación de ruido - Lote 1917,1113.43,42
SKU-PRD-1918,Teclado Modelo 1918,Teclado multimedia con iluminación LED - Lote 1918,1421.53,112
SKU-PRD-1919,Memoria USB Modelo 1919,Unidad flash portátil de transferencia rápida - Lote 1919,291.75,96
SKU-PRD-1920,Smartwatch Modelo 1920,Reloj inteligente deportivo con monitor de salud - Lote 1920,609.88,71
SKU-PRD-1921,Tablet Modelo 1921,Dispositivo táctil multimedia para estudio y trabajo - Lote 1921,5064.6,14
SKU-PRD-1922,Monitor Modelo 1922,Pantalla LED Full HD con puertos HDMI - Lote 1922,2147.24,8
SKU-PRD-1923,Smartphone Modelo 1923,Teléfono inteligente con cámara dual y gran batería - Lote 1923,9178.16,18
SKU-PRD-1924,Memoria USB Modelo 1924,Unidad flash portátil de transferencia rápida - Lote 1924,288.39,177
SKU-PRD-1925,Monitor Modelo 1925,Pantalla LED Full HD con puertos HDMI - Lote 1925,2390.46,180
SKU-PRD-1926,Smartphone Modelo 1926,Teléfono inteligente con cámara dual y gran batería - Lote 1926,9119.93,5
SKU-PRD-1927,Impresora Modelo 1927,Impresora multifuncional a color con Wi-Fi - Lote 1927,3661.79,33
SKU-PRD-1928,Impresora Modelo 1928,Impresora multifuncional a color con Wi-Fi - Lote 1928,2086.44,86
SKU-PRD-1929,Mouse Modelo 1929,Mouse óptico ergonómico con conexión USB - Lote 1929,807.7,171
SKU-PRD-1930,Audífonos Modelo 1930,Audífonos estéreo con micrófono y cancelación de ruido - Lote 1930,1739.91,55
SKU-PRD-1931,Monitor Modelo 1931,Pantalla LED Full HD con puertos HDMI - Lote 1931,4748.72,67
SKU-PRD-1932,Audífonos Modelo 1932,Audífonos estéreo con micrófono y cancelación de ruido - Lote 1932,948.1,105
SKU-PRD-1933,Silla Gamer Modelo 1933,Silla ergonómica ajustable con soporte lumbar - Lote 1933,2981.9,69
SKU-PRD-1934,Impresora Modelo 1934,Impresora multifuncional a color con Wi-Fi - Lote 1934,2373.0,182
SKU-PRD-1935,Disco Duro Modelo 1935,Unidad de almacenamiento externo de alta velocidad - Lote 1935,1638.96,186
SKU-PRD-1936,Audífonos Modelo 1936,Audífonos estéreo con micrófono y cancelación de ruido - Lote 1936,465.62,91
SKU-PRD-1937,Teclado Modelo 1937,Teclado multimedia con iluminación LED - Lote 1937,327.7,20
SKU-PRD-1938,Mouse Modelo 1938,Mouse óptico ergonómico con conexión USB - Lote 1938,653.77,99
SKU-PRD-1939,Memoria USB Modelo 1939,Unidad flash portátil de transferencia rápida - Lote 1939,303.12,179
SKU-PRD-1940,Tablet Modelo 1940,Dispositivo táctil multimedia para estudio y trabajo - Lote 1940,3711.32,5
SKU-PRD-1941,Laptop Modelo 1941,Ordenador portátil con procesador de alta velocidad y SSD - Lote 1941,23623.49,146
SKU-PRD-1942,Impresora Modelo 1942,Impresora multifuncional a color con Wi-Fi - Lote 1942,2345.84,56
SKU-PRD-1943,Mouse Modelo 1943,Mouse óptico ergonómico con conexión USB - Lote 1943,822.0,145
SKU-PRD-1944,Monitor Modelo 1944,Pantalla LED Full HD con puertos HDMI - Lote 1944,3292.38,129
SKU-PRD-1945,Teclado Modelo 1945,Teclado multimedia con iluminación LED - Lote 1945,1046.26,150
SKU-PRD-1946,Monitor Modelo 1946,Pantalla LED Full HD con puertos HDMI - Lote 1946,6403.13,13
SKU-PRD-1947,Tablet Modelo 1947,Dispositivo táctil multimedia para estudio y trabajo - Lote 1947,3006.13,197
SKU-PRD-1948,Audífonos Modelo 1948,Audífonos estéreo con micrófono y cancelación de ruido - Lote 1948,1784.86,175
SKU-PRD-1949,Smartphone Modelo 1949,Teléfono inteligente con cámara dual y gran batería - Lote 1949,5406.15,200
SKU-PRD-1950,Memoria USB Modelo 1950,Unidad flash portátil de transferencia rápida - Lote 1950,176.52,115
SKU-PRD-1951,Regulador Modelo 1951,Protector de voltaje multicontacto para oficina - Lote 1951,1148.66,34
SKU-PRD-1952,Memoria USB Modelo 1952,Unidad flash portátil de transferencia rápida - Lote 1952,255.51,51
SKU-PRD-1953,Mouse Modelo 1953,Mouse óptico ergonómico con conexión USB - Lote 1953,191.66,65
SKU-PRD-1954,Tablet Modelo 1954,Dispositivo táctil multimedia para estudio y trabajo - Lote 1954,3710.36,78
SKU-PRD-1955,Teclado Modelo 1955,Teclado multimedia con iluminación LED - Lote 1955,580.6,45
SKU-PRD-1956,Bocina Bluetooth Modelo 1956,Bocina inalámbrica portátil resistente al agua - Lote 1956,1812.74,70
SKU-PRD-1957,Audífonos Modelo 1957,Audífonos estéreo con micrófono y cancelación de ruido - Lote 1957,1722.68,133
SKU-PRD-1958,Audífonos Modelo 1958,Audífonos estéreo con micrófono y cancelación de ruido - Lote 1958,811.48,186
SKU-PRD-1959,Silla Gamer Modelo 1959,Silla ergonómica ajustable con soporte lumbar - Lote 1959,4402.91,47
SKU-PRD-1960,Audífonos Modelo 1960,Audífonos estéreo con micrófono y cancelación de ruido - Lote 1960,1537.22,174
SKU-PRD-1961,Cable HDMI Modelo 1961,Cable de alta definición mallado 4K - Lote 1961,276.72,15
SKU-PRD-1962,Smartphone Modelo 1962,Teléfono inteligente con cámara dual y gran batería - Lote 1962,11204.25,56
SKU-PRD-1963,Teclado Modelo 1963,Teclado multimedia con iluminación LED - Lote 1963,883.67,51
SKU-PRD-1964,Bocina Bluetooth Modelo 1964,Bocina inalámbrica portátil resistente al agua - Lote 1964,1632.08,57
SKU-PRD-1965,Tablet Modelo 1965,Dispositivo táctil multimedia para estudio y trabajo - Lote 1965,5936.27,187
SKU-PRD-1966,Monitor Modelo 1966,Pantalla LED Full HD con puertos HDMI - Lote 1966,5531.73,149
SKU-PRD-1967,Memoria USB Modelo 1967,Unidad flash portátil de transferencia rápida - Lote 1967,503.67,157
SKU-PRD-1968,Disco Duro Modelo 1968,Unidad de almacenamiento externo de alta velocidad - Lote 1968,1200.19,160
SKU-PRD-1969,Mouse Modelo 1969,Mouse óptico ergonómico con conexión USB - Lote 1969,235.54,126
SKU-PRD-1970,Impresora Modelo 1970,Impresora multifuncional a color con Wi-Fi - Lote 1970,2259.67,150
SKU-PRD-1971,Mouse Modelo 1971,Mouse óptico ergonómico con conexión USB - Lote 1971,374.3,114
SKU-PRD-1972,Regulador Modelo 1972,Protector de voltaje multicontacto para oficina - Lote 1972,454.12,48
SKU-PRD-1973,Smartphone Modelo 1973,Teléfono inteligente con cámara dual y gran batería - Lote 1973,11846.49,74
SKU-PRD-1974,Audífonos Modelo 1974,Audífonos estéreo con micrófono y cancelación de ruido - Lote 1974,1385.28,134
SKU-PRD-1975,Impresora Modelo 1975,Impresora multifuncional a color con Wi-Fi - Lote 1975,2093.85,116
SKU-PRD-1976,Regulador Modelo 1976,Protector de voltaje multicontacto para oficina - Lote 1976,740.64,188
SKU-PRD-1977,Silla Gamer Modelo 1977,Silla ergonómica ajustable con soporte lumbar - Lote 1977,4530.35,171
SKU-PRD-1978,Silla Gamer Modelo 1978,Silla ergonómica ajustable con soporte lumbar - Lote 1978,5399.26,77
SKU-PRD-1979,Silla Gamer Modelo 1979,Silla ergonómica ajustable con soporte lumbar - Lote 1979,3124.03,183
SKU-PRD-1980,Tablet Modelo 1980,Dispositivo táctil multimedia para estudio y trabajo - Lote 1980,3095.89,81
SKU-PRD-1981,Bocina Bluetooth Modelo 1981,Bocina inalámbrica portátil resistente al agua - Lote 1981,924.28,86
SKU-PRD-1982,Laptop Modelo 1982,Ordenador portátil con procesador de alta velocidad y SSD - Lote 1982,24104.89,61
SKU-PRD-1983,Regulador Modelo 1983,Protector de voltaje multicontacto para oficina - Lote 1983,776.75,68
SKU-PRD-1984,Cable HDMI Modelo 1984,Cable de alta definición mallado 4K - Lote 1984,339.79,76
SKU-PRD-1985,Teclado Modelo 1985,Teclado multimedia con iluminación LED - Lote 1985,949.32,43
SKU-PRD-1986,Silla Gamer Modelo 1986,Silla ergonómica ajustable con soporte lumbar - Lote 1986,5367.55,151
SKU-PRD-1987,Silla Gamer Modelo 1987,Silla ergonómica ajustable con soporte lumbar - Lote 1987,3623.99,12
SKU-PRD-1988,Bocina Bluetooth Modelo 1988,Bocina inalámbrica portátil resistente al agua - Lote 1988,1691.42,93
SKU-PRD-1989,Smartphone Modelo 1989,Teléfono inteligente con cámara dual y gran batería - Lote 1989,4830.41,13
SKU-PRD-1990,Regulador Modelo 1990,Protector de voltaje multicontacto para oficina - Lote 1990,770.58,85
SKU-PRD-1991,Audífonos Modelo 1991,Audífonos estéreo con micrófono y cancelación de ruido - Lote 1991,656.39,144
SKU-PRD-1992,Mouse Modelo 1992,Mouse óptico ergonómico con conexión USB - Lote 1992,779.78,22
SKU-PRD-1993,Audífonos Modelo 1993,Audífonos estéreo con micrófono y cancelación de ruido - Lote 1993,492.76,65
SKU-PRD-1994,Smartwatch Modelo 1994,Reloj inteligente deportivo con monitor de salud - Lote 1994,1666.69,115
SKU-PRD-1995,Disco Duro Modelo 1995,Unidad de almacenamiento externo de alta velocidad - Lote 1995,3423.87,82
SKU-PRD-1996,Tablet Modelo 1996,Dispositivo táctil multimedia para estudio y trabajo - Lote 1996,6708.68,131
SKU-PRD-1997,Impresora Modelo 1997,Impresora multifuncional a color con Wi-Fi - Lote 1997,2631.16,19
SKU-PRD-1998,Smartphone Modelo 1998,Teléfono inteligente con cámara dual y gran batería - Lote 1998,11882.68,107
SKU-PRD-1999,Cable HDMI Modelo 1999,Cable de alta definición mallado 4K - Lote 1999,309.61,77
SKU-PRD-2000,Bocina Bluetooth Modelo 2000,Bocina inalámbrica portátil resistente al agua - Lote 2000,1268.32,183
SKU-PRD-2001,Tablet Modelo 2001,Dispositivo táctil multimedia para estudio y trabajo - Lote 2001,3240.23,102
SKU-PRD-2002,Silla Gamer Modelo 2002,Silla ergonómica ajustable con soporte lumbar - Lote 2002,4304.74,194
SKU-PRD-2003,Laptop Modelo 2003,Ordenador portátil con procesador de alta velocidad y SSD - Lote 2003,24967.9,107
SKU-PRD-2004,Audífonos Modelo 2004,Audífonos estéreo con micrófono y cancelación de ruido - Lote 2004,1756.05,126
SKU-PRD-2005,Smartwatch Modelo 2005,Reloj inteligente deportivo con monitor de salud - Lote 2005,1614.2,189
SKU-PRD-2006,Disco Duro Modelo 2006,Unidad de almacenamiento externo de alta velocidad - Lote 2006,1113.12,109
SKU-PRD-2007,Cable HDMI Modelo 2007,Cable de alta definición mallado 4K - Lote 2007,265.9,28
SKU-PRD-2008,Mouse Modelo 2008,Mouse óptico ergonómico con conexión USB - Lote 2008,677.04,112
SKU-PRD-2009,Disco Duro Modelo 2009,Unidad de almacenamiento externo de alta velocidad - Lote 2009,3084.84,42
SKU-PRD-2010,Mouse Modelo 2010,Mouse óptico ergonómico con conexión USB - Lote 2010,760.67,116
SKU-PRD-2011,Audífonos Modelo 2011,Audífonos estéreo con micrófono y cancelación de ruido - Lote 2011,1135.59,115
SKU-PRD-2012,Cable HDMI Modelo 2012,Cable de alta definición mallado 4K - Lote 2012,107.18,174
SKU-PRD-2013,Monitor Modelo 2013,Pantalla LED Full HD con puertos HDMI - Lote 2013,6213.28,32
SKU-PRD-2014,Disco Duro Modelo 2014,Unidad de almacenamiento externo de alta velocidad - Lote 2014,1655.49,11
SKU-PRD-2015,Tablet Modelo 2015,Dispositivo táctil multimedia para estudio y trabajo - Lote 2015,4287.35,137
SKU-PRD-2016,Impresora Modelo 2016,Impresora multifuncional a color con Wi-Fi - Lote 2016,2908.16,135
SKU-PRD-2017,Laptop Modelo 2017,Ordenador portátil con procesador de alta velocidad y SSD - Lote 2017,16219.0,72
SKU-PRD-2018,Memoria USB Modelo 2018,Unidad flash portátil de transferencia rápida - Lote 2018,441.62,165
SKU-PRD-2019,Monitor Modelo 2019,Pantalla LED Full HD con puertos HDMI - Lote 2019,2351.09,190
SKU-PRD-2020,Monitor Modelo 2020,Pantalla LED Full HD con puertos HDMI - Lote 2020,4895.78,193
SKU-PRD-2021,Audífonos Modelo 2021,Audífonos estéreo con micrófono y cancelación de ruido - Lote 2021,344.82,22
SKU-PRD-2022,Audífonos Modelo 2022,Audífonos estéreo con micrófono y cancelación de ruido - Lote 2022,1322.24,41
SKU-PRD-2023,Smartphone Modelo 2023,Teléfono inteligente con cámara dual y gran batería - Lote 2023,4113.55,118
SKU-PRD-2024,Monitor Modelo 2024,Pantalla LED Full HD con puertos HDMI - Lote 2024,4369.47,143
SKU-PRD-2025,Smartphone Modelo 2025,Teléfono inteligente con cámara dual y gran batería - Lote 2025,8289.93,165
SKU-PRD-2026,Silla Gamer Modelo 2026,Silla ergonómica ajustable con soporte lumbar - Lote 2026,3288.36,176
SKU-PRD-2027,Disco Duro Modelo 2027,Unidad de almacenamiento externo de alta velocidad - Lote 2027,1909.47,48
SKU-PRD-2028,Cable HDMI Modelo 2028,Cable de alta definición mallado 4K - Lote 2028,239.08,90
SKU-PRD-2029,Tablet Modelo 2029,Dispositivo táctil multimedia para estudio y trabajo - Lote 2029,3917.2,164
SKU-PRD-2030,Disco Duro Modelo 2030,Unidad de almacenamiento externo de alta velocidad - Lote 2030,2561.46,190
SKU-PRD-2031,Impresora Modelo 2031,Impresora multifuncional a color con Wi-Fi - Lote 2031,2184.44,142
SKU-PRD-2032,Monitor Modelo 2032,Pantalla LED Full HD con puertos HDMI - Lote 2032,3842.83,70
SKU-PRD-2033,Smartphone Modelo 2033,Teléfono inteligente con cámara dual y gran batería - Lote 2033,3730.54,161
SKU-PRD-2034,Laptop Modelo 2034,Ordenador portátil con procesador de alta velocidad y SSD - Lote 2034,19811.05,116
SKU-PRD-2035,Disco Duro Modelo 2035,Unidad de almacenamiento externo de alta velocidad - Lote 2035,3363.86,75
SKU-PRD-2036,Teclado Modelo 2036,Teclado multimedia con iluminación LED - Lote 2036,1497.54,92
SKU-PRD-2037,Laptop Modelo 2037,Ordenador portátil con procesador de alta velocidad y SSD - Lote 2037,18812.32,122
SKU-PRD-2038,Audífonos Modelo 2038,Audífonos estéreo con micrófono y cancelación de ruido - Lote 2038,1593.43,85
SKU-PRD-2039,Mouse Modelo 2039,Mouse óptico ergonómico con conexión USB - Lote 2039,426.7,73
SKU-PRD-2040,Smartwatch Modelo 2040,Reloj inteligente deportivo con monitor de salud - Lote 2040,2225.58,55
SKU-PRD-2041,Impresora Modelo 2041,Impresora multifuncional a color con Wi-Fi - Lote 2041,2256.17,142
SKU-PRD-2042,Tablet Modelo 2042,Dispositivo táctil multimedia para estudio y trabajo - Lote 2042,2431.35,185
SKU-PRD-2043,Cable HDMI Modelo 2043,Cable de alta definición mallado 4K - Lote 2043,299.97,99
SKU-PRD-2044,Laptop Modelo 2044,Ordenador portátil con procesador de alta velocidad y SSD - Lote 2044,9122.06,127
SKU-PRD-2045,Impresora Modelo 2045,Impresora multifuncional a color con Wi-Fi - Lote 2045,3516.79,198
SKU-PRD-2046,Tablet Modelo 2046,Dispositivo táctil multimedia para estudio y trabajo - Lote 2046,6844.49,195
SKU-PRD-2047,Memoria USB Modelo 2047,Unidad flash portátil de transferencia rápida - Lote 2047,148.56,30
SKU-PRD-2048,Silla Gamer Modelo 2048,Silla ergonómica ajustable con soporte lumbar - Lote 2048,5233.95,48
SKU-PRD-2049,Regulador Modelo 2049,Protector de voltaje multicontacto para oficina - Lote 2049,419.42,111
SKU-PRD-2050,Mouse Modelo 2050,Mouse óptico ergonómico con conexión USB - Lote 2050,800.7,174
SKU-PRD-2051,Cable HDMI Modelo 2051,Cable de alta definición mallado 4K - Lote 2051,152.82,184
SKU-PRD-2052,Monitor Modelo 2052,Pantalla LED Full HD con puertos HDMI - Lote 2052,5168.36,158
SKU-PRD-2053,Tablet Modelo 2053,Dispositivo táctil multimedia para estudio y trabajo - Lote 2053,5416.57,195
SKU-PRD-2054,Cable HDMI Modelo 2054,Cable de alta definición mallado 4K - Lote 2054,318.05,123
SKU-PRD-2055,Regulador Modelo 2055,Protector de voltaje multicontacto para oficina - Lote 2055,944.23,44
SKU-PRD-2056,Silla Gamer Modelo 2056,Silla ergonómica ajustable con soporte lumbar - Lote 2056,4246.33,38
SKU-PRD-2057,Silla Gamer Modelo 2057,Silla ergonómica ajustable con soporte lumbar - Lote 2057,4162.49,168
SKU-PRD-2058,Tablet Modelo 2058,Dispositivo táctil multimedia para estudio y trabajo - Lote 2058,5083.62,124
SKU-PRD-2059,Mouse Modelo 2059,Mouse óptico ergonómico con conexión USB - Lote 2059,815.84,180
SKU-PRD-2060,Monitor Modelo 2060,Pantalla LED Full HD con puertos HDMI - Lote 2060,6108.53,104
SKU-PRD-2061,Disco Duro Modelo 2061,Unidad de almacenamiento externo de alta velocidad - Lote 2061,1850.76,99
SKU-PRD-2062,Bocina Bluetooth Modelo 2062,Bocina inalámbrica portátil resistente al agua - Lote 2062,1831.96,82
SKU-PRD-2063,Silla Gamer Modelo 2063,Silla ergonómica ajustable con soporte lumbar - Lote 2063,4612.43,14
SKU-PRD-2064,Impresora Modelo 2064,Impresora multifuncional a color con Wi-Fi - Lote 2064,4374.12,79
SKU-PRD-2065,Impresora Modelo 2065,Impresora multifuncional a color con Wi-Fi - Lote 2065,3406.68,129
SKU-PRD-2066,Regulador Modelo 2066,Protector de voltaje multicontacto para oficina - Lote 2066,780.15,46
SKU-PRD-2067,Tablet Modelo 2067,Dispositivo táctil multimedia para estudio y trabajo - Lote 2067,3434.58,183
SKU-PRD-2068,Teclado Modelo 2068,Teclado multimedia con iluminación LED - Lote 2068,1122.31,180
SKU-PRD-2069,Tablet Modelo 2069,Dispositivo táctil multimedia para estudio y trabajo - Lote 2069,7203.46,140
SKU-PRD-2070,Impresora Modelo 2070,Impresora multifuncional a color con Wi-Fi - Lote 2070,3013.84,79
SKU-PRD-2071,Laptop Modelo 2071,Ordenador portátil con procesador de alta velocidad y SSD - Lote 2071,16529.13,51
SKU-PRD-2072,Regulador Modelo 2072,Protector de voltaje multicontacto para oficina - Lote 2072,802.97,178
SKU-PRD-2073,Bocina Bluetooth Modelo 2073,Bocina inalámbrica portátil resistente al agua - Lote 2073,701.4,93
SKU-PRD-2074,Mouse Modelo 2074,Mouse óptico ergonómico con conexión USB - Lote 2074,462.6,91
SKU-PRD-2075,Smartphone Modelo 2075,Teléfono inteligente con cámara dual y gran batería - Lote 2075,8902.21,180
SKU-PRD-2076,Tablet Modelo 2076,Dispositivo táctil multimedia para estudio y trabajo - Lote 2076,3918.37,37
SKU-PRD-2077,Smartwatch Modelo 2077,Reloj inteligente deportivo con monitor de salud - Lote 2077,1073.56,106
SKU-PRD-2078,Memoria USB Modelo 2078,Unidad flash portátil de transferencia rápida - Lote 2078,208.49,148
SKU-PRD-2079,Teclado Modelo 2079,Teclado multimedia con iluminación LED - Lote 2079,260.67,88
SKU-PRD-2080,Disco Duro Modelo 2080,Unidad de almacenamiento externo de alta velocidad - Lote 2080,1170.87,18
SKU-PRD-2081,Teclado Modelo 2081,Teclado multimedia con iluminación LED - Lote 2081,468.87,33
SKU-PRD-2082,Smartphone Modelo 2082,Teléfono inteligente con cámara dual y gran batería - Lote 2082,5353.65,195
SKU-PRD-2083,Disco Duro Modelo 2083,Unidad de almacenamiento externo de alta velocidad - Lote 2083,2255.98,48
SKU-PRD-2084,Cable HDMI Modelo 2084,Cable de alta definición mallado 4K - Lote 2084,119.04,63
SKU-PRD-2085,Disco Duro Modelo 2085,Unidad de almacenamiento externo de alta velocidad - Lote 2085,3052.8,76
SKU-PRD-2086,Tablet Modelo 2086,Dispositivo táctil multimedia para estudio y trabajo - Lote 2086,3418.19,7
SKU-PRD-2087,Teclado Modelo 2087,Teclado multimedia con iluminación LED - Lote 2087,1028.69,74
SKU-PRD-2088,Memoria USB Modelo 2088,Unidad flash portátil de transferencia rápida - Lote 2088,149.24,58
SKU-PRD-2089,Cable HDMI Modelo 2089,Cable de alta definición mallado 4K - Lote 2089,313.83,134
SKU-PRD-2090,Cable HDMI Modelo 2090,Cable de alta definición mallado 4K - Lote 2090,177.2,109
SKU-PRD-2091,Teclado Modelo 2091,Teclado multimedia con iluminación LED - Lote 2091,372.53,100
SKU-PRD-2092,Smartphone Modelo 2092,Teléfono inteligente con cámara dual y gran batería - Lote 2092,3677.41,7
SKU-PRD-2093,Tablet Modelo 2093,Dispositivo táctil multimedia para estudio y trabajo - Lote 2093,2689.9,97
SKU-PRD-2094,Disco Duro Modelo 2094,Unidad de almacenamiento externo de alta velocidad - Lote 2094,3413.62,125
SKU-PRD-2095,Audífonos Modelo 2095,Audífonos estéreo con micrófono y cancelación de ruido - Lote 2095,1025.76,126
SKU-PRD-2096,Smartwatch Modelo 2096,Reloj inteligente deportivo con monitor de salud - Lote 2096,809.17,156
SKU-PRD-2097,Monitor Modelo 2097,Pantalla LED Full HD con puertos HDMI - Lote 2097,2042.4,140
SKU-PRD-2098,Regulador Modelo 2098,Protector de voltaje multicontacto para oficina - Lote 2098,779.18,167
SKU-PRD-2099,Tablet Modelo 2099,Dispositivo táctil multimedia para estudio y trabajo - Lote 2099,3594.5,52
SKU-PRD-2100,Silla Gamer Modelo 2100,Silla ergonómica ajustable con soporte lumbar - Lote 2100,4652.09,40
SKU-PRD-2101,Memoria USB Modelo 2101,Unidad flash portátil de transferencia rápida - Lote 2101,262.34,163
SKU-PRD-2102,Mouse Modelo 2102,Mouse óptico ergonómico con conexión USB - Lote 2102,445.81,155
SKU-PRD-2103,Disco Duro Modelo 2103,Unidad de almacenamiento externo de alta velocidad - Lote 2103,2975.06,175
SKU-PRD-2104,Tablet Modelo 2104,Dispositivo táctil multimedia para estudio y trabajo - Lote 2104,3964.01,56
SKU-PRD-2105,Silla Gamer Modelo 2105,Silla ergonómica ajustable con soporte lumbar - Lote 2105,3095.31,185
SKU-PRD-2106,Cable HDMI Modelo 2106,Cable de alta definición mallado 4K - Lote 2106,271.76,96
SKU-PRD-2107,Monitor Modelo 2107,Pantalla LED Full HD con puertos HDMI - Lote 2107,5003.03,89
SKU-PRD-2108,Mouse Modelo 2108,Mouse óptico ergonómico con conexión USB - Lote 2108,645.89,82
SKU-PRD-2109,Cable HDMI Modelo 2109,Cable de alta definición mallado 4K - Lote 2109,278.37,187
SKU-PRD-2110,Smartwatch Modelo 2110,Reloj inteligente deportivo con monitor de salud - Lote 2110,1481.36,114
SKU-PRD-2111,Regulador Modelo 2111,Protector de voltaje multicontacto para oficina - Lote 2111,936.58,13
SKU-PRD-2112,Smartwatch Modelo 2112,Reloj inteligente deportivo con monitor de salud - Lote 2112,969.99,136
SKU-PRD-2113,Smartphone Modelo 2113,Teléfono inteligente con cámara dual y gran batería - Lote 2113,8327.48,36
SKU-PRD-2114,Monitor Modelo 2114,Pantalla LED Full HD con puertos HDMI - Lote 2114,6281.9,35
SKU-PRD-2115,Impresora Modelo 2115,Impresora multifuncional a color con Wi-Fi - Lote 2115,2577.16,39
SKU-PRD-2116,Smartphone Modelo 2116,Teléfono inteligente con cámara dual y gran batería - Lote 2116,8921.97,169
SKU-PRD-2117,Monitor Modelo 2117,Pantalla LED Full HD con puertos HDMI - Lote 2117,4820.03,74
SKU-PRD-2118,Laptop Modelo 2118,Ordenador portátil con procesador de alta velocidad y SSD - Lote 2118,10756.25,184
SKU-PRD-2119,Cable HDMI Modelo 2119,Cable de alta definición mallado 4K - Lote 2119,167.0,146
SKU-PRD-2120,Mouse Modelo 2120,Mouse óptico ergonómico con conexión USB - Lote 2120,399.77,140
SKU-PRD-2121,Smartwatch Modelo 2121,Reloj inteligente deportivo con monitor de salud - Lote 2121,904.84,88
SKU-PRD-2122,Teclado Modelo 2122,Teclado multimedia con iluminación LED - Lote 2122,968.29,54
SKU-PRD-2123,Bocina Bluetooth Modelo 2123,Bocina inalámbrica portátil resistente al agua - Lote 2123,1253.36,72
SKU-PRD-2124,Cable HDMI Modelo 2124,Cable de alta definición mallado 4K - Lote 2124,115.28,192
SKU-PRD-2125,Tablet Modelo 2125,Dispositivo táctil multimedia para estudio y trabajo - Lote 2125,6120.71,58
SKU-PRD-2126,Memoria USB Modelo 2126,Unidad flash portátil de transferencia rápida - Lote 2126,422.28,73
SKU-PRD-2127,Smartwatch Modelo 2127,Reloj inteligente deportivo con monitor de salud - Lote 2127,580.61,77
SKU-PRD-2128,Teclado Modelo 2128,Teclado multimedia con iluminación LED - Lote 2128,816.67,37
SKU-PRD-2129,Cable HDMI Modelo 2129,Cable de alta definición mallado 4K - Lote 2129,314.88,151
SKU-PRD-2130,Silla Gamer Modelo 2130,Silla ergonómica ajustable con soporte lumbar - Lote 2130,4892.44,165
SKU-PRD-2131,Cable HDMI Modelo 2131,Cable de alta definición mallado 4K - Lote 2131,83.43,154
SKU-PRD-2132,Silla Gamer Modelo 2132,Silla ergonómica ajustable con soporte lumbar - Lote 2132,5400.01,121
SKU-PRD-2133,Smartwatch Modelo 2133,Reloj inteligente deportivo con monitor de salud - Lote 2133,1161.65,59
SKU-PRD-2134,Bocina Bluetooth Modelo 2134,Bocina inalámbrica portátil resistente al agua - Lote 2134,500.78,95
SKU-PRD-2135,Impresora Modelo 2135,Impresora multifuncional a color con Wi-Fi - Lote 2135,3078.85,89
SKU-PRD-2136,Tablet Modelo 2136,Dispositivo táctil multimedia para estudio y trabajo - Lote 2136,3603.04,19
SKU-PRD-2137,Tablet Modelo 2137,Dispositivo táctil multimedia para estudio y trabajo - Lote 2137,6852.3,26
SKU-PRD-2138,Monitor Modelo 2138,Pantalla LED Full HD con puertos HDMI - Lote 2138,5184.39,37
SKU-PRD-2139,Smartphone Modelo 2139,Teléfono inteligente con cámara dual y gran batería - Lote 2139,5690.71,119
SKU-PRD-2140,Audífonos Modelo 2140,Audífonos estéreo con micrófono y cancelación de ruido - Lote 2140,1584.07,115
SKU-PRD-2141,Silla Gamer Modelo 2141,Silla ergonómica ajustable con soporte lumbar - Lote 2141,2532.71,102
SKU-PRD-2142,Laptop Modelo 2142,Ordenador portátil con procesador de alta velocidad y SSD - Lote 2142,12285.63,9
SKU-PRD-2143,Cable HDMI Modelo 2143,Cable de alta definición mallado 4K - Lote 2143,126.88,190
SKU-PRD-2144,Smartwatch Modelo 2144,Reloj inteligente deportivo con monitor de salud - Lote 2144,927.32,76
SKU-PRD-2145,Disco Duro Modelo 2145,Unidad de almacenamiento externo de alta velocidad - Lote 2145,2739.02,164
SKU-PRD-2146,Regulador Modelo 2146,Protector de voltaje multicontacto para oficina - Lote 2146,744.23,31
SKU-PRD-2147,Cable HDMI Modelo 2147,Cable de alta definición mallado 4K - Lote 2147,95.63,164
SKU-PRD-2148,Smartwatch Modelo 2148,Reloj inteligente deportivo con monitor de salud - Lote 2148,1124.4,131
SKU-PRD-2149,Tablet Modelo 2149,Dispositivo táctil multimedia para estudio y trabajo - Lote 2149,4486.91,170
SKU-PRD-2150,Cable HDMI Modelo 2150,Cable de alta definición mallado 4K - Lote 2150,83.95,61
SKU-PRD-2151,Laptop Modelo 2151,Ordenador portátil con procesador de alta velocidad y SSD - Lote 2151,16784.75,151
SKU-PRD-2152,Cable HDMI Modelo 2152,Cable de alta definición mallado 4K - Lote 2152,348.0,61
SKU-PRD-2153,Smartwatch Modelo 2153,Reloj inteligente deportivo con monitor de salud - Lote 2153,759.96,5
SKU-PRD-2154,Monitor Modelo 2154,Pantalla LED Full HD con puertos HDMI - Lote 2154,6024.31,175
SKU-PRD-2155,Smartwatch Modelo 2155,Reloj inteligente deportivo con monitor de salud - Lote 2155,667.56,30
SKU-PRD-2156,Audífonos Modelo 2156,Audífonos estéreo con micrófono y cancelación de ruido - Lote 2156,1199.22,192
SKU-PRD-2157,Regulador Modelo 2157,Protector de voltaje multicontacto para oficina - Lote 2157,367.09,154
SKU-PRD-2158,Regulador Modelo 2158,Protector de voltaje multicontacto para oficina - Lote 2158,785.74,59
SKU-PRD-2159,Cable HDMI Modelo 2159,Cable de alta definición mallado 4K - Lote 2159,213.51,69
SKU-PRD-2160,Disco Duro Modelo 2160,Unidad de almacenamiento externo de alta velocidad - Lote 2160,1799.84,153
SKU-PRD-2161,Cable HDMI Modelo 2161,Cable de alta definición mallado 4K - Lote 2161,140.6,8
SKU-PRD-2162,Regulador Modelo 2162,Protector de voltaje multicontacto para oficina - Lote 2162,578.83,109
SKU-PRD-2163,Laptop Modelo 2163,Ordenador portátil con procesador de alta velocidad y SSD - Lote 2163,8126.47,48
SKU-PRD-2164,Cable HDMI Modelo 2164,Cable de alta definición mallado 4K - Lote 2164,248.05,43
SKU-PRD-2165,Tablet Modelo 2165,Dispositivo táctil multimedia para estudio y trabajo - Lote 2165,5843.6,145
SKU-PRD-2166,Smartwatch Modelo 2166,Reloj inteligente deportivo con monitor de salud - Lote 2166,2380.94,117
SKU-PRD-2167,Silla Gamer Modelo 2167,Silla ergonómica ajustable con soporte lumbar - Lote 2167,3351.62,194
SKU-PRD-2168,Regulador Modelo 2168,Protector de voltaje multicontacto para oficina - Lote 2168,774.52,174
SKU-PRD-2169,Disco Duro Modelo 2169,Unidad de almacenamiento externo de alta velocidad - Lote 2169,1458.26,23
SKU-PRD-2170,Teclado Modelo 2170,Teclado multimedia con iluminación LED - Lote 2170,334.09,174
SKU-PRD-2171,Bocina Bluetooth Modelo 2171,Bocina inalámbrica portátil resistente al agua - Lote 2171,482.4,111
SKU-PRD-2172,Laptop Modelo 2172,Ordenador portátil con procesador de alta velocidad y SSD - Lote 2172,19790.86,129
SKU-PRD-2173,Tablet Modelo 2173,Dispositivo táctil multimedia para estudio y trabajo - Lote 2173,7026.52,140
SKU-PRD-2174,Teclado Modelo 2174,Teclado multimedia con iluminación LED - Lote 2174,1323.79,99
SKU-PRD-2175,Mouse Modelo 2175,Mouse óptico ergonómico con conexión USB - Lote 2175,749.78,60
SKU-PRD-2176,Regulador Modelo 2176,Protector de voltaje multicontacto para oficina - Lote 2176,643.24,11
SKU-PRD-2177,Bocina Bluetooth Modelo 2177,Bocina inalámbrica portátil resistente al agua - Lote 2177,442.83,128
SKU-PRD-2178,Impresora Modelo 2178,Impresora multifuncional a color con Wi-Fi - Lote 2178,4173.13,63
SKU-PRD-2179,Teclado Modelo 2179,Teclado multimedia con iluminación LED - Lote 2179,285.66,191
SKU-PRD-2180,Cable HDMI Modelo 2180,Cable de alta definición mallado 4K - Lote 2180,243.01,61
SKU-PRD-2181,Memoria USB Modelo 2181,Unidad flash portátil de transferencia rápida - Lote 2181,470.49,44
SKU-PRD-2182,Teclado Modelo 2182,Teclado multimedia con iluminación LED - Lote 2182,1062.89,193
SKU-PRD-2183,Tablet Modelo 2183,Dispositivo táctil multimedia para estudio y trabajo - Lote 2183,5867.05,142
SKU-PRD-2184,Bocina Bluetooth Modelo 2184,Bocina inalámbrica portátil resistente al agua - Lote 2184,1640.81,121
SKU-PRD-2185,Monitor Modelo 2185,Pantalla LED Full HD con puertos HDMI - Lote 2185,5675.62,51
SKU-PRD-2186,Memoria USB Modelo 2186,Unidad flash portátil de transferencia rápida - Lote 2186,315.84,160
SKU-PRD-2187,Regulador Modelo 2187,Protector de voltaje multicontacto para oficina - Lote 2187,1042.22,78
SKU-PRD-2188,Impresora Modelo 2188,Impresora multifuncional a color con Wi-Fi - Lote 2188,2560.0,93
SKU-PRD-2189,Monitor Modelo 2189,Pantalla LED Full HD con puertos HDMI - Lote 2189,6019.26,34
SKU-PRD-2190,Cable HDMI Modelo 2190,Cable de alta definición mallado 4K - Lote 2190,196.53,22
SKU-PRD-2191,Cable HDMI Modelo 2191,Cable de alta definición mallado 4K - Lote 2191,294.46,37
SKU-PRD-2192,Tablet Modelo 2192,Dispositivo táctil multimedia para estudio y trabajo - Lote 2192,2225.1,84
SKU-PRD-2193,Impresora Modelo 2193,Impresora multifuncional a color con Wi-Fi - Lote 2193,3248.31,194
SKU-PRD-2194,Teclado Modelo 2194,Teclado multimedia con iluminación LED - Lote 2194,1031.04,39
SKU-PRD-2195,Bocina Bluetooth Modelo 2195,Bocina inalámbrica portátil resistente al agua - Lote 2195,495.55,98
SKU-PRD-2196,Smartphone Modelo 2196,Teléfono inteligente con cámara dual y gran batería - Lote 2196,8726.33,81
SKU-PRD-2197,Laptop Modelo 2197,Ordenador portátil con procesador de alta velocidad y SSD - Lote 2197,22326.09,165
SKU-PRD-2198,Disco Duro Modelo 2198,Unidad de almacenamiento externo de alta velocidad - Lote 2198,1335.61,12
SKU-PRD-2199,Mouse Modelo 2199,Mouse óptico ergonómico con conexión USB - Lote 2199,329.93,171
SKU-PRD-2200,Disco Duro Modelo 2200,Unidad de almacenamiento externo de alta velocidad - Lote 2200,1577.25,51
SKU-PRD-2201,Cable HDMI Modelo 2201,Cable de alta definición mallado 4K - Lote 2201,233.48,116
SKU-PRD-2202,Laptop Modelo 2202,Ordenador portátil con procesador de alta velocidad y SSD - Lote 2202,18432.89,81
SKU-PRD-2203,Cable HDMI Modelo 2203,Cable de alta definición mallado 4K - Lote 2203,183.44,29
SKU-PRD-2204,Disco Duro Modelo 2204,Unidad de almacenamiento externo de alta velocidad - Lote 2204,2753.81,101
SKU-PRD-2205,Cable HDMI Modelo 2205,Cable de alta definición mallado 4K - Lote 2205,333.02,36
SKU-PRD-2206,Tablet Modelo 2206,Dispositivo táctil multimedia para estudio y trabajo - Lote 2206,5284.19,143
SKU-PRD-2207,Smartphone Modelo 2207,Teléfono inteligente con cámara dual y gran batería - Lote 2207,10116.03,200
SKU-PRD-2208,Audífonos Modelo 2208,Audífonos estéreo con micrófono y cancelación de ruido - Lote 2208,569.31,153
SKU-PRD-2209,Disco Duro Modelo 2209,Unidad de almacenamiento externo de alta velocidad - Lote 2209,3432.45,177
SKU-PRD-2210,Laptop Modelo 2210,Ordenador portátil con procesador de alta velocidad y SSD - Lote 2210,13730.66,17
SKU-PRD-2211,Audífonos Modelo 2211,Audífonos estéreo con micrófono y cancelación de ruido - Lote 2211,1559.23,106
SKU-PRD-2212,Cable HDMI Modelo 2212,Cable de alta definición mallado 4K - Lote 2212,273.87,198
SKU-PRD-2213,Memoria USB Modelo 2213,Unidad flash portátil de transferencia rápida - Lote 2213,530.96,73
SKU-PRD-2214,Impresora Modelo 2214,Impresora multifuncional a color con Wi-Fi - Lote 2214,4132.78,86
SKU-PRD-2215,Impresora Modelo 2215,Impresora multifuncional a color con Wi-Fi - Lote 2215,1999.91,56
SKU-PRD-2216,Monitor Modelo 2216,Pantalla LED Full HD con puertos HDMI - Lote 2216,2102.47,87
SKU-PRD-2217,Bocina Bluetooth Modelo 2217,Bocina inalámbrica portátil resistente al agua - Lote 2217,907.01,83
SKU-PRD-2218,Mouse Modelo 2218,Mouse óptico ergonómico con conexión USB - Lote 2218,867.71,45
SKU-PRD-2219,Monitor Modelo 2219,Pantalla LED Full HD con puertos HDMI - Lote 2219,2273.38,98
SKU-PRD-2220,Disco Duro Modelo 2220,Unidad de almacenamiento externo de alta velocidad - Lote 2220,1924.28,66
SKU-PRD-2221,Memoria USB Modelo 2221,Unidad flash portátil de transferencia rápida - Lote 2221,589.14,43
SKU-PRD-2222,Regulador Modelo 2222,Protector de voltaje multicontacto para oficina - Lote 2222,800.44,199
SKU-PRD-2223,Silla Gamer Modelo 2223,Silla ergonómica ajustable con soporte lumbar - Lote 2223,2782.07,144
SKU-PRD-2224,Cable HDMI Modelo 2224,Cable de alta definición mallado 4K - Lote 2224,208.82,194
SKU-PRD-2225,Silla Gamer Modelo 2225,Silla ergonómica ajustable con soporte lumbar - Lote 2225,5323.74,175
SKU-PRD-2226,Monitor Modelo 2226,Pantalla LED Full HD con puertos HDMI - Lote 2226,3235.2,76
SKU-PRD-2227,Smartphone Modelo 2227,Teléfono inteligente con cámara dual y gran batería - Lote 2227,4261.12,93
SKU-PRD-2228,Monitor Modelo 2228,Pantalla LED Full HD con puertos HDMI - Lote 2228,2823.65,10
SKU-PRD-2229,Impresora Modelo 2229,Impresora multifuncional a color con Wi-Fi - Lote 2229,3776.81,148
SKU-PRD-2230,Mouse Modelo 2230,Mouse óptico ergonómico con conexión USB - Lote 2230,697.85,13
SKU-PRD-2231,Memoria USB Modelo 2231,Unidad flash portátil de transferencia rápida - Lote 2231,495.92,156
SKU-PRD-2232,Teclado Modelo 2232,Teclado multimedia con iluminación LED - Lote 2232,1316.88,51
SKU-PRD-2233,Smartwatch Modelo 2233,Reloj inteligente deportivo con monitor de salud - Lote 2233,1489.8,41
SKU-PRD-2234,Bocina Bluetooth Modelo 2234,Bocina inalámbrica portátil resistente al agua - Lote 2234,1524.87,184
SKU-PRD-2235,Cable HDMI Modelo 2235,Cable de alta definición mallado 4K - Lote 2235,113.98,135
SKU-PRD-2236,Regulador Modelo 2236,Protector de voltaje multicontacto para oficina - Lote 2236,949.3,25
SKU-PRD-2237,Disco Duro Modelo 2237,Unidad de almacenamiento externo de alta velocidad - Lote 2237,1743.11,192
SKU-PRD-2238,Bocina Bluetooth Modelo 2238,Bocina inalámbrica portátil resistente al agua - Lote 2238,693.3,150
SKU-PRD-2239,Smartwatch Modelo 2239,Reloj inteligente deportivo con monitor de salud - Lote 2239,1809.75,122
SKU-PRD-2240,Disco Duro Modelo 2240,Unidad de almacenamiento externo de alta velocidad - Lote 2240,2685.0,184
SKU-PRD-2241,Audífonos Modelo 2241,Audífonos estéreo con micrófono y cancelación de ruido - Lote 2241,444.66,16
SKU-PRD-2242,Bocina Bluetooth Modelo 2242,Bocina inalámbrica portátil resistente al agua - Lote 2242,670.41,184
SKU-PRD-2243,Teclado Modelo 2243,Teclado multimedia con iluminación LED - Lote 2243,782.33,134
SKU-PRD-2244,Bocina Bluetooth Modelo 2244,Bocina inalámbrica portátil resistente al agua - Lote 2244,1035.57,140
SKU-PRD-2245,Impresora Modelo 2245,Impresora multifuncional a color con Wi-Fi - Lote 2245,4482.42,106
SKU-PRD-2246,Memoria USB Modelo 2246,Unidad flash portátil de transferencia rápida - Lote 2246,270.67,175
SKU-PRD-2247,Impresora Modelo 2247,Impresora multifuncional a color con Wi-Fi - Lote 2247,4235.83,69
SKU-PRD-2248,Mouse Modelo 2248,Mouse óptico ergonómico con conexión USB - Lote 2248,162.26,31
SKU-PRD-2249,Monitor Modelo 2249,Pantalla LED Full HD con puertos HDMI - Lote 2249,3217.89,192
SKU-PRD-2250,Cable HDMI Modelo 2250,Cable de alta definición mallado 4K - Lote 2250,118.25,192
SKU-PRD-2251,Laptop Modelo 2251,Ordenador portátil con procesador de alta velocidad y SSD - Lote 2251,22675.07,179
SKU-PRD-2252,Monitor Modelo 2252,Pantalla LED Full HD con puertos HDMI - Lote 2252,3124.75,111
SKU-PRD-2253,Smartwatch Modelo 2253,Reloj inteligente deportivo con monitor de salud - Lote 2253,2129.2,66
SKU-PRD-2254,Regulador Modelo 2254,Protector de voltaje multicontacto para oficina - Lote 2254,808.98,178
SKU-PRD-2255,Laptop Modelo 2255,Ordenador portátil con procesador de alta velocidad y SSD - Lote 2255,19119.78,90
SKU-PRD-2256,Regulador Modelo 2256,Protector de voltaje multicontacto para oficina - Lote 2256,960.84,144
SKU-PRD-2257,Monitor Modelo 2257,Pantalla LED Full HD con puertos HDMI - Lote 2257,2499.19,95
SKU-PRD-2258,Regulador Modelo 2258,Protector de voltaje multicontacto para oficina - Lote 2258,756.64,98
SKU-PRD-2259,Smartphone Modelo 2259,Teléfono inteligente con cámara dual y gran batería - Lote 2259,9099.76,115
SKU-PRD-2260,Cable HDMI Modelo 2260,Cable de alta definición mallado 4K - Lote 2260,246.16,199
SKU-PRD-2261,Tablet Modelo 2261,Dispositivo táctil multimedia para estudio y trabajo - Lote 2261,3548.82,128
SKU-PRD-2262,Smartwatch Modelo 2262,Reloj inteligente deportivo con monitor de salud - Lote 2262,1975.18,192
SKU-PRD-2263,Monitor Modelo 2263,Pantalla LED Full HD con puertos HDMI - Lote 2263,2119.37,6
SKU-PRD-2264,Mouse Modelo 2264,Mouse óptico ergonómico con conexión USB - Lote 2264,359.23,122
SKU-PRD-2265,Smartphone Modelo 2265,Teléfono inteligente con cámara dual y gran batería - Lote 2265,4328.2,171
SKU-PRD-2266,Smartwatch Modelo 2266,Reloj inteligente deportivo con monitor de salud - Lote 2266,2100.76,113
SKU-PRD-2267,Monitor Modelo 2267,Pantalla LED Full HD con puertos HDMI - Lote 2267,2812.12,12
SKU-PRD-2268,Disco Duro Modelo 2268,Unidad de almacenamiento externo de alta velocidad - Lote 2268,3396.95,182
SKU-PRD-2269,Teclado Modelo 2269,Teclado multimedia con iluminación LED - Lote 2269,908.38,145
SKU-PRD-2270,Cable HDMI Modelo 2270,Cable de alta definición mallado 4K - Lote 2270,141.23,134
SKU-PRD-2271,Impresora Modelo 2271,Impresora multifuncional a color con Wi-Fi - Lote 2271,3918.35,178
SKU-PRD-2272,Regulador Modelo 2272,Protector de voltaje multicontacto para oficina - Lote 2272,599.7,154
SKU-PRD-2273,Laptop Modelo 2273,Ordenador portátil con procesador de alta velocidad y SSD - Lote 2273,15918.2,38
SKU-PRD-2274,Teclado Modelo 2274,Teclado multimedia con iluminación LED - Lote 2274,1127.22,62
SKU-PRD-2275,Smartphone Modelo 2275,Teléfono inteligente con cámara dual y gran batería - Lote 2275,7647.85,152
SKU-PRD-2276,Smartphone Modelo 2276,Teléfono inteligente con cámara dual y gran batería - Lote 2276,8002.2,51
SKU-PRD-2277,Silla Gamer Modelo 2277,Silla ergonómica ajustable con soporte lumbar - Lote 2277,3423.76,80
SKU-PRD-2278,Tablet Modelo 2278,Dispositivo táctil multimedia para estudio y trabajo - Lote 2278,6150.42,29
SKU-PRD-2279,Mouse Modelo 2279,Mouse óptico ergonómico con conexión USB - Lote 2279,175.86,102
SKU-PRD-2280,Cable HDMI Modelo 2280,Cable de alta definición mallado 4K - Lote 2280,234.85,138
SKU-PRD-2281,Laptop Modelo 2281,Ordenador portátil con procesador de alta velocidad y SSD - Lote 2281,8140.53,20
SKU-PRD-2282,Smartphone Modelo 2282,Teléfono inteligente con cámara dual y gran batería - Lote 2282,4419.12,67
SKU-PRD-2283,Monitor Modelo 2283,Pantalla LED Full HD con puertos HDMI - Lote 2283,4441.64,161
SKU-PRD-2284,Smartphone Modelo 2284,Teléfono inteligente con cámara dual y gran batería - Lote 2284,7728.12,81
SKU-PRD-2285,Memoria USB Modelo 2285,Unidad flash portátil de transferencia rápida - Lote 2285,276.31,162
SKU-PRD-2286,Smartwatch Modelo 2286,Reloj inteligente deportivo con monitor de salud - Lote 2286,1537.12,52
SKU-PRD-2287,Impresora Modelo 2287,Impresora multifuncional a color con Wi-Fi - Lote 2287,1979.01,101
SKU-PRD-2288,Laptop Modelo 2288,Ordenador portátil con procesador de alta velocidad y SSD - Lote 2288,18215.14,19
SKU-PRD-2289,Silla Gamer Modelo 2289,Silla ergonómica ajustable con soporte lumbar - Lote 2289,2679.67,161
SKU-PRD-2290,Mouse Modelo 2290,Mouse óptico ergonómico con conexión USB - Lote 2290,478.0,114
SKU-PRD-2291,Tablet Modelo 2291,Dispositivo táctil multimedia para estudio y trabajo - Lote 2291,3305.1,54
SKU-PRD-2292,Smartphone Modelo 2292,Teléfono inteligente con cámara dual y gran batería - Lote 2292,4073.84,54
SKU-PRD-2293,Smartwatch Modelo 2293,Reloj inteligente deportivo con monitor de salud - Lote 2293,1893.75,74
SKU-PRD-2294,Monitor Modelo 2294,Pantalla LED Full HD con puertos HDMI - Lote 2294,3525.86,54
SKU-PRD-2295,Impresora Modelo 2295,Impresora multifuncional a color con Wi-Fi - Lote 2295,4059.92,160
SKU-PRD-2296,Audífonos Modelo 2296,Audífonos estéreo con micrófono y cancelación de ruido - Lote 2296,1434.5,168
SKU-PRD-2297,Smartwatch Modelo 2297,Reloj inteligente deportivo con monitor de salud - Lote 2297,2311.41,156
SKU-PRD-2298,Audífonos Modelo 2298,Audífonos estéreo con micrófono y cancelación de ruido - Lote 2298,307.17,139
SKU-PRD-2299,Regulador Modelo 2299,Protector de voltaje multicontacto para oficina - Lote 2299,405.25,93
SKU-PRD-2300,Disco Duro Modelo 2300,Unidad de almacenamiento externo de alta velocidad - Lote 2300,1015.27,176
SKU-PRD-2301,Smartwatch Modelo 2301,Reloj inteligente deportivo con monitor de salud - Lote 2301,611.33,84
SKU-PRD-2302,Cable HDMI Modelo 2302,Cable de alta definición mallado 4K - Lote 2302,246.9,59
SKU-PRD-2303,Smartphone Modelo 2303,Teléfono inteligente con cámara dual y gran batería - Lote 2303,5545.73,50
SKU-PRD-2304,Monitor Modelo 2304,Pantalla LED Full HD con puertos HDMI - Lote 2304,3659.17,117
SKU-PRD-2305,Teclado Modelo 2305,Teclado multimedia con iluminación LED - Lote 2305,1379.47,40
SKU-PRD-2306,Teclado Modelo 2306,Teclado multimedia con iluminación LED - Lote 2306,797.97,166
SKU-PRD-2307,Disco Duro Modelo 2307,Unidad de almacenamiento externo de alta velocidad - Lote 2307,2013.91,116
SKU-PRD-2308,Monitor Modelo 2308,Pantalla LED Full HD con puertos HDMI - Lote 2308,2176.06,63
SKU-PRD-2309,Laptop Modelo 2309,Ordenador portátil con procesador de alta velocidad y SSD - Lote 2309,24124.59,89
SKU-PRD-2310,Smartwatch Modelo 2310,Reloj inteligente deportivo con monitor de salud - Lote 2310,1024.62,76
SKU-PRD-2311,Audífonos Modelo 2311,Audífonos estéreo con micrófono y cancelación de ruido - Lote 2311,1077.07,187
SKU-PRD-2312,Bocina Bluetooth Modelo 2312,Bocina inalámbrica portátil resistente al agua - Lote 2312,1903.58,189
SKU-PRD-2313,Regulador Modelo 2313,Protector de voltaje multicontacto para oficina - Lote 2313,464.05,199
SKU-PRD-2314,Teclado Modelo 2314,Teclado multimedia con iluminación LED - Lote 2314,704.26,171
SKU-PRD-2315,Teclado Modelo 2315,Teclado multimedia con iluminación LED - Lote 2315,662.33,97
SKU-PRD-2316,Laptop Modelo 2316,Ordenador portátil con procesador de alta velocidad y SSD - Lote 2316,14744.79,15
SKU-PRD-2317,Regulador Modelo 2317,Protector de voltaje multicontacto para oficina - Lote 2317,639.63,189
SKU-PRD-2318,Regulador Modelo 2318,Protector de voltaje multicontacto para oficina - Lote 2318,807.72,18
SKU-PRD-2319,Disco Duro Modelo 2319,Unidad de almacenamiento externo de alta velocidad - Lote 2319,2467.14,41
SKU-PRD-2320,Memoria USB Modelo 2320,Unidad flash portátil de transferencia rápida - Lote 2320,345.83,74
SKU-PRD-2321,Regulador Modelo 2321,Protector de voltaje multicontacto para oficina - Lote 2321,1098.23,31
SKU-PRD-2322,Laptop Modelo 2322,Ordenador portátil con procesador de alta velocidad y SSD - Lote 2322,20617.87,98
SKU-PRD-2323,Mouse Modelo 2323,Mouse óptico ergonómico con conexión USB - Lote 2323,540.27,140
SKU-PRD-2324,Monitor Modelo 2324,Pantalla LED Full HD con puertos HDMI - Lote 2324,6147.16,41
SKU-PRD-2325,Disco Duro Modelo 2325,Unidad de almacenamiento externo de alta velocidad - Lote 2325,3356.09,105
SKU-PRD-2326,Tablet Modelo 2326,Dispositivo táctil multimedia para estudio y trabajo - Lote 2326,4838.5,154
SKU-PRD-2327,Bocina Bluetooth Modelo 2327,Bocina inalámbrica portátil resistente al agua - Lote 2327,983.47,34
SKU-PRD-2328,Tablet Modelo 2328,Dispositivo táctil multimedia para estudio y trabajo - Lote 2328,3677.64,103
SKU-PRD-2329,Regulador Modelo 2329,Protector de voltaje multicontacto para oficina - Lote 2329,663.82,142
SKU-PRD-2330,Memoria USB Modelo 2330,Unidad flash portátil de transferencia rápida - Lote 2330,173.17,103
SKU-PRD-2331,Laptop Modelo 2331,Ordenador portátil con procesador de alta velocidad y SSD - Lote 2331,21949.56,67
SKU-PRD-2332,Regulador Modelo 2332,Protector de voltaje multicontacto para oficina - Lote 2332,639.77,103
SKU-PRD-2333,Laptop Modelo 2333,Ordenador portátil con procesador de alta velocidad y SSD - Lote 2333,8605.88,99
SKU-PRD-2334,Tablet Modelo 2334,Dispositivo táctil multimedia para estudio y trabajo - Lote 2334,5211.95,60
SKU-PRD-2335,Audífonos Modelo 2335,Audífonos estéreo con micrófono y cancelación de ruido - Lote 2335,693.95,90
SKU-PRD-2336,Tablet Modelo 2336,Dispositivo táctil multimedia para estudio y trabajo - Lote 2336,4583.97,5
SKU-PRD-2337,Audífonos Modelo 2337,Audífonos estéreo con micrófono y cancelación de ruido - Lote 2337,1027.21,96
SKU-PRD-2338,Cable HDMI Modelo 2338,Cable de alta definición mallado 4K - Lote 2338,222.14,182
SKU-PRD-2339,Smartphone Modelo 2339,Teléfono inteligente con cámara dual y gran batería - Lote 2339,3771.5,148
SKU-PRD-2340,Teclado Modelo 2340,Teclado multimedia con iluminación LED - Lote 2340,725.37,118
SKU-PRD-2341,Laptop Modelo 2341,Ordenador portátil con procesador de alta velocidad y SSD - Lote 2341,13091.66,64
SKU-PRD-2342,Monitor Modelo 2342,Pantalla LED Full HD con puertos HDMI - Lote 2342,3327.13,133
SKU-PRD-2343,Smartphone Modelo 2343,Teléfono inteligente con cámara dual y gran batería - Lote 2343,4908.7,131
SKU-PRD-2344,Tablet Modelo 2344,Dispositivo táctil multimedia para estudio y trabajo - Lote 2344,6331.45,90
SKU-PRD-2345,Tablet Modelo 2345,Dispositivo táctil multimedia para estudio y trabajo - Lote 2345,5439.51,79
SKU-PRD-2346,Impresora Modelo 2346,Impresora multifuncional a color con Wi-Fi - Lote 2346,3339.36,62
SKU-PRD-2347,Laptop Modelo 2347,Ordenador portátil con procesador de alta velocidad y SSD - Lote 2347,15785.07,62
SKU-PRD-2348,Teclado Modelo 2348,Teclado multimedia con iluminación LED - Lote 2348,1467.29,163
SKU-PRD-2349,Silla Gamer Modelo 2349,Silla ergonómica ajustable con soporte lumbar - Lote 2349,5232.4,138
SKU-PRD-2350,Mouse Modelo 2350,Mouse óptico ergonómico con conexión USB - Lote 2350,806.28,32
SKU-PRD-2351,Tablet Modelo 2351,Dispositivo táctil multimedia para estudio y trabajo - Lote 2351,7327.29,33
SKU-PRD-2352,Tablet Modelo 2352,Dispositivo táctil multimedia para estudio y trabajo - Lote 2352,6703.73,143
SKU-PRD-2353,Audífonos Modelo 2353,Audífonos estéreo con micrófono y cancelación de ruido - Lote 2353,932.91,7
SKU-PRD-2354,Laptop Modelo 2354,Ordenador portátil con procesador de alta velocidad y SSD - Lote 2354,17664.17,72
SKU-PRD-2355,Laptop Modelo 2355,Ordenador portátil con procesador de alta velocidad y SSD - Lote 2355,15508.17,13
SKU-PRD-2356,Teclado Modelo 2356,Teclado multimedia con iluminación LED - Lote 2356,1442.87,162
SKU-PRD-2357,Tablet Modelo 2357,Dispositivo táctil multimedia para estudio y trabajo - Lote 2357,3510.83,35
SKU-PRD-2358,Smartphone Modelo 2358,Teléfono inteligente con cámara dual y gran batería - Lote 2358,3749.33,141
SKU-PRD-2359,Cable HDMI Modelo 2359,Cable de alta definición mallado 4K - Lote 2359,306.23,123
SKU-PRD-2360,Disco Duro Modelo 2360,Unidad de almacenamiento externo de alta velocidad - Lote 2360,2892.95,96
SKU-PRD-2361,Smartphone Modelo 2361,Teléfono inteligente con cámara dual y gran batería - Lote 2361,11401.5,127
SKU-PRD-2362,Disco Duro Modelo 2362,Unidad de almacenamiento externo de alta velocidad - Lote 2362,2272.52,118
SKU-PRD-2363,Mouse Modelo 2363,Mouse óptico ergonómico con conexión USB - Lote 2363,274.54,172
SKU-PRD-2364,Memoria USB Modelo 2364,Unidad flash portátil de transferencia rápida - Lote 2364,428.57,187
SKU-PRD-2365,Bocina Bluetooth Modelo 2365,Bocina inalámbrica portátil resistente al agua - Lote 2365,462.62,159
SKU-PRD-2366,Mouse Modelo 2366,Mouse óptico ergonómico con conexión USB - Lote 2366,681.75,89
SKU-PRD-2367,Audífonos Modelo 2367,Audífonos estéreo con micrófono y cancelación de ruido - Lote 2367,462.93,81
SKU-PRD-2368,Mouse Modelo 2368,Mouse óptico ergonómico con conexión USB - Lote 2368,443.61,197
SKU-PRD-2369,Memoria USB Modelo 2369,Unidad flash portátil de transferencia rápida - Lote 2369,246.31,156
SKU-PRD-2370,Audífonos Modelo 2370,Audífonos estéreo con micrófono y cancelación de ruido - Lote 2370,945.45,34
SKU-PRD-2371,Teclado Modelo 2371,Teclado multimedia con iluminación LED - Lote 2371,790.03,23
SKU-PRD-2372,Bocina Bluetooth Modelo 2372,Bocina inalámbrica portátil resistente al agua - Lote 2372,959.31,104
SKU-PRD-2373,Disco Duro Modelo 2373,Unidad de almacenamiento externo de alta velocidad - Lote 2373,1287.64,172
SKU-PRD-2374,Audífonos Modelo 2374,Audífonos estéreo con micrófono y cancelación de ruido - Lote 2374,1668.15,97
SKU-PRD-2375,Cable HDMI Modelo 2375,Cable de alta definición mallado 4K - Lote 2375,207.29,142
SKU-PRD-2376,Laptop Modelo 2376,Ordenador portátil con procesador de alta velocidad y SSD - Lote 2376,19137.68,88
SKU-PRD-2377,Tablet Modelo 2377,Dispositivo táctil multimedia para estudio y trabajo - Lote 2377,3699.7,32
SKU-PRD-2378,Bocina Bluetooth Modelo 2378,Bocina inalámbrica portátil resistente al agua - Lote 2378,1856.51,111
SKU-PRD-2379,Laptop Modelo 2379,Ordenador portátil con procesador de alta velocidad y SSD - Lote 2379,14642.67,116
SKU-PRD-2380,Cable HDMI Modelo 2380,Cable de alta definición mallado 4K - Lote 2380,139.99,106
SKU-PRD-2381,Tablet Modelo 2381,Dispositivo táctil multimedia para estudio y trabajo - Lote 2381,4213.44,122
SKU-PRD-2382,Mouse Modelo 2382,Mouse óptico ergonómico con conexión USB - Lote 2382,453.59,51
SKU-PRD-2383,Regulador Modelo 2383,Protector de voltaje multicontacto para oficina - Lote 2383,606.08,30
SKU-PRD-2384,Teclado Modelo 2384,Teclado multimedia con iluminación LED - Lote 2384,426.69,80
SKU-PRD-2385,Regulador Modelo 2385,Protector de voltaje multicontacto para oficina - Lote 2385,1184.97,60
SKU-PRD-2386,Teclado Modelo 2386,Teclado multimedia con iluminación LED - Lote 2386,1105.84,183
SKU-PRD-2387,Mouse Modelo 2387,Mouse óptico ergonómico con conexión USB - Lote 2387,667.38,36
SKU-PRD-2388,Smartphone Modelo 2388,Teléfono inteligente con cámara dual y gran batería - Lote 2388,6161.29,158
SKU-PRD-2389,Regulador Modelo 2389,Protector de voltaje multicontacto para oficina - Lote 2389,688.58,162
SKU-PRD-2390,Laptop Modelo 2390,Ordenador portátil con procesador de alta velocidad y SSD - Lote 2390,8814.0,81
SKU-PRD-2391,Cable HDMI Modelo 2391,Cable de alta definición mallado 4K - Lote 2391,307.85,193
SKU-PRD-2392,Cable HDMI Modelo 2392,Cable de alta definición mallado 4K - Lote 2392,217.52,41
SKU-PRD-2393,Tablet Modelo 2393,Dispositivo táctil multimedia para estudio y trabajo - Lote 2393,6404.97,195
SKU-PRD-2394,Smartwatch Modelo 2394,Reloj inteligente deportivo con monitor de salud - Lote 2394,716.79,153
SKU-PRD-2395,Bocina Bluetooth Modelo 2395,Bocina inalámbrica portátil resistente al agua - Lote 2395,605.95,128
SKU-PRD-2396,Disco Duro Modelo 2396,Unidad de almacenamiento externo de alta velocidad - Lote 2396,1240.33,199
SKU-PRD-2397,Smartwatch Modelo 2397,Reloj inteligente deportivo con monitor de salud - Lote 2397,1794.19,87
SKU-PRD-2398,Tablet Modelo 2398,Dispositivo táctil multimedia para estudio y trabajo - Lote 2398,2378.96,8
SKU-PRD-2399,Silla Gamer Modelo 2399,Silla ergonómica ajustable con soporte lumbar - Lote 2399,3333.4,92
SKU-PRD-2400,Tablet Modelo 2400,Dispositivo táctil multimedia para estudio y trabajo - Lote 2400,6471.48,164
SKU-PRD-2401,Tablet Modelo 2401,Dispositivo táctil multimedia para estudio y trabajo - Lote 2401,7297.95,124
SKU-PRD-2402,Smartwatch Modelo 2402,Reloj inteligente deportivo con monitor de salud - Lote 2402,1488.04,53
SKU-PRD-2403,Monitor Modelo 2403,Pantalla LED Full HD con puertos HDMI - Lote 2403,2437.88,140
SKU-PRD-2404,Tablet Modelo 2404,Dispositivo táctil multimedia para estudio y trabajo - Lote 2404,3747.47,11
SKU-PRD-2405,Tablet Modelo 2405,Dispositivo táctil multimedia para estudio y trabajo - Lote 2405,7402.53,182
SKU-PRD-2406,Disco Duro Modelo 2406,Unidad de almacenamiento externo de alta velocidad - Lote 2406,2388.17,106
SKU-PRD-2407,Audífonos Modelo 2407,Audífonos estéreo con micrófono y cancelación de ruido - Lote 2407,1186.24,186
SKU-PRD-2408,Mouse Modelo 2408,Mouse óptico ergonómico con conexión USB - Lote 2408,884.76,129
SKU-PRD-2409,Cable HDMI Modelo 2409,Cable de alta definición mallado 4K - Lote 2409,199.89,199
SKU-PRD-2410,Monitor Modelo 2410,Pantalla LED Full HD con puertos HDMI - Lote 2410,6269.33,177
SKU-PRD-2411,Silla Gamer Modelo 2411,Silla ergonómica ajustable con soporte lumbar - Lote 2411,4890.01,158
SKU-PRD-2412,Bocina Bluetooth Modelo 2412,Bocina inalámbrica portátil resistente al agua - Lote 2412,1136.86,37
SKU-PRD-2413,Mouse Modelo 2413,Mouse óptico ergonómico con conexión USB - Lote 2413,511.05,147
SKU-PRD-2414,Impresora Modelo 2414,Impresora multifuncional a color con Wi-Fi - Lote 2414,2100.65,22
SKU-PRD-2415,Tablet Modelo 2415,Dispositivo táctil multimedia para estudio y trabajo - Lote 2415,6027.83,22
SKU-PRD-2416,Silla Gamer Modelo 2416,Silla ergonómica ajustable con soporte lumbar - Lote 2416,3838.05,15
SKU-PRD-2417,Memoria USB Modelo 2417,Unidad flash portátil de transferencia rápida - Lote 2417,466.61,28
SKU-PRD-2418,Teclado Modelo 2418,Teclado multimedia con iluminación LED - Lote 2418,1033.71,19
SKU-PRD-2419,Regulador Modelo 2419,Protector de voltaje multicontacto para oficina - Lote 2419,1160.63,103
SKU-PRD-2420,Silla Gamer Modelo 2420,Silla ergonómica ajustable con soporte lumbar - Lote 2420,3331.38,125
SKU-PRD-2421,Teclado Modelo 2421,Teclado multimedia con iluminación LED - Lote 2421,1301.84,55
SKU-PRD-2422,Teclado Modelo 2422,Teclado multimedia con iluminación LED - Lote 2422,481.48,58
SKU-PRD-2423,Monitor Modelo 2423,Pantalla LED Full HD con puertos HDMI - Lote 2423,4433.54,145
SKU-PRD-2424,Memoria USB Modelo 2424,Unidad flash portátil de transferencia rápida - Lote 2424,503.02,142
SKU-PRD-2425,Disco Duro Modelo 2425,Unidad de almacenamiento externo de alta velocidad - Lote 2425,3082.27,157
SKU-PRD-2426,Smartwatch Modelo 2426,Reloj inteligente deportivo con monitor de salud - Lote 2426,1526.77,61
SKU-PRD-2427,Teclado Modelo 2427,Teclado multimedia con iluminación LED - Lote 2427,1001.65,90
SKU-PRD-2428,Regulador Modelo 2428,Protector de voltaje multicontacto para oficina - Lote 2428,905.83,111
SKU-PRD-2429,Silla Gamer Modelo 2429,Silla ergonómica ajustable con soporte lumbar - Lote 2429,3826.62,123
SKU-PRD-2430,Audífonos Modelo 2430,Audífonos estéreo con micrófono y cancelación de ruido - Lote 2430,671.06,110
SKU-PRD-2431,Smartphone Modelo 2431,Teléfono inteligente con cámara dual y gran batería - Lote 2431,4067.24,67
SKU-PRD-2432,Memoria USB Modelo 2432,Unidad flash portátil de transferencia rápida - Lote 2432,478.76,62
SKU-PRD-2433,Impresora Modelo 2433,Impresora multifuncional a color con Wi-Fi - Lote 2433,2874.98,70
SKU-PRD-2434,Mouse Modelo 2434,Mouse óptico ergonómico con conexión USB - Lote 2434,259.23,38
SKU-PRD-2435,Teclado Modelo 2435,Teclado multimedia con iluminación LED - Lote 2435,420.26,12
SKU-PRD-2436,Cable HDMI Modelo 2436,Cable de alta definición mallado 4K - Lote 2436,290.08,44
SKU-PRD-2437,Mouse Modelo 2437,Mouse óptico ergonómico con conexión USB - Lote 2437,648.22,19
SKU-PRD-2438,Memoria USB Modelo 2438,Unidad flash portátil de transferencia rápida - Lote 2438,303.89,26
SKU-PRD-2439,Silla Gamer Modelo 2439,Silla ergonómica ajustable con soporte lumbar - Lote 2439,5227.13,96
SKU-PRD-2440,Monitor Modelo 2440,Pantalla LED Full HD con puertos HDMI - Lote 2440,2618.33,29
SKU-PRD-2441,Regulador Modelo 2441,Protector de voltaje multicontacto para oficina - Lote 2441,467.51,139
SKU-PRD-2442,Audífonos Modelo 2442,Audífonos estéreo con micrófono y cancelación de ruido - Lote 2442,1372.46,32
SKU-PRD-2443,Laptop Modelo 2443,Ordenador portátil con procesador de alta velocidad y SSD - Lote 2443,15297.81,80
SKU-PRD-2444,Memoria USB Modelo 2444,Unidad flash portátil de transferencia rápida - Lote 2444,311.2,192
SKU-PRD-2445,Disco Duro Modelo 2445,Unidad de almacenamiento externo de alta velocidad - Lote 2445,2051.86,27
SKU-PRD-2446,Impresora Modelo 2446,Impresora multifuncional a color con Wi-Fi - Lote 2446,4157.3,171
SKU-PRD-2447,Tablet Modelo 2447,Dispositivo táctil multimedia para estudio y trabajo - Lote 2447,2766.29,156
SKU-PRD-2448,Smartphone Modelo 2448,Teléfono inteligente con cámara dual y gran batería - Lote 2448,11421.99,113
SKU-PRD-2449,Laptop Modelo 2449,Ordenador portátil con procesador de alta velocidad y SSD - Lote 2449,20956.85,161
SKU-PRD-2450,Tablet Modelo 2450,Dispositivo táctil multimedia para estudio y trabajo - Lote 2450,2533.55,170
SKU-PRD-2451,Silla Gamer Modelo 2451,Silla ergonómica ajustable con soporte lumbar - Lote 2451,4504.66,26
SKU-PRD-2452,Cable HDMI Modelo 2452,Cable de alta definición mallado 4K - Lote 2452,345.56,6
SKU-PRD-2453,Tablet Modelo 2453,Dispositivo táctil multimedia para estudio y trabajo - Lote 2453,2876.63,146
SKU-PRD-2454,Monitor Modelo 2454,Pantalla LED Full HD con puertos HDMI - Lote 2454,3569.96,13
SKU-PRD-2455,Impresora Modelo 2455,Impresora multifuncional a color con Wi-Fi - Lote 2455,3814.76,61
SKU-PRD-2456,Mouse Modelo 2456,Mouse óptico ergonómico con conexión USB - Lote 2456,672.25,115
SKU-PRD-2457,Cable HDMI Modelo 2457,Cable de alta definición mallado 4K - Lote 2457,239.89,81
SKU-PRD-2458,Teclado Modelo 2458,Teclado multimedia con iluminación LED - Lote 2458,549.25,93
SKU-PRD-2459,Smartwatch Modelo 2459,Reloj inteligente deportivo con monitor de salud - Lote 2459,1536.69,96
SKU-PRD-2460,Bocina Bluetooth Modelo 2460,Bocina inalámbrica portátil resistente al agua - Lote 2460,622.8,126
SKU-PRD-2461,Smartphone Modelo 2461,Teléfono inteligente con cámara dual y gran batería - Lote 2461,5184.34,101
SKU-PRD-2462,Monitor Modelo 2462,Pantalla LED Full HD con puertos HDMI - Lote 2462,6489.37,130
SKU-PRD-2463,Memoria USB Modelo 2463,Unidad flash portátil de transferencia rápida - Lote 2463,100.59,193
SKU-PRD-2464,Audífonos Modelo 2464,Audífonos estéreo con micrófono y cancelación de ruido - Lote 2464,629.13,184
SKU-PRD-2465,Memoria USB Modelo 2465,Unidad flash portátil de transferencia rápida - Lote 2465,307.91,109
SKU-PRD-2466,Regulador Modelo 2466,Protector de voltaje multicontacto para oficina - Lote 2466,1065.91,104
SKU-PRD-2467,Disco Duro Modelo 2467,Unidad de almacenamiento externo de alta velocidad - Lote 2467,1844.91,99
SKU-PRD-2468,Silla Gamer Modelo 2468,Silla ergonómica ajustable con soporte lumbar - Lote 2468,4210.15,189
SKU-PRD-2469,Silla Gamer Modelo 2469,Silla ergonómica ajustable con soporte lumbar - Lote 2469,3328.86,173
SKU-PRD-2470,Laptop Modelo 2470,Ordenador portátil con procesador de alta velocidad y SSD - Lote 2470,13849.44,119
SKU-PRD-2471,Bocina Bluetooth Modelo 2471,Bocina inalámbrica portátil resistente al agua - Lote 2471,1397.3,79
SKU-PRD-2472,Silla Gamer Modelo 2472,Silla ergonómica ajustable con soporte lumbar - Lote 2472,3028.92,169
SKU-PRD-2473,Monitor Modelo 2473,Pantalla LED Full HD con puertos HDMI - Lote 2473,2366.05,114
SKU-PRD-2474,Disco Duro Modelo 2474,Unidad de almacenamiento externo de alta velocidad - Lote 2474,2544.85,163
SKU-PRD-2475,Audífonos Modelo 2475,Audífonos estéreo con micrófono y cancelación de ruido - Lote 2475,1048.31,100
SKU-PRD-2476,Regulador Modelo 2476,Protector de voltaje multicontacto para oficina - Lote 2476,1154.9,45
SKU-PRD-2477,Cable HDMI Modelo 2477,Cable de alta definición mallado 4K - Lote 2477,202.53,30
SKU-PRD-2478,Cable HDMI Modelo 2478,Cable de alta definición mallado 4K - Lote 2478,271.57,169
SKU-PRD-2479,Disco Duro Modelo 2479,Unidad de almacenamiento externo de alta velocidad - Lote 2479,3368.0,115
SKU-PRD-2480,Teclado Modelo 2480,Teclado multimedia con iluminación LED - Lote 2480,405.27,147
SKU-PRD-2481,Laptop Modelo 2481,Ordenador portátil con procesador de alta velocidad y SSD - Lote 2481,18122.02,45
SKU-PRD-2482,Silla Gamer Modelo 2482,Silla ergonómica ajustable con soporte lumbar - Lote 2482,5122.83,130
SKU-PRD-2483,Impresora Modelo 2483,Impresora multifuncional a color con Wi-Fi - Lote 2483,2308.43,6
SKU-PRD-2484,Mouse Modelo 2484,Mouse óptico ergonómico con conexión USB - Lote 2484,229.12,193
SKU-PRD-2485,Monitor Modelo 2485,Pantalla LED Full HD con puertos HDMI - Lote 2485,2648.24,69
SKU-PRD-2486,Disco Duro Modelo 2486,Unidad de almacenamiento externo de alta velocidad - Lote 2486,2423.4,113
SKU-PRD-2487,Regulador Modelo 2487,Protector de voltaje multicontacto para oficina - Lote 2487,830.65,178
SKU-PRD-2488,Audífonos Modelo 2488,Audífonos estéreo con micrófono y cancelación de ruido - Lote 2488,1252.4,80
SKU-PRD-2489,Mouse Modelo 2489,Mouse óptico ergonómico con conexión USB - Lote 2489,473.53,185
SKU-PRD-2490,Impresora Modelo 2490,Impresora multifuncional a color con Wi-Fi - Lote 2490,4157.58,156
SKU-PRD-2491,Silla Gamer Modelo 2491,Silla ergonómica ajustable con soporte lumbar - Lote 2491,4408.93,166
SKU-PRD-2492,Audífonos Modelo 2492,Audífonos estéreo con micrófono y cancelación de ruido - Lote 2492,737.57,191
SKU-PRD-2493,Silla Gamer Modelo 2493,Silla ergonómica ajustable con soporte lumbar - Lote 2493,4091.65,65
SKU-PRD-2494,Monitor Modelo 2494,Pantalla LED Full HD con puertos HDMI - Lote 2494,5927.74,90
SKU-PRD-2495,Impresora Modelo 2495,Impresora multifuncional a color con Wi-Fi - Lote 2495,3880.02,79
SKU-PRD-2496,Regulador Modelo 2496,Protector de voltaje multicontacto para oficina - Lote 2496,454.21,187
SKU-PRD-2497,Audífonos Modelo 2497,Audífonos estéreo con micrófono y cancelación de ruido - Lote 2497,304.98,184
SKU-PRD-2498,Bocina Bluetooth Modelo 2498,Bocina inalámbrica portátil resistente al agua - Lote 2498,1946.33,67
SKU-PRD-2499,Silla Gamer Modelo 2499,Silla ergonómica ajustable con soporte lumbar - Lote 2499,4947.56,109
SKU-PRD-2500,Disco Duro Modelo 2500,Unidad de almacenamiento externo de alta velocidad - Lote 2500,2070.34,124
SKU-PRD-2501,Tablet Modelo 2501,Dispositivo táctil multimedia para estudio y trabajo - Lote 2501,4292.51,120
SKU-PRD-2502,Disco Duro Modelo 2502,Unidad de almacenamiento externo de alta velocidad - Lote 2502,2272.1,174
SKU-PRD-2503,Audífonos Modelo 2503,Audífonos estéreo con micrófono y cancelación de ruido - Lote 2503,1329.56,148
SKU-PRD-2504,Regulador Modelo 2504,Protector de voltaje multicontacto para oficina - Lote 2504,368.22,90
SKU-PRD-2505,Smartphone Modelo 2505,Teléfono inteligente con cámara dual y gran batería - Lote 2505,11868.34,28
SKU-PRD-2506,Mouse Modelo 2506,Mouse óptico ergonómico con conexión USB - Lote 2506,163.57,155
SKU-PRD-2507,Cable HDMI Modelo 2507,Cable de alta definición mallado 4K - Lote 2507,145.39,17
SKU-PRD-2508,Smartphone Modelo 2508,Teléfono inteligente con cámara dual y gran batería - Lote 2508,4382.69,45
SKU-PRD-2509,Smartphone Modelo 2509,Teléfono inteligente con cámara dual y gran batería - Lote 2509,9623.37,54
SKU-PRD-2510,Audífonos Modelo 2510,Audífonos estéreo con micrófono y cancelación de ruido - Lote 2510,999.08,200
SKU-PRD-2511,Audífonos Modelo 2511,Audífonos estéreo con micrófono y cancelación de ruido - Lote 2511,335.97,19
SKU-PRD-2512,Teclado Modelo 2512,Teclado multimedia con iluminación LED - Lote 2512,318.39,72
SKU-PRD-2513,Silla Gamer Modelo 2513,Silla ergonómica ajustable con soporte lumbar - Lote 2513,3479.29,183
SKU-PRD-2514,Mouse Modelo 2514,Mouse óptico ergonómico con conexión USB - Lote 2514,282.58,95
SKU-PRD-2515,Impresora Modelo 2515,Impresora multifuncional a color con Wi-Fi - Lote 2515,2067.23,193
SKU-PRD-2516,Smartphone Modelo 2516,Teléfono inteligente con cámara dual y gran batería - Lote 2516,6700.8,66
SKU-PRD-2517,Impresora Modelo 2517,Impresora multifuncional a color con Wi-Fi - Lote 2517,2202.24,131
SKU-PRD-2518,Impresora Modelo 2518,Impresora multifuncional a color con Wi-Fi - Lote 2518,4448.35,77
SKU-PRD-2519,Laptop Modelo 2519,Ordenador portátil con procesador de alta velocidad y SSD - Lote 2519,24089.49,32
SKU-PRD-2520,Cable HDMI Modelo 2520,Cable de alta definición mallado 4K - Lote 2520,281.42,92
SKU-PRD-2521,Audífonos Modelo 2521,Audífonos estéreo con micrófono y cancelación de ruido - Lote 2521,599.75,37
SKU-PRD-2522,Monitor Modelo 2522,Pantalla LED Full HD con puertos HDMI - Lote 2522,4339.67,104
SKU-PRD-2523,Regulador Modelo 2523,Protector de voltaje multicontacto para oficina - Lote 2523,484.7,68
SKU-PRD-2524,Teclado Modelo 2524,Teclado multimedia con iluminación LED - Lote 2524,1092.27,41
SKU-PRD-2525,Silla Gamer Modelo 2525,Silla ergonómica ajustable con soporte lumbar - Lote 2525,4622.75,5
SKU-PRD-2526,Audífonos Modelo 2526,Audífonos estéreo con micrófono y cancelación de ruido - Lote 2526,1725.89,144
SKU-PRD-2527,Impresora Modelo 2527,Impresora multifuncional a color con Wi-Fi - Lote 2527,2179.23,177
SKU-PRD-2528,Smartwatch Modelo 2528,Reloj inteligente deportivo con monitor de salud - Lote 2528,2017.14,51
SKU-PRD-2529,Audífonos Modelo 2529,Audífonos estéreo con micrófono y cancelación de ruido - Lote 2529,1732.0,131
SKU-PRD-2530,Bocina Bluetooth Modelo 2530,Bocina inalámbrica portátil resistente al agua - Lote 2530,1755.11,164
SKU-PRD-2531,Smartwatch Modelo 2531,Reloj inteligente deportivo con monitor de salud - Lote 2531,2303.66,200
SKU-PRD-2532,Disco Duro Modelo 2532,Unidad de almacenamiento externo de alta velocidad - Lote 2532,3114.48,122
SKU-PRD-2533,Tablet Modelo 2533,Dispositivo táctil multimedia para estudio y trabajo - Lote 2533,3607.22,101
SKU-PRD-2534,Memoria USB Modelo 2534,Unidad flash portátil de transferencia rápida - Lote 2534,583.72,191
SKU-PRD-2535,Teclado Modelo 2535,Teclado multimedia con iluminación LED - Lote 2535,327.94,95
SKU-PRD-2536,Smartphone Modelo 2536,Teléfono inteligente con cámara dual y gran batería - Lote 2536,5173.0,26
SKU-PRD-2537,Bocina Bluetooth Modelo 2537,Bocina inalámbrica portátil resistente al agua - Lote 2537,833.98,84
SKU-PRD-2538,Monitor Modelo 2538,Pantalla LED Full HD con puertos HDMI - Lote 2538,2821.88,39
SKU-PRD-2539,Impresora Modelo 2539,Impresora multifuncional a color con Wi-Fi - Lote 2539,3083.23,101
SKU-PRD-2540,Laptop Modelo 2540,Ordenador portátil con procesador de alta velocidad y SSD - Lote 2540,9867.93,117
SKU-PRD-2541,Bocina Bluetooth Modelo 2541,Bocina inalámbrica portátil resistente al agua - Lote 2541,445.67,152
SKU-PRD-2542,Monitor Modelo 2542,Pantalla LED Full HD con puertos HDMI - Lote 2542,3224.69,6
SKU-PRD-2543,Mouse Modelo 2543,Mouse óptico ergonómico con conexión USB - Lote 2543,674.69,169
SKU-PRD-2544,Smartphone Modelo 2544,Teléfono inteligente con cámara dual y gran batería - Lote 2544,3798.97,36
SKU-PRD-2545,Smartphone Modelo 2545,Teléfono inteligente con cámara dual y gran batería - Lote 2545,11390.46,114
SKU-PRD-2546,Bocina Bluetooth Modelo 2546,Bocina inalámbrica portátil resistente al agua - Lote 2546,1561.23,140
SKU-PRD-2547,Monitor Modelo 2547,Pantalla LED Full HD con puertos HDMI - Lote 2547,5694.13,134
SKU-PRD-2548,Monitor Modelo 2548,Pantalla LED Full HD con puertos HDMI - Lote 2548,5434.5,26
SKU-PRD-2549,Bocina Bluetooth Modelo 2549,Bocina inalámbrica portátil resistente al agua - Lote 2549,1947.53,99
SKU-PRD-2550,Cable HDMI Modelo 2550,Cable de alta definición mallado 4K - Lote 2550,158.1,125
SKU-PRD-2551,Disco Duro Modelo 2551,Unidad de almacenamiento externo de alta velocidad - Lote 2551,3177.87,173
SKU-PRD-2552,Smartphone Modelo 2552,Teléfono inteligente con cámara dual y gran batería - Lote 2552,10613.8,169
SKU-PRD-2553,Smartphone Modelo 2553,Teléfono inteligente con cámara dual y gran batería - Lote 2553,10351.01,153
SKU-PRD-2554,Mouse Modelo 2554,Mouse óptico ergonómico con conexión USB - Lote 2554,826.5,28
SKU-PRD-2555,Mouse Modelo 2555,Mouse óptico ergonómico con conexión USB - Lote 2555,189.97,46
SKU-PRD-2556,Smartphone Modelo 2556,Teléfono inteligente con cámara dual y gran batería - Lote 2556,5161.02,192
SKU-PRD-2557,Memoria USB Modelo 2557,Unidad flash portátil de transferencia rápida - Lote 2557,590.18,84
SKU-PRD-2558,Disco Duro Modelo 2558,Unidad de almacenamiento externo de alta velocidad - Lote 2558,1631.68,161
SKU-PRD-2559,Disco Duro Modelo 2559,Unidad de almacenamiento externo de alta velocidad - Lote 2559,2206.09,112
SKU-PRD-2560,Smartwatch Modelo 2560,Reloj inteligente deportivo con monitor de salud - Lote 2560,501.5,50
SKU-PRD-2561,Teclado Modelo 2561,Teclado multimedia con iluminación LED - Lote 2561,486.73,128
SKU-PRD-2562,Cable HDMI Modelo 2562,Cable de alta definición mallado 4K - Lote 2562,273.83,129
SKU-PRD-2563,Disco Duro Modelo 2563,Unidad de almacenamiento externo de alta velocidad - Lote 2563,1531.98,98
SKU-PRD-2564,Silla Gamer Modelo 2564,Silla ergonómica ajustable con soporte lumbar - Lote 2564,2995.54,115
SKU-PRD-2565,Tablet Modelo 2565,Dispositivo táctil multimedia para estudio y trabajo - Lote 2565,2979.52,76
SKU-PRD-2566,Silla Gamer Modelo 2566,Silla ergonómica ajustable con soporte lumbar - Lote 2566,5853.43,36
SKU-PRD-2567,Silla Gamer Modelo 2567,Silla ergonómica ajustable con soporte lumbar - Lote 2567,3982.62,54
SKU-PRD-2568,Audífonos Modelo 2568,Audífonos estéreo con micrófono y cancelación de ruido - Lote 2568,1287.64,85
SKU-PRD-2569,Silla Gamer Modelo 2569,Silla ergonómica ajustable con soporte lumbar - Lote 2569,5068.82,108
SKU-PRD-2570,Mouse Modelo 2570,Mouse óptico ergonómico con conexión USB - Lote 2570,619.23,190
SKU-PRD-2571,Teclado Modelo 2571,Teclado multimedia con iluminación LED - Lote 2571,1082.27,60
SKU-PRD-2572,Laptop Modelo 2572,Ordenador portátil con procesador de alta velocidad y SSD - Lote 2572,23838.64,42
SKU-PRD-2573,Regulador Modelo 2573,Protector de voltaje multicontacto para oficina - Lote 2573,364.74,191
SKU-PRD-2574,Bocina Bluetooth Modelo 2574,Bocina inalámbrica portátil resistente al agua - Lote 2574,1860.03,137
SKU-PRD-2575,Laptop Modelo 2575,Ordenador portátil con procesador de alta velocidad y SSD - Lote 2575,9315.61,51
SKU-PRD-2576,Silla Gamer Modelo 2576,Silla ergonómica ajustable con soporte lumbar - Lote 2576,2578.32,94
SKU-PRD-2577,Disco Duro Modelo 2577,Unidad de almacenamiento externo de alta velocidad - Lote 2577,2376.75,43
SKU-PRD-2578,Impresora Modelo 2578,Impresora multifuncional a color con Wi-Fi - Lote 2578,4318.28,6
SKU-PRD-2579,Laptop Modelo 2579,Ordenador portátil con procesador de alta velocidad y SSD - Lote 2579,13779.64,171
SKU-PRD-2580,Tablet Modelo 2580,Dispositivo táctil multimedia para estudio y trabajo - Lote 2580,5392.52,5
SKU-PRD-2581,Bocina Bluetooth Modelo 2581,Bocina inalámbrica portátil resistente al agua - Lote 2581,1041.19,169
SKU-PRD-2582,Silla Gamer Modelo 2582,Silla ergonómica ajustable con soporte lumbar - Lote 2582,5555.85,168
SKU-PRD-2583,Bocina Bluetooth Modelo 2583,Bocina inalámbrica portátil resistente al agua - Lote 2583,650.96,139
SKU-PRD-2584,Teclado Modelo 2584,Teclado multimedia con iluminación LED - Lote 2584,706.08,175
SKU-PRD-2585,Silla Gamer Modelo 2585,Silla ergonómica ajustable con soporte lumbar - Lote 2585,2847.09,47
SKU-PRD-2586,Memoria USB Modelo 2586,Unidad flash portátil de transferencia rápida - Lote 2586,310.04,106
SKU-PRD-2587,Laptop Modelo 2587,Ordenador portátil con procesador de alta velocidad y SSD - Lote 2587,10676.85,161
SKU-PRD-2588,Teclado Modelo 2588,Teclado multimedia con iluminación LED - Lote 2588,1399.23,32
SKU-PRD-2589,Silla Gamer Modelo 2589,Silla ergonómica ajustable con soporte lumbar - Lote 2589,3810.94,55
SKU-PRD-2590,Smartphone Modelo 2590,Teléfono inteligente con cámara dual y gran batería - Lote 2590,7033.77,45
SKU-PRD-2591,Smartwatch Modelo 2591,Reloj inteligente deportivo con monitor de salud - Lote 2591,1576.6,193
SKU-PRD-2592,Audífonos Modelo 2592,Audífonos estéreo con micrófono y cancelación de ruido - Lote 2592,1602.59,61
SKU-PRD-2593,Smartphone Modelo 2593,Teléfono inteligente con cámara dual y gran batería - Lote 2593,10525.42,106
SKU-PRD-2594,Impresora Modelo 2594,Impresora multifuncional a color con Wi-Fi - Lote 2594,2478.75,137
SKU-PRD-2595,Bocina Bluetooth Modelo 2595,Bocina inalámbrica portátil resistente al agua - Lote 2595,1834.84,50
SKU-PRD-2596,Cable HDMI Modelo 2596,Cable de alta definición mallado 4K - Lote 2596,292.54,83
SKU-PRD-2597,Tablet Modelo 2597,Dispositivo táctil multimedia para estudio y trabajo - Lote 2597,3018.37,20
SKU-PRD-2598,Bocina Bluetooth Modelo 2598,Bocina inalámbrica portátil resistente al agua - Lote 2598,1330.15,80
SKU-PRD-2599,Regulador Modelo 2599,Protector de voltaje multicontacto para oficina - Lote 2599,409.01,177
SKU-PRD-2600,Bocina Bluetooth Modelo 2600,Bocina inalámbrica portátil resistente al agua - Lote 2600,873.6,176
SKU-PRD-2601,Laptop Modelo 2601,Ordenador portátil con procesador de alta velocidad y SSD - Lote 2601,24487.72,154
SKU-PRD-2602,Silla Gamer Modelo 2602,Silla ergonómica ajustable con soporte lumbar - Lote 2602,3329.41,168
SKU-PRD-2603,Laptop Modelo 2603,Ordenador portátil con procesador de alta velocidad y SSD - Lote 2603,19884.61,181
SKU-PRD-2604,Impresora Modelo 2604,Impresora multifuncional a color con Wi-Fi - Lote 2604,3766.21,138
SKU-PRD-2605,Audífonos Modelo 2605,Audífonos estéreo con micrófono y cancelación de ruido - Lote 2605,801.27,30
SKU-PRD-2606,Smartphone Modelo 2606,Teléfono inteligente con cámara dual y gran batería - Lote 2606,9973.6,130
SKU-PRD-2607,Memoria USB Modelo 2607,Unidad flash portátil de transferencia rápida - Lote 2607,258.19,149
SKU-PRD-2608,Laptop Modelo 2608,Ordenador portátil con procesador de alta velocidad y SSD - Lote 2608,23024.65,76
SKU-PRD-2609,Mouse Modelo 2609,Mouse óptico ergonómico con conexión USB - Lote 2609,421.24,11
SKU-PRD-2610,Memoria USB Modelo 2610,Unidad flash portátil de transferencia rápida - Lote 2610,597.26,145
SKU-PRD-2611,Regulador Modelo 2611,Protector de voltaje multicontacto para oficina - Lote 2611,1126.55,33
SKU-PRD-2612,Memoria USB Modelo 2612,Unidad flash portátil de transferencia rápida - Lote 2612,438.66,157
SKU-PRD-2613,Audífonos Modelo 2613,Audífonos estéreo con micrófono y cancelación de ruido - Lote 2613,811.47,153
SKU-PRD-2614,Impresora Modelo 2614,Impresora multifuncional a color con Wi-Fi - Lote 2614,2637.1,65
SKU-PRD-2615,Smartwatch Modelo 2615,Reloj inteligente deportivo con monitor de salud - Lote 2615,2406.55,54
SKU-PRD-2616,Bocina Bluetooth Modelo 2616,Bocina inalámbrica portátil resistente al agua - Lote 2616,1038.51,35
SKU-PRD-2617,Silla Gamer Modelo 2617,Silla ergonómica ajustable con soporte lumbar - Lote 2617,4356.74,200
SKU-PRD-2618,Silla Gamer Modelo 2618,Silla ergonómica ajustable con soporte lumbar - Lote 2618,2932.77,22
SKU-PRD-2619,Smartphone Modelo 2619,Teléfono inteligente con cámara dual y gran batería - Lote 2619,9963.58,134
SKU-PRD-2620,Smartwatch Modelo 2620,Reloj inteligente deportivo con monitor de salud - Lote 2620,776.97,13
SKU-PRD-2621,Silla Gamer Modelo 2621,Silla ergonómica ajustable con soporte lumbar - Lote 2621,5732.87,60
SKU-PRD-2622,Tablet Modelo 2622,Dispositivo táctil multimedia para estudio y trabajo - Lote 2622,7127.44,68
SKU-PRD-2623,Audífonos Modelo 2623,Audífonos estéreo con micrófono y cancelación de ruido - Lote 2623,866.91,194
SKU-PRD-2624,Cable HDMI Modelo 2624,Cable de alta definición mallado 4K - Lote 2624,94.87,5
SKU-PRD-2625,Bocina Bluetooth Modelo 2625,Bocina inalámbrica portátil resistente al agua - Lote 2625,1264.51,140
SKU-PRD-2626,Monitor Modelo 2626,Pantalla LED Full HD con puertos HDMI - Lote 2626,6386.25,92
SKU-PRD-2627,Smartwatch Modelo 2627,Reloj inteligente deportivo con monitor de salud - Lote 2627,1684.03,78
SKU-PRD-2628,Disco Duro Modelo 2628,Unidad de almacenamiento externo de alta velocidad - Lote 2628,3048.09,95
SKU-PRD-2629,Silla Gamer Modelo 2629,Silla ergonómica ajustable con soporte lumbar - Lote 2629,2644.3,72
SKU-PRD-2630,Laptop Modelo 2630,Ordenador portátil con procesador de alta velocidad y SSD - Lote 2630,19880.98,137
SKU-PRD-2631,Disco Duro Modelo 2631,Unidad de almacenamiento externo de alta velocidad - Lote 2631,1833.29,111
SKU-PRD-2632,Impresora Modelo 2632,Impresora multifuncional a color con Wi-Fi - Lote 2632,2648.98,146
SKU-PRD-2633,Bocina Bluetooth Modelo 2633,Bocina inalámbrica portátil resistente al agua - Lote 2633,1031.6,74
SKU-PRD-2634,Laptop Modelo 2634,Ordenador portátil con procesador de alta velocidad y SSD - Lote 2634,12353.81,175
SKU-PRD-2635,Memoria USB Modelo 2635,Unidad flash portátil de transferencia rápida - Lote 2635,547.37,101
SKU-PRD-2636,Smartphone Modelo 2636,Teléfono inteligente con cámara dual y gran batería - Lote 2636,11959.23,190
SKU-PRD-2637,Tablet Modelo 2637,Dispositivo táctil multimedia para estudio y trabajo - Lote 2637,4370.3,94
SKU-PRD-2638,Smartwatch Modelo 2638,Reloj inteligente deportivo con monitor de salud - Lote 2638,891.57,58
SKU-PRD-2639,Mouse Modelo 2639,Mouse óptico ergonómico con conexión USB - Lote 2639,626.86,38
SKU-PRD-2640,Laptop Modelo 2640,Ordenador portátil con procesador de alta velocidad y SSD - Lote 2640,23612.39,56
SKU-PRD-2641,Silla Gamer Modelo 2641,Silla ergonómica ajustable con soporte lumbar - Lote 2641,4444.76,24
SKU-PRD-2642,Mouse Modelo 2642,Mouse óptico ergonómico con conexión USB - Lote 2642,174.37,147
SKU-PRD-2643,Smartwatch Modelo 2643,Reloj inteligente deportivo con monitor de salud - Lote 2643,2069.35,146
SKU-PRD-2644,Smartwatch Modelo 2644,Reloj inteligente deportivo con monitor de salud - Lote 2644,1646.48,28
SKU-PRD-2645,Mouse Modelo 2645,Mouse óptico ergonómico con conexión USB - Lote 2645,787.11,120
SKU-PRD-2646,Tablet Modelo 2646,Dispositivo táctil multimedia para estudio y trabajo - Lote 2646,3745.13,15
SKU-PRD-2647,Tablet Modelo 2647,Dispositivo táctil multimedia para estudio y trabajo - Lote 2647,5427.51,158
SKU-PRD-2648,Smartwatch Modelo 2648,Reloj inteligente deportivo con monitor de salud - Lote 2648,1971.79,168
SKU-PRD-2649,Impresora Modelo 2649,Impresora multifuncional a color con Wi-Fi - Lote 2649,2416.14,191
SKU-PRD-2650,Smartphone Modelo 2650,Teléfono inteligente con cámara dual y gran batería - Lote 2650,8877.38,176
SKU-PRD-2651,Disco Duro Modelo 2651,Unidad de almacenamiento externo de alta velocidad - Lote 2651,1580.25,23
SKU-PRD-2652,Tablet Modelo 2652,Dispositivo táctil multimedia para estudio y trabajo - Lote 2652,4769.79,93
SKU-PRD-2653,Teclado Modelo 2653,Teclado multimedia con iluminación LED - Lote 2653,580.8,134
SKU-PRD-2654,Mouse Modelo 2654,Mouse óptico ergonómico con conexión USB - Lote 2654,682.7,105
SKU-PRD-2655,Mouse Modelo 2655,Mouse óptico ergonómico con conexión USB - Lote 2655,642.92,133
SKU-PRD-2656,Audífonos Modelo 2656,Audífonos estéreo con micrófono y cancelación de ruido - Lote 2656,1407.17,9
SKU-PRD-2657,Cable HDMI Modelo 2657,Cable de alta definición mallado 4K - Lote 2657,189.71,187
SKU-PRD-2658,Teclado Modelo 2658,Teclado multimedia con iluminación LED - Lote 2658,628.49,71
SKU-PRD-2659,Laptop Modelo 2659,Ordenador portátil con procesador de alta velocidad y SSD - Lote 2659,12856.54,58
SKU-PRD-2660,Mouse Modelo 2660,Mouse óptico ergonómico con conexión USB - Lote 2660,449.43,131
SKU-PRD-2661,Memoria USB Modelo 2661,Unidad flash portátil de transferencia rápida - Lote 2661,324.4,40
SKU-PRD-2662,Silla Gamer Modelo 2662,Silla ergonómica ajustable con soporte lumbar - Lote 2662,3069.64,25
SKU-PRD-2663,Audífonos Modelo 2663,Audífonos estéreo con micrófono y cancelación de ruido - Lote 2663,1520.17,62
SKU-PRD-2664,Teclado Modelo 2664,Teclado multimedia con iluminación LED - Lote 2664,363.51,113
SKU-PRD-2665,Regulador Modelo 2665,Protector de voltaje multicontacto para oficina - Lote 2665,547.51,35
SKU-PRD-2666,Regulador Modelo 2666,Protector de voltaje multicontacto para oficina - Lote 2666,1145.2,160
SKU-PRD-2667,Memoria USB Modelo 2667,Unidad flash portátil de transferencia rápida - Lote 2667,526.88,64
SKU-PRD-2668,Smartwatch Modelo 2668,Reloj inteligente deportivo con monitor de salud - Lote 2668,1966.21,106
SKU-PRD-2669,Bocina Bluetooth Modelo 2669,Bocina inalámbrica portátil resistente al agua - Lote 2669,1253.67,104
SKU-PRD-2670,Silla Gamer Modelo 2670,Silla ergonómica ajustable con soporte lumbar - Lote 2670,4980.19,9
SKU-PRD-2671,Mouse Modelo 2671,Mouse óptico ergonómico con conexión USB - Lote 2671,561.4,101
SKU-PRD-2672,Bocina Bluetooth Modelo 2672,Bocina inalámbrica portátil resistente al agua - Lote 2672,618.71,184
SKU-PRD-2673,Regulador Modelo 2673,Protector de voltaje multicontacto para oficina - Lote 2673,515.68,146
SKU-PRD-2674,Mouse Modelo 2674,Mouse óptico ergonómico con conexión USB - Lote 2674,174.89,30
SKU-PRD-2675,Smartphone Modelo 2675,Teléfono inteligente con cámara dual y gran batería - Lote 2675,6044.55,91
SKU-PRD-2676,Bocina Bluetooth Modelo 2676,Bocina inalámbrica portátil resistente al agua - Lote 2676,1374.15,53
SKU-PRD-2677,Cable HDMI Modelo 2677,Cable de alta definición mallado 4K - Lote 2677,324.68,97
SKU-PRD-2678,Memoria USB Modelo 2678,Unidad flash portátil de transferencia rápida - Lote 2678,397.46,73
SKU-PRD-2679,Disco Duro Modelo 2679,Unidad de almacenamiento externo de alta velocidad - Lote 2679,1086.7,84
SKU-PRD-2680,Monitor Modelo 2680,Pantalla LED Full HD con puertos HDMI - Lote 2680,6341.68,170
SKU-PRD-2681,Laptop Modelo 2681,Ordenador portátil con procesador de alta velocidad y SSD - Lote 2681,15790.57,46
SKU-PRD-2682,Silla Gamer Modelo 2682,Silla ergonómica ajustable con soporte lumbar - Lote 2682,4927.97,85
SKU-PRD-2683,Impresora Modelo 2683,Impresora multifuncional a color con Wi-Fi - Lote 2683,2671.0,38
SKU-PRD-2684,Teclado Modelo 2684,Teclado multimedia con iluminación LED - Lote 2684,703.95,36
SKU-PRD-2685,Disco Duro Modelo 2685,Unidad de almacenamiento externo de alta velocidad - Lote 2685,1539.43,89
SKU-PRD-2686,Bocina Bluetooth Modelo 2686,Bocina inalámbrica portátil resistente al agua - Lote 2686,1053.84,29
SKU-PRD-2687,Mouse Modelo 2687,Mouse óptico ergonómico con conexión USB - Lote 2687,765.5,127
SKU-PRD-2688,Bocina Bluetooth Modelo 2688,Bocina inalámbrica portátil resistente al agua - Lote 2688,924.36,184
SKU-PRD-2689,Tablet Modelo 2689,Dispositivo táctil multimedia para estudio y trabajo - Lote 2689,5336.67,91
SKU-PRD-2690,Bocina Bluetooth Modelo 2690,Bocina inalámbrica portátil resistente al agua - Lote 2690,1961.85,17
SKU-PRD-2691,Disco Duro Modelo 2691,Unidad de almacenamiento externo de alta velocidad - Lote 2691,2708.41,36
SKU-PRD-2692,Bocina Bluetooth Modelo 2692,Bocina inalámbrica portátil resistente al agua - Lote 2692,855.34,147
SKU-PRD-2693,Mouse Modelo 2693,Mouse óptico ergonómico con conexión USB - Lote 2693,339.18,46
SKU-PRD-2694,Memoria USB Modelo 2694,Unidad flash portátil de transferencia rápida - Lote 2694,483.12,103
SKU-PRD-2695,Smartwatch Modelo 2695,Reloj inteligente deportivo con monitor de salud - Lote 2695,858.04,131
SKU-PRD-2696,Bocina Bluetooth Modelo 2696,Bocina inalámbrica portátil resistente al agua - Lote 2696,1806.46,6
SKU-PRD-2697,Memoria USB Modelo 2697,Unidad flash portátil de transferencia rápida - Lote 2697,470.95,72
SKU-PRD-2698,Impresora Modelo 2698,Impresora multifuncional a color con Wi-Fi - Lote 2698,2506.49,179
SKU-PRD-2699,Smartwatch Modelo 2699,Reloj inteligente deportivo con monitor de salud - Lote 2699,1035.5,108
SKU-PRD-2700,Mouse Modelo 2700,Mouse óptico ergonómico con conexión USB - Lote 2700,392.04,161
SKU-PRD-2701,Bocina Bluetooth Modelo 2701,Bocina inalámbrica portátil resistente al agua - Lote 2701,539.63,144
SKU-PRD-2702,Regulador Modelo 2702,Protector de voltaje multicontacto para oficina - Lote 2702,960.97,51
SKU-PRD-2703,Tablet Modelo 2703,Dispositivo táctil multimedia para estudio y trabajo - Lote 2703,5946.52,94
SKU-PRD-2704,Audífonos Modelo 2704,Audífonos estéreo con micrófono y cancelación de ruido - Lote 2704,460.04,106
SKU-PRD-2705,Cable HDMI Modelo 2705,Cable de alta definición mallado 4K - Lote 2705,199.65,101
SKU-PRD-2706,Monitor Modelo 2706,Pantalla LED Full HD con puertos HDMI - Lote 2706,5500.58,176
SKU-PRD-2707,Laptop Modelo 2707,Ordenador portátil con procesador de alta velocidad y SSD - Lote 2707,22744.21,189
SKU-PRD-2708,Laptop Modelo 2708,Ordenador portátil con procesador de alta velocidad y SSD - Lote 2708,22874.14,111
SKU-PRD-2709,Smartwatch Modelo 2709,Reloj inteligente deportivo con monitor de salud - Lote 2709,2199.74,75
SKU-PRD-2710,Tablet Modelo 2710,Dispositivo táctil multimedia para estudio y trabajo - Lote 2710,5131.74,175
SKU-PRD-2711,Impresora Modelo 2711,Impresora multifuncional a color con Wi-Fi - Lote 2711,3985.0,157
SKU-PRD-2712,Laptop Modelo 2712,Ordenador portátil con procesador de alta velocidad y SSD - Lote 2712,12181.9,65
SKU-PRD-2713,Mouse Modelo 2713,Mouse óptico ergonómico con conexión USB - Lote 2713,537.61,128
SKU-PRD-2714,Audífonos Modelo 2714,Audífonos estéreo con micrófono y cancelación de ruido - Lote 2714,902.78,29
SKU-PRD-2715,Monitor Modelo 2715,Pantalla LED Full HD con puertos HDMI - Lote 2715,4663.45,102
SKU-PRD-2716,Cable HDMI Modelo 2716,Cable de alta definición mallado 4K - Lote 2716,228.73,94
SKU-PRD-2717,Silla Gamer Modelo 2717,Silla ergonómica ajustable con soporte lumbar - Lote 2717,2733.07,48
SKU-PRD-2718,Disco Duro Modelo 2718,Unidad de almacenamiento externo de alta velocidad - Lote 2718,1255.08,156
SKU-PRD-2719,Memoria USB Modelo 2719,Unidad flash portátil de transferencia rápida - Lote 2719,170.49,194
SKU-PRD-2720,Smartwatch Modelo 2720,Reloj inteligente deportivo con monitor de salud - Lote 2720,1069.43,81
SKU-PRD-2721,Disco Duro Modelo 2721,Unidad de almacenamiento externo de alta velocidad - Lote 2721,1914.73,101
SKU-PRD-2722,Cable HDMI Modelo 2722,Cable de alta definición mallado 4K - Lote 2722,328.24,49
SKU-PRD-2723,Memoria USB Modelo 2723,Unidad flash portátil de transferencia rápida - Lote 2723,150.78,173
SKU-PRD-2724,Tablet Modelo 2724,Dispositivo táctil multimedia para estudio y trabajo - Lote 2724,2644.31,85
SKU-PRD-2725,Audífonos Modelo 2725,Audífonos estéreo con micrófono y cancelación de ruido - Lote 2725,1261.33,89
SKU-PRD-2726,Smartphone Modelo 2726,Teléfono inteligente con cámara dual y gran batería - Lote 2726,4794.02,180
SKU-PRD-2727,Monitor Modelo 2727,Pantalla LED Full HD con puertos HDMI - Lote 2727,2395.24,175
SKU-PRD-2728,Smartwatch Modelo 2728,Reloj inteligente deportivo con monitor de salud - Lote 2728,1901.77,126
SKU-PRD-2729,Smartphone Modelo 2729,Teléfono inteligente con cámara dual y gran batería - Lote 2729,5848.8,130
SKU-PRD-2730,Regulador Modelo 2730,Protector de voltaje multicontacto para oficina - Lote 2730,802.07,120
SKU-PRD-2731,Cable HDMI Modelo 2731,Cable de alta definición mallado 4K - Lote 2731,86.78,169
SKU-PRD-2732,Memoria USB Modelo 2732,Unidad flash portátil de transferencia rápida - Lote 2732,452.41,57
SKU-PRD-2733,Disco Duro Modelo 2733,Unidad de almacenamiento externo de alta velocidad - Lote 2733,3264.48,39
SKU-PRD-2734,Impresora Modelo 2734,Impresora multifuncional a color con Wi-Fi - Lote 2734,2594.21,142
SKU-PRD-2735,Smartphone Modelo 2735,Teléfono inteligente con cámara dual y gran batería - Lote 2735,6213.91,104
SKU-PRD-2736,Smartphone Modelo 2736,Teléfono inteligente con cámara dual y gran batería - Lote 2736,10488.32,66
SKU-PRD-2737,Memoria USB Modelo 2737,Unidad flash portátil de transferencia rápida - Lote 2737,382.75,147
SKU-PRD-2738,Smartphone Modelo 2738,Teléfono inteligente con cámara dual y gran batería - Lote 2738,6394.15,10
SKU-PRD-2739,Memoria USB Modelo 2739,Unidad flash portátil de transferencia rápida - Lote 2739,579.7,46
SKU-PRD-2740,Memoria USB Modelo 2740,Unidad flash portátil de transferencia rápida - Lote 2740,502.64,115
SKU-PRD-2741,Smartphone Modelo 2741,Teléfono inteligente con cámara dual y gran batería - Lote 2741,11560.23,147
SKU-PRD-2742,Audífonos Modelo 2742,Audífonos estéreo con micrófono y cancelación de ruido - Lote 2742,1535.81,53
SKU-PRD-2743,Monitor Modelo 2743,Pantalla LED Full HD con puertos HDMI - Lote 2743,3989.29,127
SKU-PRD-2744,Tablet Modelo 2744,Dispositivo táctil multimedia para estudio y trabajo - Lote 2744,3883.76,72
SKU-PRD-2745,Smartphone Modelo 2745,Teléfono inteligente con cámara dual y gran batería - Lote 2745,9789.64,170
SKU-PRD-2746,Bocina Bluetooth Modelo 2746,Bocina inalámbrica portátil resistente al agua - Lote 2746,1137.29,167
SKU-PRD-2747,Cable HDMI Modelo 2747,Cable de alta definición mallado 4K - Lote 2747,291.8,183
SKU-PRD-2748,Mouse Modelo 2748,Mouse óptico ergonómico con conexión USB - Lote 2748,647.49,6
SKU-PRD-2749,Bocina Bluetooth Modelo 2749,Bocina inalámbrica portátil resistente al agua - Lote 2749,1535.27,161
SKU-PRD-2750,Impresora Modelo 2750,Impresora multifuncional a color con Wi-Fi - Lote 2750,3001.52,11
SKU-PRD-2751,Smartphone Modelo 2751,Teléfono inteligente con cámara dual y gran batería - Lote 2751,5300.11,82
SKU-PRD-2752,Regulador Modelo 2752,Protector de voltaje multicontacto para oficina - Lote 2752,483.47,70
SKU-PRD-2753,Impresora Modelo 2753,Impresora multifuncional a color con Wi-Fi - Lote 2753,2380.41,58
SKU-PRD-2754,Bocina Bluetooth Modelo 2754,Bocina inalámbrica portátil resistente al agua - Lote 2754,467.19,31
SKU-PRD-2755,Cable HDMI Modelo 2755,Cable de alta definición mallado 4K - Lote 2755,151.51,194
SKU-PRD-2756,Bocina Bluetooth Modelo 2756,Bocina inalámbrica portátil resistente al agua - Lote 2756,749.24,16
SKU-PRD-2757,Monitor Modelo 2757,Pantalla LED Full HD con puertos HDMI - Lote 2757,3771.48,150
SKU-PRD-2758,Mouse Modelo 2758,Mouse óptico ergonómico con conexión USB - Lote 2758,818.31,114
SKU-PRD-2759,Mouse Modelo 2759,Mouse óptico ergonómico con conexión USB - Lote 2759,166.71,15
SKU-PRD-2760,Silla Gamer Modelo 2760,Silla ergonómica ajustable con soporte lumbar - Lote 2760,3130.96,59
SKU-PRD-2761,Memoria USB Modelo 2761,Unidad flash portátil de transferencia rápida - Lote 2761,432.23,137
SKU-PRD-2762,Tablet Modelo 2762,Dispositivo táctil multimedia para estudio y trabajo - Lote 2762,5715.0,129
SKU-PRD-2763,Mouse Modelo 2763,Mouse óptico ergonómico con conexión USB - Lote 2763,838.27,145
SKU-PRD-2764,Disco Duro Modelo 2764,Unidad de almacenamiento externo de alta velocidad - Lote 2764,1694.25,84
SKU-PRD-2765,Mouse Modelo 2765,Mouse óptico ergonómico con conexión USB - Lote 2765,468.72,177
SKU-PRD-2766,Impresora Modelo 2766,Impresora multifuncional a color con Wi-Fi - Lote 2766,4374.24,17
SKU-PRD-2767,Bocina Bluetooth Modelo 2767,Bocina inalámbrica portátil resistente al agua - Lote 2767,1420.76,30
SKU-PRD-2768,Regulador Modelo 2768,Protector de voltaje multicontacto para oficina - Lote 2768,756.85,56
SKU-PRD-2769,Cable HDMI Modelo 2769,Cable de alta definición mallado 4K - Lote 2769,212.68,123
SKU-PRD-2770,Disco Duro Modelo 2770,Unidad de almacenamiento externo de alta velocidad - Lote 2770,3051.53,107
SKU-PRD-2771,Monitor Modelo 2771,Pantalla LED Full HD con puertos HDMI - Lote 2771,3657.54,182
SKU-PRD-2772,Teclado Modelo 2772,Teclado multimedia con iluminación LED - Lote 2772,986.63,138
SKU-PRD-2773,Monitor Modelo 2773,Pantalla LED Full HD con puertos HDMI - Lote 2773,2220.8,188
SKU-PRD-2774,Audífonos Modelo 2774,Audífonos estéreo con micrófono y cancelación de ruido - Lote 2774,584.97,119
SKU-PRD-2775,Smartphone Modelo 2775,Teléfono inteligente con cámara dual y gran batería - Lote 2775,6925.44,69
SKU-PRD-2776,Smartphone Modelo 2776,Teléfono inteligente con cámara dual y gran batería - Lote 2776,4814.52,16
SKU-PRD-2777,Teclado Modelo 2777,Teclado multimedia con iluminación LED - Lote 2777,349.8,147
SKU-PRD-2778,Audífonos Modelo 2778,Audífonos estéreo con micrófono y cancelación de ruido - Lote 2778,1197.04,192
SKU-PRD-2779,Smartphone Modelo 2779,Teléfono inteligente con cámara dual y gran batería - Lote 2779,8552.89,18
SKU-PRD-2780,Laptop Modelo 2780,Ordenador portátil con procesador de alta velocidad y SSD - Lote 2780,10732.69,185
SKU-PRD-2781,Memoria USB Modelo 2781,Unidad flash portátil de transferencia rápida - Lote 2781,366.33,134
SKU-PRD-2782,Impresora Modelo 2782,Impresora multifuncional a color con Wi-Fi - Lote 2782,1828.0,169
SKU-PRD-2783,Impresora Modelo 2783,Impresora multifuncional a color con Wi-Fi - Lote 2783,4266.94,132
SKU-PRD-2784,Smartphone Modelo 2784,Teléfono inteligente con cámara dual y gran batería - Lote 2784,10532.56,137
SKU-PRD-2785,Regulador Modelo 2785,Protector de voltaje multicontacto para oficina - Lote 2785,734.26,8
SKU-PRD-2786,Teclado Modelo 2786,Teclado multimedia con iluminación LED - Lote 2786,491.69,41
SKU-PRD-2787,Smartphone Modelo 2787,Teléfono inteligente con cámara dual y gran batería - Lote 2787,8222.14,102
SKU-PRD-2788,Smartwatch Modelo 2788,Reloj inteligente deportivo con monitor de salud - Lote 2788,720.97,151
SKU-PRD-2789,Cable HDMI Modelo 2789,Cable de alta definición mallado 4K - Lote 2789,140.53,71
SKU-PRD-2790,Cable HDMI Modelo 2790,Cable de alta definición mallado 4K - Lote 2790,155.32,72
SKU-PRD-2791,Mouse Modelo 2791,Mouse óptico ergonómico con conexión USB - Lote 2791,503.05,114
SKU-PRD-2792,Monitor Modelo 2792,Pantalla LED Full HD con puertos HDMI - Lote 2792,5962.45,167
SKU-PRD-2793,Mouse Modelo 2793,Mouse óptico ergonómico con conexión USB - Lote 2793,329.56,173
SKU-PRD-2794,Disco Duro Modelo 2794,Unidad de almacenamiento externo de alta velocidad - Lote 2794,3283.82,147
SKU-PRD-2795,Bocina Bluetooth Modelo 2795,Bocina inalámbrica portátil resistente al agua - Lote 2795,1976.38,76
SKU-PRD-2796,Regulador Modelo 2796,Protector de voltaje multicontacto para oficina - Lote 2796,1003.46,171
SKU-PRD-2797,Bocina Bluetooth Modelo 2797,Bocina inalámbrica portátil resistente al agua - Lote 2797,979.32,171
SKU-PRD-2798,Audífonos Modelo 2798,Audífonos estéreo con micrófono y cancelación de ruido - Lote 2798,439.97,55
SKU-PRD-2799,Audífonos Modelo 2799,Audífonos estéreo con micrófono y cancelación de ruido - Lote 2799,489.09,33
SKU-PRD-2800,Cable HDMI Modelo 2800,Cable de alta definición mallado 4K - Lote 2800,293.73,33
SKU-PRD-2801,Audífonos Modelo 2801,Audífonos estéreo con micrófono y cancelación de ruido - Lote 2801,748.42,159
SKU-PRD-2802,Regulador Modelo 2802,Protector de voltaje multicontacto para oficina - Lote 2802,1123.4,186
SKU-PRD-2803,Smartwatch Modelo 2803,Reloj inteligente deportivo con monitor de salud - Lote 2803,2269.23,73
SKU-PRD-2804,Mouse Modelo 2804,Mouse óptico ergonómico con conexión USB - Lote 2804,591.94,154
SKU-PRD-2805,Mouse Modelo 2805,Mouse óptico ergonómico con conexión USB - Lote 2805,892.82,5
SKU-PRD-2806,Teclado Modelo 2806,Teclado multimedia con iluminación LED - Lote 2806,897.68,35
SKU-PRD-2807,Impresora Modelo 2807,Impresora multifuncional a color con Wi-Fi - Lote 2807,2329.62,170
SKU-PRD-2808,Monitor Modelo 2808,Pantalla LED Full HD con puertos HDMI - Lote 2808,3564.29,56
SKU-PRD-2809,Tablet Modelo 2809,Dispositivo táctil multimedia para estudio y trabajo - Lote 2809,3536.68,73
SKU-PRD-2810,Cable HDMI Modelo 2810,Cable de alta definición mallado 4K - Lote 2810,211.78,16
SKU-PRD-2811,Smartphone Modelo 2811,Teléfono inteligente con cámara dual y gran batería - Lote 2811,11225.66,107
SKU-PRD-2812,Bocina Bluetooth Modelo 2812,Bocina inalámbrica portátil resistente al agua - Lote 2812,466.81,81
SKU-PRD-2813,Smartwatch Modelo 2813,Reloj inteligente deportivo con monitor de salud - Lote 2813,1646.69,141
SKU-PRD-2814,Teclado Modelo 2814,Teclado multimedia con iluminación LED - Lote 2814,852.45,116
SKU-PRD-2815,Smartwatch Modelo 2815,Reloj inteligente deportivo con monitor de salud - Lote 2815,1411.67,169
SKU-PRD-2816,Cable HDMI Modelo 2816,Cable de alta definición mallado 4K - Lote 2816,338.05,116
SKU-PRD-2817,Teclado Modelo 2817,Teclado multimedia con iluminación LED - Lote 2817,1065.67,66
SKU-PRD-2818,Smartphone Modelo 2818,Teléfono inteligente con cámara dual y gran batería - Lote 2818,9856.45,108
SKU-PRD-2819,Mouse Modelo 2819,Mouse óptico ergonómico con conexión USB - Lote 2819,391.55,185
SKU-PRD-2820,Regulador Modelo 2820,Protector de voltaje multicontacto para oficina - Lote 2820,440.41,21
SKU-PRD-2821,Regulador Modelo 2821,Protector de voltaje multicontacto para oficina - Lote 2821,1174.17,132
SKU-PRD-2822,Smartwatch Modelo 2822,Reloj inteligente deportivo con monitor de salud - Lote 2822,2289.4,174
SKU-PRD-2823,Smartwatch Modelo 2823,Reloj inteligente deportivo con monitor de salud - Lote 2823,1214.38,130
SKU-PRD-2824,Teclado Modelo 2824,Teclado multimedia con iluminación LED - Lote 2824,1393.09,96
SKU-PRD-2825,Teclado Modelo 2825,Teclado multimedia con iluminación LED - Lote 2825,262.72,51
SKU-PRD-2826,Regulador Modelo 2826,Protector de voltaje multicontacto para oficina - Lote 2826,1133.67,52
SKU-PRD-2827,Laptop Modelo 2827,Ordenador portátil con procesador de alta velocidad y SSD - Lote 2827,9223.2,200
SKU-PRD-2828,Regulador Modelo 2828,Protector de voltaje multicontacto para oficina - Lote 2828,1130.37,35
SKU-PRD-2829,Smartwatch Modelo 2829,Reloj inteligente deportivo con monitor de salud - Lote 2829,689.33,24
SKU-PRD-2830,Monitor Modelo 2830,Pantalla LED Full HD con puertos HDMI - Lote 2830,4992.09,25
SKU-PRD-2831,Disco Duro Modelo 2831,Unidad de almacenamiento externo de alta velocidad - Lote 2831,1303.4,80
SKU-PRD-2832,Laptop Modelo 2832,Ordenador portátil con procesador de alta velocidad y SSD - Lote 2832,16438.19,141
SKU-PRD-2833,Laptop Modelo 2833,Ordenador portátil con procesador de alta velocidad y SSD - Lote 2833,9937.25,175
SKU-PRD-2834,Disco Duro Modelo 2834,Unidad de almacenamiento externo de alta velocidad - Lote 2834,2782.44,129
SKU-PRD-2835,Teclado Modelo 2835,Teclado multimedia con iluminación LED - Lote 2835,655.71,165
SKU-PRD-2836,Impresora Modelo 2836,Impresora multifuncional a color con Wi-Fi - Lote 2836,2134.98,182
SKU-PRD-2837,Monitor Modelo 2837,Pantalla LED Full HD con puertos HDMI - Lote 2837,4652.58,122
SKU-PRD-2838,Teclado Modelo 2838,Teclado multimedia con iluminación LED - Lote 2838,1091.84,112
SKU-PRD-2839,Tablet Modelo 2839,Dispositivo táctil multimedia para estudio y trabajo - Lote 2839,6801.98,196
SKU-PRD-2840,Audífonos Modelo 2840,Audífonos estéreo con micrófono y cancelación de ruido - Lote 2840,567.86,53
SKU-PRD-2841,Monitor Modelo 2841,Pantalla LED Full HD con puertos HDMI - Lote 2841,3512.51,131
SKU-PRD-2842,Silla Gamer Modelo 2842,Silla ergonómica ajustable con soporte lumbar - Lote 2842,3203.16,118
SKU-PRD-2843,Mouse Modelo 2843,Mouse óptico ergonómico con conexión USB - Lote 2843,556.83,46
SKU-PRD-2844,Bocina Bluetooth Modelo 2844,Bocina inalámbrica portátil resistente al agua - Lote 2844,1492.89,17
SKU-PRD-2845,Disco Duro Modelo 2845,Unidad de almacenamiento externo de alta velocidad - Lote 2845,1121.08,12
SKU-PRD-2846,Bocina Bluetooth Modelo 2846,Bocina inalámbrica portátil resistente al agua - Lote 2846,1838.43,60
SKU-PRD-2847,Tablet Modelo 2847,Dispositivo táctil multimedia para estudio y trabajo - Lote 2847,7044.39,8
SKU-PRD-2848,Bocina Bluetooth Modelo 2848,Bocina inalámbrica portátil resistente al agua - Lote 2848,437.16,194
SKU-PRD-2849,Laptop Modelo 2849,Ordenador portátil con procesador de alta velocidad y SSD - Lote 2849,14767.54,51
SKU-PRD-2850,Impresora Modelo 2850,Impresora multifuncional a color con Wi-Fi - Lote 2850,4475.05,161
SKU-PRD-2851,Memoria USB Modelo 2851,Unidad flash portátil de transferencia rápida - Lote 2851,484.4,61
SKU-PRD-2852,Memoria USB Modelo 2852,Unidad flash portátil de transferencia rápida - Lote 2852,382.17,84
SKU-PRD-2853,Smartphone Modelo 2853,Teléfono inteligente con cámara dual y gran batería - Lote 2853,4002.64,192
SKU-PRD-2854,Silla Gamer Modelo 2854,Silla ergonómica ajustable con soporte lumbar - Lote 2854,4057.84,13
SKU-PRD-2855,Tablet Modelo 2855,Dispositivo táctil multimedia para estudio y trabajo - Lote 2855,3903.08,123
SKU-PRD-2856,Regulador Modelo 2856,Protector de voltaje multicontacto para oficina - Lote 2856,384.1,45
SKU-PRD-2857,Silla Gamer Modelo 2857,Silla ergonómica ajustable con soporte lumbar - Lote 2857,4407.81,140
SKU-PRD-2858,Smartphone Modelo 2858,Teléfono inteligente con cámara dual y gran batería - Lote 2858,4565.96,101
SKU-PRD-2859,Teclado Modelo 2859,Teclado multimedia con iluminación LED - Lote 2859,491.37,177
SKU-PRD-2860,Smartwatch Modelo 2860,Reloj inteligente deportivo con monitor de salud - Lote 2860,2413.42,89
SKU-PRD-2861,Monitor Modelo 2861,Pantalla LED Full HD con puertos HDMI - Lote 2861,4056.48,166
SKU-PRD-2862,Teclado Modelo 2862,Teclado multimedia con iluminación LED - Lote 2862,893.17,9
SKU-PRD-2863,Impresora Modelo 2863,Impresora multifuncional a color con Wi-Fi - Lote 2863,2110.63,33
SKU-PRD-2864,Mouse Modelo 2864,Mouse óptico ergonómico con conexión USB - Lote 2864,417.11,135
SKU-PRD-2865,Smartwatch Modelo 2865,Reloj inteligente deportivo con monitor de salud - Lote 2865,2369.94,37
SKU-PRD-2866,Memoria USB Modelo 2866,Unidad flash portátil de transferencia rápida - Lote 2866,409.24,77
SKU-PRD-2867,Monitor Modelo 2867,Pantalla LED Full HD con puertos HDMI - Lote 2867,3786.9,151
SKU-PRD-2868,Smartphone Modelo 2868,Teléfono inteligente con cámara dual y gran batería - Lote 2868,10104.99,172
SKU-PRD-2869,Monitor Modelo 2869,Pantalla LED Full HD con puertos HDMI - Lote 2869,3528.53,177
SKU-PRD-2870,Disco Duro Modelo 2870,Unidad de almacenamiento externo de alta velocidad - Lote 2870,3247.43,80
SKU-PRD-2871,Silla Gamer Modelo 2871,Silla ergonómica ajustable con soporte lumbar - Lote 2871,5919.36,164
SKU-PRD-2872,Memoria USB Modelo 2872,Unidad flash portátil de transferencia rápida - Lote 2872,396.53,73
SKU-PRD-2873,Tablet Modelo 2873,Dispositivo táctil multimedia para estudio y trabajo - Lote 2873,6473.64,100
SKU-PRD-2874,Disco Duro Modelo 2874,Unidad de almacenamiento externo de alta velocidad - Lote 2874,1800.44,179
SKU-PRD-2875,Smartphone Modelo 2875,Teléfono inteligente con cámara dual y gran batería - Lote 2875,9760.25,34
SKU-PRD-2876,Tablet Modelo 2876,Dispositivo táctil multimedia para estudio y trabajo - Lote 2876,5374.19,64
SKU-PRD-2877,Monitor Modelo 2877,Pantalla LED Full HD con puertos HDMI - Lote 2877,3732.59,79
SKU-PRD-2878,Memoria USB Modelo 2878,Unidad flash portátil de transferencia rápida - Lote 2878,520.9,96
SKU-PRD-2879,Tablet Modelo 2879,Dispositivo táctil multimedia para estudio y trabajo - Lote 2879,4044.9,193
SKU-PRD-2880,Monitor Modelo 2880,Pantalla LED Full HD con puertos HDMI - Lote 2880,3016.6,176
SKU-PRD-2881,Impresora Modelo 2881,Impresora multifuncional a color con Wi-Fi - Lote 2881,3194.22,141
SKU-PRD-2882,Smartwatch Modelo 2882,Reloj inteligente deportivo con monitor de salud - Lote 2882,503.57,186
SKU-PRD-2883,Mouse Modelo 2883,Mouse óptico ergonómico con conexión USB - Lote 2883,462.06,99
SKU-PRD-2884,Audífonos Modelo 2884,Audífonos estéreo con micrófono y cancelación de ruido - Lote 2884,786.14,71
SKU-PRD-2885,Impresora Modelo 2885,Impresora multifuncional a color con Wi-Fi - Lote 2885,3325.98,46
SKU-PRD-2886,Cable HDMI Modelo 2886,Cable de alta definición mallado 4K - Lote 2886,139.1,19
SKU-PRD-2887,Smartwatch Modelo 2887,Reloj inteligente deportivo con monitor de salud - Lote 2887,2263.03,17
SKU-PRD-2888,Monitor Modelo 2888,Pantalla LED Full HD con puertos HDMI - Lote 2888,3576.15,117
SKU-PRD-2889,Audífonos Modelo 2889,Audífonos estéreo con micrófono y cancelación de ruido - Lote 2889,394.8,70
SKU-PRD-2890,Disco Duro Modelo 2890,Unidad de almacenamiento externo de alta velocidad - Lote 2890,1675.0,147
SKU-PRD-2891,Tablet Modelo 2891,Dispositivo táctil multimedia para estudio y trabajo - Lote 2891,4861.12,98
SKU-PRD-2892,Mouse Modelo 2892,Mouse óptico ergonómico con conexión USB - Lote 2892,681.62,136
SKU-PRD-2893,Silla Gamer Modelo 2893,Silla ergonómica ajustable con soporte lumbar - Lote 2893,3488.83,71
SKU-PRD-2894,Mouse Modelo 2894,Mouse óptico ergonómico con conexión USB - Lote 2894,857.48,77
SKU-PRD-2895,Smartwatch Modelo 2895,Reloj inteligente deportivo con monitor de salud - Lote 2895,1231.62,196
SKU-PRD-2896,Regulador Modelo 2896,Protector de voltaje multicontacto para oficina - Lote 2896,583.45,146
SKU-PRD-2897,Disco Duro Modelo 2897,Unidad de almacenamiento externo de alta velocidad - Lote 2897,1573.63,182
SKU-PRD-2898,Tablet Modelo 2898,Dispositivo táctil multimedia para estudio y trabajo - Lote 2898,4421.37,180
SKU-PRD-2899,Laptop Modelo 2899,Ordenador portátil con procesador de alta velocidad y SSD - Lote 2899,19396.59,176
SKU-PRD-2900,Smartphone Modelo 2900,Teléfono inteligente con cámara dual y gran batería - Lote 2900,9018.4,95
SKU-PRD-2901,Cable HDMI Modelo 2901,Cable de alta definición mallado 4K - Lote 2901,312.81,92
SKU-PRD-2902,Audífonos Modelo 2902,Audífonos estéreo con micrófono y cancelación de ruido - Lote 2902,1380.35,154
SKU-PRD-2903,Impresora Modelo 2903,Impresora multifuncional a color con Wi-Fi - Lote 2903,2651.97,196
SKU-PRD-2904,Tablet Modelo 2904,Dispositivo táctil multimedia para estudio y trabajo - Lote 2904,4419.01,29
SKU-PRD-2905,Monitor Modelo 2905,Pantalla LED Full HD con puertos HDMI - Lote 2905,5304.36,168
SKU-PRD-2906,Mouse Modelo 2906,Mouse óptico ergonómico con conexión USB - Lote 2906,509.99,113
SKU-PRD-2907,Teclado Modelo 2907,Teclado multimedia con iluminación LED - Lote 2907,1005.63,28
SKU-PRD-2908,Tablet Modelo 2908,Dispositivo táctil multimedia para estudio y trabajo - Lote 2908,7003.53,195
SKU-PRD-2909,Disco Duro Modelo 2909,Unidad de almacenamiento externo de alta velocidad - Lote 2909,1702.05,187
SKU-PRD-2910,Audífonos Modelo 2910,Audífonos estéreo con micrófono y cancelación de ruido - Lote 2910,1637.02,31
SKU-PRD-2911,Monitor Modelo 2911,Pantalla LED Full HD con puertos HDMI - Lote 2911,4750.43,69
SKU-PRD-2912,Impresora Modelo 2912,Impresora multifuncional a color con Wi-Fi - Lote 2912,3709.47,153
SKU-PRD-2913,Impresora Modelo 2913,Impresora multifuncional a color con Wi-Fi - Lote 2913,1916.23,121
SKU-PRD-2914,Bocina Bluetooth Modelo 2914,Bocina inalámbrica portátil resistente al agua - Lote 2914,1161.54,25
SKU-PRD-2915,Disco Duro Modelo 2915,Unidad de almacenamiento externo de alta velocidad - Lote 2915,2943.31,113
SKU-PRD-2916,Smartwatch Modelo 2916,Reloj inteligente deportivo con monitor de salud - Lote 2916,1277.83,167
SKU-PRD-2917,Memoria USB Modelo 2917,Unidad flash portátil de transferencia rápida - Lote 2917,576.08,133
SKU-PRD-2918,Silla Gamer Modelo 2918,Silla ergonómica ajustable con soporte lumbar - Lote 2918,2954.63,43
SKU-PRD-2919,Cable HDMI Modelo 2919,Cable de alta definición mallado 4K - Lote 2919,256.59,126
SKU-PRD-2920,Bocina Bluetooth Modelo 2920,Bocina inalámbrica portátil resistente al agua - Lote 2920,493.36,18
SKU-PRD-2921,Cable HDMI Modelo 2921,Cable de alta definición mallado 4K - Lote 2921,88.67,184
SKU-PRD-2922,Mouse Modelo 2922,Mouse óptico ergonómico con conexión USB - Lote 2922,665.5,109
SKU-PRD-2923,Disco Duro Modelo 2923,Unidad de almacenamiento externo de alta velocidad - Lote 2923,2934.24,179
SKU-PRD-2924,Silla Gamer Modelo 2924,Silla ergonómica ajustable con soporte lumbar - Lote 2924,4539.5,125
SKU-PRD-2925,Cable HDMI Modelo 2925,Cable de alta definición mallado 4K - Lote 2925,249.16,80
SKU-PRD-2926,Cable HDMI Modelo 2926,Cable de alta definición mallado 4K - Lote 2926,217.64,70
SKU-PRD-2927,Disco Duro Modelo 2927,Unidad de almacenamiento externo de alta velocidad - Lote 2927,2986.38,82
SKU-PRD-2928,Impresora Modelo 2928,Impresora multifuncional a color con Wi-Fi - Lote 2928,2082.73,110
SKU-PRD-2929,Silla Gamer Modelo 2929,Silla ergonómica ajustable con soporte lumbar - Lote 2929,5940.94,83
SKU-PRD-2930,Laptop Modelo 2930,Ordenador portátil con procesador de alta velocidad y SSD - Lote 2930,13942.76,146
SKU-PRD-2931,Teclado Modelo 2931,Teclado multimedia con iluminación LED - Lote 2931,1125.06,111
SKU-PRD-2932,Silla Gamer Modelo 2932,Silla ergonómica ajustable con soporte lumbar - Lote 2932,3593.09,21
SKU-PRD-2933,Impresora Modelo 2933,Impresora multifuncional a color con Wi-Fi - Lote 2933,3903.98,128
SKU-PRD-2934,Audífonos Modelo 2934,Audífonos estéreo con micrófono y cancelación de ruido - Lote 2934,1384.4,151
SKU-PRD-2935,Tablet Modelo 2935,Dispositivo táctil multimedia para estudio y trabajo - Lote 2935,5575.7,73
SKU-PRD-2936,Impresora Modelo 2936,Impresora multifuncional a color con Wi-Fi - Lote 2936,4456.53,181
SKU-PRD-2937,Audífonos Modelo 2937,Audífonos estéreo con micrófono y cancelación de ruido - Lote 2937,485.57,117
SKU-PRD-2938,Tablet Modelo 2938,Dispositivo táctil multimedia para estudio y trabajo - Lote 2938,3952.66,147
SKU-PRD-2939,Monitor Modelo 2939,Pantalla LED Full HD con puertos HDMI - Lote 2939,3068.62,152
SKU-PRD-2940,Disco Duro Modelo 2940,Unidad de almacenamiento externo de alta velocidad - Lote 2940,2549.91,83
SKU-PRD-2941,Impresora Modelo 2941,Impresora multifuncional a color con Wi-Fi - Lote 2941,1860.09,118
SKU-PRD-2942,Impresora Modelo 2942,Impresora multifuncional a color con Wi-Fi - Lote 2942,3503.17,89
SKU-PRD-2943,Bocina Bluetooth Modelo 2943,Bocina inalámbrica portátil resistente al agua - Lote 2943,1521.88,84
SKU-PRD-2944,Impresora Modelo 2944,Impresora multifuncional a color con Wi-Fi - Lote 2944,2080.46,15
SKU-PRD-2945,Smartwatch Modelo 2945,Reloj inteligente deportivo con monitor de salud - Lote 2945,1916.9,124
SKU-PRD-2946,Memoria USB Modelo 2946,Unidad flash portátil de transferencia rápida - Lote 2946,129.96,192
SKU-PRD-2947,Bocina Bluetooth Modelo 2947,Bocina inalámbrica portátil resistente al agua - Lote 2947,1782.24,64
SKU-PRD-2948,Memoria USB Modelo 2948,Unidad flash portátil de transferencia rápida - Lote 2948,205.42,36
SKU-PRD-2949,Regulador Modelo 2949,Protector de voltaje multicontacto para oficina - Lote 2949,981.31,198
SKU-PRD-2950,Tablet Modelo 2950,Dispositivo táctil multimedia para estudio y trabajo - Lote 2950,4054.49,52
SKU-PRD-2951,Cable HDMI Modelo 2951,Cable de alta definición mallado 4K - Lote 2951,283.62,128
SKU-PRD-2952,Cable HDMI Modelo 2952,Cable de alta definición mallado 4K - Lote 2952,303.81,196
SKU-PRD-2953,Memoria USB Modelo 2953,Unidad flash portátil de transferencia rápida - Lote 2953,155.88,46
SKU-PRD-2954,Memoria USB Modelo 2954,Unidad flash portátil de transferencia rápida - Lote 2954,341.62,26
SKU-PRD-2955,Memoria USB Modelo 2955,Unidad flash portátil de transferencia rápida - Lote 2955,480.98,76
SKU-PRD-2956,Disco Duro Modelo 2956,Unidad de almacenamiento externo de alta velocidad - Lote 2956,1145.7,31
SKU-PRD-2957,Impresora Modelo 2957,Impresora multifuncional a color con Wi-Fi - Lote 2957,2200.75,132
SKU-PRD-2958,Bocina Bluetooth Modelo 2958,Bocina inalámbrica portátil resistente al agua - Lote 2958,1079.2,57
SKU-PRD-2959,Cable HDMI Modelo 2959,Cable de alta definición mallado 4K - Lote 2959,87.69,75
SKU-PRD-2960,Smartwatch Modelo 2960,Reloj inteligente deportivo con monitor de salud - Lote 2960,551.99,119
SKU-PRD-2961,Audífonos Modelo 2961,Audífonos estéreo con micrófono y cancelación de ruido - Lote 2961,754.71,113
SKU-PRD-2962,Smartphone Modelo 2962,Teléfono inteligente con cámara dual y gran batería - Lote 2962,5307.12,116
SKU-PRD-2963,Monitor Modelo 2963,Pantalla LED Full HD con puertos HDMI - Lote 2963,4384.7,195
SKU-PRD-2964,Audífonos Modelo 2964,Audífonos estéreo con micrófono y cancelación de ruido - Lote 2964,1394.88,188
SKU-PRD-2965,Regulador Modelo 2965,Protector de voltaje multicontacto para oficina - Lote 2965,985.28,26
SKU-PRD-2966,Smartphone Modelo 2966,Teléfono inteligente con cámara dual y gran batería - Lote 2966,11352.11,159
SKU-PRD-2967,Bocina Bluetooth Modelo 2967,Bocina inalámbrica portátil resistente al agua - Lote 2967,1976.03,138
SKU-PRD-2968,Smartphone Modelo 2968,Teléfono inteligente con cámara dual y gran batería - Lote 2968,9251.05,117
SKU-PRD-2969,Smartphone Modelo 2969,Teléfono inteligente con cámara dual y gran batería - Lote 2969,10628.45,171
SKU-PRD-2970,Audífonos Modelo 2970,Audífonos estéreo con micrófono y cancelación de ruido - Lote 2970,537.6,115
SKU-PRD-2971,Smartwatch Modelo 2971,Reloj inteligente deportivo con monitor de salud - Lote 2971,1279.94,100
SKU-PRD-2972,Audífonos Modelo 2972,Audífonos estéreo con micrófono y cancelación de ruido - Lote 2972,1380.3,80
SKU-PRD-2973,Impresora Modelo 2973,Impresora multifuncional a color con Wi-Fi - Lote 2973,4359.95,14
SKU-PRD-2974,Monitor Modelo 2974,Pantalla LED Full HD con puertos HDMI - Lote 2974,3167.1,131
SKU-PRD-2975,Laptop Modelo 2975,Ordenador portátil con procesador de alta velocidad y SSD - Lote 2975,10400.79,71
SKU-PRD-2976,Smartwatch Modelo 2976,Reloj inteligente deportivo con monitor de salud - Lote 2976,1628.47,156
SKU-PRD-2977,Teclado Modelo 2977,Teclado multimedia con iluminación LED - Lote 2977,1062.58,192
SKU-PRD-2978,Smartphone Modelo 2978,Teléfono inteligente con cámara dual y gran batería - Lote 2978,3744.75,170
SKU-PRD-2979,Regulador Modelo 2979,Protector de voltaje multicontacto para oficina - Lote 2979,1124.67,9
SKU-PRD-2980,Memoria USB Modelo 2980,Unidad flash portátil de transferencia rápida - Lote 2980,529.31,140
SKU-PRD-2981,Teclado Modelo 2981,Teclado multimedia con iluminación LED - Lote 2981,392.81,69
SKU-PRD-2982,Laptop Modelo 2982,Ordenador portátil con procesador de alta velocidad y SSD - Lote 2982,10925.53,46
SKU-PRD-2983,Silla Gamer Modelo 2983,Silla ergonómica ajustable con soporte lumbar - Lote 2983,3561.57,171
SKU-PRD-2984,Cable HDMI Modelo 2984,Cable de alta definición mallado 4K - Lote 2984,91.16,166
SKU-PRD-2985,Disco Duro Modelo 2985,Unidad de almacenamiento externo de alta velocidad - Lote 2985,1523.78,174
SKU-PRD-2986,Tablet Modelo 2986,Dispositivo táctil multimedia para estudio y trabajo - Lote 2986,6032.1,59
SKU-PRD-2987,Regulador Modelo 2987,Protector de voltaje multicontacto para oficina - Lote 2987,984.98,192
SKU-PRD-2988,Audífonos Modelo 2988,Audífonos estéreo con micrófono y cancelación de ruido - Lote 2988,1545.99,130
SKU-PRD-2989,Teclado Modelo 2989,Teclado multimedia con iluminación LED - Lote 2989,1088.27,181
SKU-PRD-2990,Silla Gamer Modelo 2990,Silla ergonómica ajustable con soporte lumbar - Lote 2990,4569.92,38
SKU-PRD-2991,Tablet Modelo 2991,Dispositivo táctil multimedia para estudio y trabajo - Lote 2991,6453.67,132
SKU-PRD-2992,Monitor Modelo 2992,Pantalla LED Full HD con puertos HDMI - Lote 2992,2369.33,197
SKU-PRD-2993,Smartwatch Modelo 2993,Reloj inteligente deportivo con monitor de salud - Lote 2993,1937.81,122
SKU-PRD-2994,Audífonos Modelo 2994,Audífonos estéreo con micrófono y cancelación de ruido - Lote 2994,1703.68,64
SKU-PRD-2995,Silla Gamer Modelo 2995,Silla ergonómica ajustable con soporte lumbar - Lote 2995,2775.74,12
SKU-PRD-2996,Monitor Modelo 2996,Pantalla LED Full HD con puertos HDMI - Lote 2996,5539.89,193
SKU-PRD-2997,Tablet Modelo 2997,Dispositivo táctil multimedia para estudio y trabajo - Lote 2997,4453.93,193
SKU-PRD-2998,Laptop Modelo 2998,Ordenador portátil con procesador de alta velocidad y SSD - Lote 2998,11617.77,21
SKU-PRD-2999,Tablet Modelo 2999,Dispositivo táctil multimedia para estudio y trabajo - Lote 2999,3334.17,41
SKU-PRD-3000,Laptop Modelo 3000,Ordenador portátil con procesador de alta velocidad y SSD - Lote 3000,15296.1,171
SKU-PRD-3001,Smartwatch Modelo 3001,Reloj inteligente deportivo con monitor de salud - Lote 3001,1289.95,71
SKU-PRD-3002,Disco Duro Modelo 3002,Unidad de almacenamiento externo de alta velocidad - Lote 3002,2698.81,158
SKU-PRD-3003,Regulador Modelo 3003,Protector de voltaje multicontacto para oficina - Lote 3003,861.73,191
SKU-PRD-3004,Teclado Modelo 3004,Teclado multimedia con iluminación LED - Lote 3004,991.37,100
SKU-PRD-3005,Disco Duro Modelo 3005,Unidad de almacenamiento externo de alta velocidad - Lote 3005,1167.28,46
SKU-PRD-3006,Teclado Modelo 3006,Teclado multimedia con iluminación LED - Lote 3006,395.46,183
SKU-PRD-3007,Audífonos Modelo 3007,Audífonos estéreo con micrófono y cancelación de ruido - Lote 3007,871.01,148
SKU-PRD-3008,Silla Gamer Modelo 3008,Silla ergonómica ajustable con soporte lumbar - Lote 3008,5520.7,159
SKU-PRD-3009,Cable HDMI Modelo 3009,Cable de alta definición mallado 4K - Lote 3009,123.91,9
SKU-PRD-3010,Monitor Modelo 3010,Pantalla LED Full HD con puertos HDMI - Lote 3010,6493.05,126
SKU-PRD-3011,Audífonos Modelo 3011,Audífonos estéreo con micrófono y cancelación de ruido - Lote 3011,1729.65,33
SKU-PRD-3012,Cable HDMI Modelo 3012,Cable de alta definición mallado 4K - Lote 3012,347.54,153
SKU-PRD-3013,Tablet Modelo 3013,Dispositivo táctil multimedia para estudio y trabajo - Lote 3013,4298.49,116
SKU-PRD-3014,Silla Gamer Modelo 3014,Silla ergonómica ajustable con soporte lumbar - Lote 3014,3864.61,121
SKU-PRD-3015,Mouse Modelo 3015,Mouse óptico ergonómico con conexión USB - Lote 3015,599.5,118
SKU-PRD-3016,Silla Gamer Modelo 3016,Silla ergonómica ajustable con soporte lumbar - Lote 3016,3380.47,111
SKU-PRD-3017,Regulador Modelo 3017,Protector de voltaje multicontacto para oficina - Lote 3017,703.73,94
SKU-PRD-3018,Smartphone Modelo 3018,Teléfono inteligente con cámara dual y gran batería - Lote 3018,11465.15,178
SKU-PRD-3019,Laptop Modelo 3019,Ordenador portátil con procesador de alta velocidad y SSD - Lote 3019,9557.5,181
SKU-PRD-3020,Impresora Modelo 3020,Impresora multifuncional a color con Wi-Fi - Lote 3020,2125.66,12
SKU-PRD-3021,Cable HDMI Modelo 3021,Cable de alta definición mallado 4K - Lote 3021,234.14,131
SKU-PRD-3022,Teclado Modelo 3022,Teclado multimedia con iluminación LED - Lote 3022,389.03,155
SKU-PRD-3023,Bocina Bluetooth Modelo 3023,Bocina inalámbrica portátil resistente al agua - Lote 3023,1696.99,19
SKU-PRD-3024,Impresora Modelo 3024,Impresora multifuncional a color con Wi-Fi - Lote 3024,2096.23,48
SKU-PRD-3025,Cable HDMI Modelo 3025,Cable de alta definición mallado 4K - Lote 3025,258.01,136
SKU-PRD-3026,Bocina Bluetooth Modelo 3026,Bocina inalámbrica portátil resistente al agua - Lote 3026,1333.95,174
SKU-PRD-3027,Cable HDMI Modelo 3027,Cable de alta definición mallado 4K - Lote 3027,285.26,33
SKU-PRD-3028,Laptop Modelo 3028,Ordenador portátil con procesador de alta velocidad y SSD - Lote 3028,10199.37,127
SKU-PRD-3029,Smartphone Modelo 3029,Teléfono inteligente con cámara dual y gran batería - Lote 3029,8309.62,78
SKU-PRD-3030,Regulador Modelo 3030,Protector de voltaje multicontacto para oficina - Lote 3030,1112.35,14
SKU-PRD-3031,Silla Gamer Modelo 3031,Silla ergonómica ajustable con soporte lumbar - Lote 3031,5610.05,146
SKU-PRD-3032,Bocina Bluetooth Modelo 3032,Bocina inalámbrica portátil resistente al agua - Lote 3032,1222.14,164
SKU-PRD-3033,Impresora Modelo 3033,Impresora multifuncional a color con Wi-Fi - Lote 3033,2371.46,115
SKU-PRD-3034,Disco Duro Modelo 3034,Unidad de almacenamiento externo de alta velocidad - Lote 3034,2605.3,94
SKU-PRD-3035,Monitor Modelo 3035,Pantalla LED Full HD con puertos HDMI - Lote 3035,3434.12,102
SKU-PRD-3036,Disco Duro Modelo 3036,Unidad de almacenamiento externo de alta velocidad - Lote 3036,2394.26,139
SKU-PRD-3037,Smartwatch Modelo 3037,Reloj inteligente deportivo con monitor de salud - Lote 3037,2252.45,59
SKU-PRD-3038,Smartwatch Modelo 3038,Reloj inteligente deportivo con monitor de salud - Lote 3038,1558.72,88
SKU-PRD-3039,Mouse Modelo 3039,Mouse óptico ergonómico con conexión USB - Lote 3039,646.35,181
SKU-PRD-3040,Bocina Bluetooth Modelo 3040,Bocina inalámbrica portátil resistente al agua - Lote 3040,793.34,43
SKU-PRD-3041,Disco Duro Modelo 3041,Unidad de almacenamiento externo de alta velocidad - Lote 3041,1751.66,200
SKU-PRD-3042,Smartphone Modelo 3042,Teléfono inteligente con cámara dual y gran batería - Lote 3042,8627.38,198
SKU-PRD-3043,Laptop Modelo 3043,Ordenador portátil con procesador de alta velocidad y SSD - Lote 3043,19790.45,80
SKU-PRD-3044,Laptop Modelo 3044,Ordenador portátil con procesador de alta velocidad y SSD - Lote 3044,23880.89,199
SKU-PRD-3045,Monitor Modelo 3045,Pantalla LED Full HD con puertos HDMI - Lote 3045,2778.11,85
SKU-PRD-3046,Memoria USB Modelo 3046,Unidad flash portátil de transferencia rápida - Lote 3046,210.87,139
SKU-PRD-3047,Smartphone Modelo 3047,Teléfono inteligente con cámara dual y gran batería - Lote 3047,9713.39,119
SKU-PRD-3048,Silla Gamer Modelo 3048,Silla ergonómica ajustable con soporte lumbar - Lote 3048,5015.22,67
SKU-PRD-3049,Audífonos Modelo 3049,Audífonos estéreo con micrófono y cancelación de ruido - Lote 3049,1510.46,75
SKU-PRD-3050,Teclado Modelo 3050,Teclado multimedia con iluminación LED - Lote 3050,1303.0,120
SKU-PRD-3051,Laptop Modelo 3051,Ordenador portátil con procesador de alta velocidad y SSD - Lote 3051,16862.1,101
SKU-PRD-3052,Audífonos Modelo 3052,Audífonos estéreo con micrófono y cancelación de ruido - Lote 3052,1128.97,159
SKU-PRD-3053,Bocina Bluetooth Modelo 3053,Bocina inalámbrica portátil resistente al agua - Lote 3053,1754.4,91
SKU-PRD-3054,Memoria USB Modelo 3054,Unidad flash portátil de transferencia rápida - Lote 3054,265.57,110
SKU-PRD-3055,Tablet Modelo 3055,Dispositivo táctil multimedia para estudio y trabajo - Lote 3055,4756.22,21
SKU-PRD-3056,Impresora Modelo 3056,Impresora multifuncional a color con Wi-Fi - Lote 3056,2193.42,7
SKU-PRD-3057,Audífonos Modelo 3057,Audífonos estéreo con micrófono y cancelación de ruido - Lote 3057,1015.14,18
SKU-PRD-3058,Cable HDMI Modelo 3058,Cable de alta definición mallado 4K - Lote 3058,82.71,46
SKU-PRD-3059,Disco Duro Modelo 3059,Unidad de almacenamiento externo de alta velocidad - Lote 3059,1885.43,51
SKU-PRD-3060,Smartphone Modelo 3060,Teléfono inteligente con cámara dual y gran batería - Lote 3060,5522.55,96
SKU-PRD-3061,Audífonos Modelo 3061,Audífonos estéreo con micrófono y cancelación de ruido - Lote 3061,1517.75,66
SKU-PRD-3062,Memoria USB Modelo 3062,Unidad flash portátil de transferencia rápida - Lote 3062,567.22,175
SKU-PRD-3063,Regulador Modelo 3063,Protector de voltaje multicontacto para oficina - Lote 3063,1083.17,151
SKU-PRD-3064,Cable HDMI Modelo 3064,Cable de alta definición mallado 4K - Lote 3064,291.08,189
SKU-PRD-3065,Smartwatch Modelo 3065,Reloj inteligente deportivo con monitor de salud - Lote 3065,2325.72,40
SKU-PRD-3066,Regulador Modelo 3066,Protector de voltaje multicontacto para oficina - Lote 3066,406.08,130
SKU-PRD-3067,Teclado Modelo 3067,Teclado multimedia con iluminación LED - Lote 3067,374.55,79
SKU-PRD-3068,Audífonos Modelo 3068,Audífonos estéreo con micrófono y cancelación de ruido - Lote 3068,1389.34,28
SKU-PRD-3069,Impresora Modelo 3069,Impresora multifuncional a color con Wi-Fi - Lote 3069,2816.72,98
SKU-PRD-3070,Bocina Bluetooth Modelo 3070,Bocina inalámbrica portátil resistente al agua - Lote 3070,1082.03,167
SKU-PRD-3071,Teclado Modelo 3071,Teclado multimedia con iluminación LED - Lote 3071,789.37,84
SKU-PRD-3072,Impresora Modelo 3072,Impresora multifuncional a color con Wi-Fi - Lote 3072,3198.88,112
SKU-PRD-3073,Smartphone Modelo 3073,Teléfono inteligente con cámara dual y gran batería - Lote 3073,4722.4,146
SKU-PRD-3074,Mouse Modelo 3074,Mouse óptico ergonómico con conexión USB - Lote 3074,179.15,52
SKU-PRD-3075,Tablet Modelo 3075,Dispositivo táctil multimedia para estudio y trabajo - Lote 3075,2760.36,145
SKU-PRD-3076,Silla Gamer Modelo 3076,Silla ergonómica ajustable con soporte lumbar - Lote 3076,4428.87,38
SKU-PRD-3077,Smartwatch Modelo 3077,Reloj inteligente deportivo con monitor de salud - Lote 3077,1527.21,172
SKU-PRD-3078,Teclado Modelo 3078,Teclado multimedia con iluminación LED - Lote 3078,1058.26,191
SKU-PRD-3079,Tablet Modelo 3079,Dispositivo táctil multimedia para estudio y trabajo - Lote 3079,6599.78,68
SKU-PRD-3080,Silla Gamer Modelo 3080,Silla ergonómica ajustable con soporte lumbar - Lote 3080,5784.89,8
SKU-PRD-3081,Impresora Modelo 3081,Impresora multifuncional a color con Wi-Fi - Lote 3081,2284.43,189
SKU-PRD-3082,Smartphone Modelo 3082,Teléfono inteligente con cámara dual y gran batería - Lote 3082,10227.77,34
SKU-PRD-3083,Smartphone Modelo 3083,Teléfono inteligente con cámara dual y gran batería - Lote 3083,11634.92,187
SKU-PRD-3084,Regulador Modelo 3084,Protector de voltaje multicontacto para oficina - Lote 3084,472.52,65
SKU-PRD-3085,Laptop Modelo 3085,Ordenador portátil con procesador de alta velocidad y SSD - Lote 3085,14640.23,39
SKU-PRD-3086,Disco Duro Modelo 3086,Unidad de almacenamiento externo de alta velocidad - Lote 3086,2005.39,160
SKU-PRD-3087,Teclado Modelo 3087,Teclado multimedia con iluminación LED - Lote 3087,669.99,190
SKU-PRD-3088,Impresora Modelo 3088,Impresora multifuncional a color con Wi-Fi - Lote 3088,2966.07,167
SKU-PRD-3089,Smartwatch Modelo 3089,Reloj inteligente deportivo con monitor de salud - Lote 3089,1074.68,77
SKU-PRD-3090,Laptop Modelo 3090,Ordenador portátil con procesador de alta velocidad y SSD - Lote 3090,15578.71,66
SKU-PRD-3091,Bocina Bluetooth Modelo 3091,Bocina inalámbrica portátil resistente al agua - Lote 3091,797.94,41
SKU-PRD-3092,Laptop Modelo 3092,Ordenador portátil con procesador de alta velocidad y SSD - Lote 3092,15979.44,11
SKU-PRD-3093,Regulador Modelo 3093,Protector de voltaje multicontacto para oficina - Lote 3093,565.35,195
SKU-PRD-3094,Bocina Bluetooth Modelo 3094,Bocina inalámbrica portátil resistente al agua - Lote 3094,1395.24,31
SKU-PRD-3095,Smartphone Modelo 3095,Teléfono inteligente con cámara dual y gran batería - Lote 3095,6966.75,28
SKU-PRD-3096,Silla Gamer Modelo 3096,Silla ergonómica ajustable con soporte lumbar - Lote 3096,5475.77,165
SKU-PRD-3097,Audífonos Modelo 3097,Audífonos estéreo con micrófono y cancelación de ruido - Lote 3097,1510.49,166
SKU-PRD-3098,Mouse Modelo 3098,Mouse óptico ergonómico con conexión USB - Lote 3098,671.56,118
SKU-PRD-3099,Regulador Modelo 3099,Protector de voltaje multicontacto para oficina - Lote 3099,1040.24,192
SKU-PRD-3100,Monitor Modelo 3100,Pantalla LED Full HD con puertos HDMI - Lote 3100,5622.48,106
SKU-PRD-3101,Smartphone Modelo 3101,Teléfono inteligente con cámara dual y gran batería - Lote 3101,6801.4,157
SKU-PRD-3102,Audífonos Modelo 3102,Audífonos estéreo con micrófono y cancelación de ruido - Lote 3102,1672.51,16
SKU-PRD-3103,Smartwatch Modelo 3103,Reloj inteligente deportivo con monitor de salud - Lote 3103,2080.33,184
SKU-PRD-3104,Cable HDMI Modelo 3104,Cable de alta definición mallado 4K - Lote 3104,190.33,50
SKU-PRD-3105,Disco Duro Modelo 3105,Unidad de almacenamiento externo de alta velocidad - Lote 3105,3203.35,87
SKU-PRD-3106,Smartphone Modelo 3106,Teléfono inteligente con cámara dual y gran batería - Lote 3106,8852.8,52
SKU-PRD-3107,Regulador Modelo 3107,Protector de voltaje multicontacto para oficina - Lote 3107,531.24,18
SKU-PRD-3108,Bocina Bluetooth Modelo 3108,Bocina inalámbrica portátil resistente al agua - Lote 3108,546.71,133
SKU-PRD-3109,Smartwatch Modelo 3109,Reloj inteligente deportivo con monitor de salud - Lote 3109,1646.74,183
SKU-PRD-3110,Regulador Modelo 3110,Protector de voltaje multicontacto para oficina - Lote 3110,968.61,123
SKU-PRD-3111,Teclado Modelo 3111,Teclado multimedia con iluminación LED - Lote 3111,537.14,33
SKU-PRD-3112,Audífonos Modelo 3112,Audífonos estéreo con micrófono y cancelación de ruido - Lote 3112,552.68,95
SKU-PRD-3113,Teclado Modelo 3113,Teclado multimedia con iluminación LED - Lote 3113,1009.19,88
SKU-PRD-3114,Audífonos Modelo 3114,Audífonos estéreo con micrófono y cancelación de ruido - Lote 3114,1385.53,113
SKU-PRD-3115,Mouse Modelo 3115,Mouse óptico ergonómico con conexión USB - Lote 3115,857.35,113
SKU-PRD-3116,Audífonos Modelo 3116,Audífonos estéreo con micrófono y cancelación de ruido - Lote 3116,625.29,47
SKU-PRD-3117,Bocina Bluetooth Modelo 3117,Bocina inalámbrica portátil resistente al agua - Lote 3117,1562.78,10
SKU-PRD-3118,Monitor Modelo 3118,Pantalla LED Full HD con puertos HDMI - Lote 3118,2561.93,177
SKU-PRD-3119,Memoria USB Modelo 3119,Unidad flash portátil de transferencia rápida - Lote 3119,311.51,64
SKU-PRD-3120,Bocina Bluetooth Modelo 3120,Bocina inalámbrica portátil resistente al agua - Lote 3120,625.69,15
SKU-PRD-3121,Regulador Modelo 3121,Protector de voltaje multicontacto para oficina - Lote 3121,679.89,151
SKU-PRD-3122,Regulador Modelo 3122,Protector de voltaje multicontacto para oficina - Lote 3122,453.63,45
SKU-PRD-3123,Impresora Modelo 3123,Impresora multifuncional a color con Wi-Fi - Lote 3123,2309.33,122
SKU-PRD-3124,Memoria USB Modelo 3124,Unidad flash portátil de transferencia rápida - Lote 3124,146.53,55
SKU-PRD-3125,Teclado Modelo 3125,Teclado multimedia con iluminación LED - Lote 3125,452.36,191
SKU-PRD-3126,Bocina Bluetooth Modelo 3126,Bocina inalámbrica portátil resistente al agua - Lote 3126,1620.8,45
SKU-PRD-3127,Audífonos Modelo 3127,Audífonos estéreo con micrófono y cancelación de ruido - Lote 3127,721.02,170
SKU-PRD-3128,Impresora Modelo 3128,Impresora multifuncional a color con Wi-Fi - Lote 3128,3027.7,135
SKU-PRD-3129,Cable HDMI Modelo 3129,Cable de alta definición mallado 4K - Lote 3129,258.05,84
SKU-PRD-3130,Tablet Modelo 3130,Dispositivo táctil multimedia para estudio y trabajo - Lote 3130,4157.86,52
SKU-PRD-3131,Regulador Modelo 3131,Protector de voltaje multicontacto para oficina - Lote 3131,769.97,57
SKU-PRD-3132,Bocina Bluetooth Modelo 3132,Bocina inalámbrica portátil resistente al agua - Lote 3132,1713.97,73
SKU-PRD-3133,Bocina Bluetooth Modelo 3133,Bocina inalámbrica portátil resistente al agua - Lote 3133,879.99,75
SKU-PRD-3134,Teclado Modelo 3134,Teclado multimedia con iluminación LED - Lote 3134,867.3,164
SKU-PRD-3135,Bocina Bluetooth Modelo 3135,Bocina inalámbrica portátil resistente al agua - Lote 3135,1716.86,188
SKU-PRD-3136,Smartphone Modelo 3136,Teléfono inteligente con cámara dual y gran batería - Lote 3136,5646.95,117
SKU-PRD-3137,Disco Duro Modelo 3137,Unidad de almacenamiento externo de alta velocidad - Lote 3137,3469.02,47
SKU-PRD-3138,Disco Duro Modelo 3138,Unidad de almacenamiento externo de alta velocidad - Lote 3138,1630.76,127
SKU-PRD-3139,Disco Duro Modelo 3139,Unidad de almacenamiento externo de alta velocidad - Lote 3139,2765.14,94
SKU-PRD-3140,Disco Duro Modelo 3140,Unidad de almacenamiento externo de alta velocidad - Lote 3140,2777.67,139
SKU-PRD-3141,Smartphone Modelo 3141,Teléfono inteligente con cámara dual y gran batería - Lote 3141,7036.14,38
SKU-PRD-3142,Cable HDMI Modelo 3142,Cable de alta definición mallado 4K - Lote 3142,270.98,163
SKU-PRD-3143,Disco Duro Modelo 3143,Unidad de almacenamiento externo de alta velocidad - Lote 3143,2939.22,194
SKU-PRD-3144,Smartwatch Modelo 3144,Reloj inteligente deportivo con monitor de salud - Lote 3144,1784.65,81
SKU-PRD-3145,Regulador Modelo 3145,Protector de voltaje multicontacto para oficina - Lote 3145,785.33,189
SKU-PRD-3146,Tablet Modelo 3146,Dispositivo táctil multimedia para estudio y trabajo - Lote 3146,5635.51,198
SKU-PRD-3147,Smartphone Modelo 3147,Teléfono inteligente con cámara dual y gran batería - Lote 3147,3604.49,197
SKU-PRD-3148,Memoria USB Modelo 3148,Unidad flash portátil de transferencia rápida - Lote 3148,400.5,58
SKU-PRD-3149,Silla Gamer Modelo 3149,Silla ergonómica ajustable con soporte lumbar - Lote 3149,4889.22,181
SKU-PRD-3150,Teclado Modelo 3150,Teclado multimedia con iluminación LED - Lote 3150,260.59,112
SKU-PRD-3151,Cable HDMI Modelo 3151,Cable de alta definición mallado 4K - Lote 3151,96.89,170
SKU-PRD-3152,Mouse Modelo 3152,Mouse óptico ergonómico con conexión USB - Lote 3152,542.33,74
SKU-PRD-3153,Silla Gamer Modelo 3153,Silla ergonómica ajustable con soporte lumbar - Lote 3153,5578.86,12
SKU-PRD-3154,Mouse Modelo 3154,Mouse óptico ergonómico con conexión USB - Lote 3154,415.81,84
SKU-PRD-3155,Mouse Modelo 3155,Mouse óptico ergonómico con conexión USB - Lote 3155,322.01,136
SKU-PRD-3156,Audífonos Modelo 3156,Audífonos estéreo con micrófono y cancelación de ruido - Lote 3156,1359.91,185
SKU-PRD-3157,Tablet Modelo 3157,Dispositivo táctil multimedia para estudio y trabajo - Lote 3157,2208.77,127
SKU-PRD-3158,Teclado Modelo 3158,Teclado multimedia con iluminación LED - Lote 3158,1382.41,150
SKU-PRD-3159,Impresora Modelo 3159,Impresora multifuncional a color con Wi-Fi - Lote 3159,3217.04,35
SKU-PRD-3160,Smartphone Modelo 3160,Teléfono inteligente con cámara dual y gran batería - Lote 3160,9703.55,190
SKU-PRD-3161,Disco Duro Modelo 3161,Unidad de almacenamiento externo de alta velocidad - Lote 3161,3318.67,119
SKU-PRD-3162,Cable HDMI Modelo 3162,Cable de alta definición mallado 4K - Lote 3162,143.82,125
SKU-PRD-3163,Teclado Modelo 3163,Teclado multimedia con iluminación LED - Lote 3163,807.52,47
SKU-PRD-3164,Smartphone Modelo 3164,Teléfono inteligente con cámara dual y gran batería - Lote 3164,8647.25,135
SKU-PRD-3165,Audífonos Modelo 3165,Audífonos estéreo con micrófono y cancelación de ruido - Lote 3165,515.63,9
SKU-PRD-3166,Memoria USB Modelo 3166,Unidad flash portátil de transferencia rápida - Lote 3166,510.13,168
SKU-PRD-3167,Smartwatch Modelo 3167,Reloj inteligente deportivo con monitor de salud - Lote 3167,1222.68,116
SKU-PRD-3168,Memoria USB Modelo 3168,Unidad flash portátil de transferencia rápida - Lote 3168,228.97,174
SKU-PRD-3169,Monitor Modelo 3169,Pantalla LED Full HD con puertos HDMI - Lote 3169,6413.57,19
SKU-PRD-3170,Monitor Modelo 3170,Pantalla LED Full HD con puertos HDMI - Lote 3170,6200.61,136
SKU-PRD-3171,Tablet Modelo 3171,Dispositivo táctil multimedia para estudio y trabajo - Lote 3171,3481.65,177
SKU-PRD-3172,Smartphone Modelo 3172,Teléfono inteligente con cámara dual y gran batería - Lote 3172,8268.15,37
SKU-PRD-3173,Mouse Modelo 3173,Mouse óptico ergonómico con conexión USB - Lote 3173,537.04,113
SKU-PRD-3174,Silla Gamer Modelo 3174,Silla ergonómica ajustable con soporte lumbar - Lote 3174,3748.48,145
SKU-PRD-3175,Smartphone Modelo 3175,Teléfono inteligente con cámara dual y gran batería - Lote 3175,6884.78,161
SKU-PRD-3176,Audífonos Modelo 3176,Audífonos estéreo con micrófono y cancelación de ruido - Lote 3176,377.48,172
SKU-PRD-3177,Memoria USB Modelo 3177,Unidad flash portátil de transferencia rápida - Lote 3177,108.52,132
SKU-PRD-3178,Mouse Modelo 3178,Mouse óptico ergonómico con conexión USB - Lote 3178,742.98,9
SKU-PRD-3179,Impresora Modelo 3179,Impresora multifuncional a color con Wi-Fi - Lote 3179,3802.92,50
SKU-PRD-3180,Smartwatch Modelo 3180,Reloj inteligente deportivo con monitor de salud - Lote 3180,1770.33,121
SKU-PRD-3181,Teclado Modelo 3181,Teclado multimedia con iluminación LED - Lote 3181,702.54,105
SKU-PRD-3182,Regulador Modelo 3182,Protector de voltaje multicontacto para oficina - Lote 3182,452.07,155
SKU-PRD-3183,Impresora Modelo 3183,Impresora multifuncional a color con Wi-Fi - Lote 3183,4180.84,114
SKU-PRD-3184,Mouse Modelo 3184,Mouse óptico ergonómico con conexión USB - Lote 3184,392.16,19
SKU-PRD-3185,Bocina Bluetooth Modelo 3185,Bocina inalámbrica portátil resistente al agua - Lote 3185,1063.86,49
SKU-PRD-3186,Smartwatch Modelo 3186,Reloj inteligente deportivo con monitor de salud - Lote 3186,2001.26,108
SKU-PRD-3187,Mouse Modelo 3187,Mouse óptico ergonómico con conexión USB - Lote 3187,200.22,164
SKU-PRD-3188,Bocina Bluetooth Modelo 3188,Bocina inalámbrica portátil resistente al agua - Lote 3188,1799.54,125
SKU-PRD-3189,Laptop Modelo 3189,Ordenador portátil con procesador de alta velocidad y SSD - Lote 3189,12831.57,19
SKU-PRD-3190,Disco Duro Modelo 3190,Unidad de almacenamiento externo de alta velocidad - Lote 3190,904.41,57
SKU-PRD-3191,Disco Duro Modelo 3191,Unidad de almacenamiento externo de alta velocidad - Lote 3191,2412.24,7
SKU-PRD-3192,Smartwatch Modelo 3192,Reloj inteligente deportivo con monitor de salud - Lote 3192,798.11,67
SKU-PRD-3193,Teclado Modelo 3193,Teclado multimedia con iluminación LED - Lote 3193,324.06,125
SKU-PRD-3194,Disco Duro Modelo 3194,Unidad de almacenamiento externo de alta velocidad - Lote 3194,2260.98,134
SKU-PRD-3195,Memoria USB Modelo 3195,Unidad flash portátil de transferencia rápida - Lote 3195,335.41,79
SKU-PRD-3196,Laptop Modelo 3196,Ordenador portátil con procesador de alta velocidad y SSD - Lote 3196,19372.82,47
SKU-PRD-3197,Impresora Modelo 3197,Impresora multifuncional a color con Wi-Fi - Lote 3197,2988.2,145
SKU-PRD-3198,Teclado Modelo 3198,Teclado multimedia con iluminación LED - Lote 3198,257.04,186
SKU-PRD-3199,Laptop Modelo 3199,Ordenador portátil con procesador de alta velocidad y SSD - Lote 3199,11728.63,193
SKU-PRD-3200,Silla Gamer Modelo 3200,Silla ergonómica ajustable con soporte lumbar - Lote 3200,5944.84,145
SKU-PRD-3201,Laptop Modelo 3201,Ordenador portátil con procesador de alta velocidad y SSD - Lote 3201,11553.28,88
SKU-PRD-3202,Mouse Modelo 3202,Mouse óptico ergonómico con conexión USB - Lote 3202,163.02,144
SKU-PRD-3203,Cable HDMI Modelo 3203,Cable de alta definición mallado 4K - Lote 3203,135.39,150
SKU-PRD-3204,Audífonos Modelo 3204,Audífonos estéreo con micrófono y cancelación de ruido - Lote 3204,1666.49,70
SKU-PRD-3205,Bocina Bluetooth Modelo 3205,Bocina inalámbrica portátil resistente al agua - Lote 3205,400.68,21
SKU-PRD-3206,Monitor Modelo 3206,Pantalla LED Full HD con puertos HDMI - Lote 3206,3320.38,153
SKU-PRD-3207,Teclado Modelo 3207,Teclado multimedia con iluminación LED - Lote 3207,749.46,119
SKU-PRD-3208,Silla Gamer Modelo 3208,Silla ergonómica ajustable con soporte lumbar - Lote 3208,2868.86,65
SKU-PRD-3209,Cable HDMI Modelo 3209,Cable de alta definición mallado 4K - Lote 3209,255.11,103
SKU-PRD-3210,Monitor Modelo 3210,Pantalla LED Full HD con puertos HDMI - Lote 3210,2324.12,63
SKU-PRD-3211,Teclado Modelo 3211,Teclado multimedia con iluminación LED - Lote 3211,1445.25,55
SKU-PRD-3212,Smartphone Modelo 3212,Teléfono inteligente con cámara dual y gran batería - Lote 3212,10150.51,90
SKU-PRD-3213,Mouse Modelo 3213,Mouse óptico ergonómico con conexión USB - Lote 3213,706.29,145
SKU-PRD-3214,Mouse Modelo 3214,Mouse óptico ergonómico con conexión USB - Lote 3214,871.91,40
SKU-PRD-3215,Disco Duro Modelo 3215,Unidad de almacenamiento externo de alta velocidad - Lote 3215,1882.54,153
SKU-PRD-3216,Cable HDMI Modelo 3216,Cable de alta definición mallado 4K - Lote 3216,347.08,45
SKU-PRD-3217,Silla Gamer Modelo 3217,Silla ergonómica ajustable con soporte lumbar - Lote 3217,5149.55,103
SKU-PRD-3218,Impresora Modelo 3218,Impresora multifuncional a color con Wi-Fi - Lote 3218,4078.78,112
SKU-PRD-3219,Silla Gamer Modelo 3219,Silla ergonómica ajustable con soporte lumbar - Lote 3219,2814.63,199
SKU-PRD-3220,Disco Duro Modelo 3220,Unidad de almacenamiento externo de alta velocidad - Lote 3220,3175.52,50
SKU-PRD-3221,Smartphone Modelo 3221,Teléfono inteligente con cámara dual y gran batería - Lote 3221,7469.63,116
SKU-PRD-3222,Bocina Bluetooth Modelo 3222,Bocina inalámbrica portátil resistente al agua - Lote 3222,1125.69,148
SKU-PRD-3223,Cable HDMI Modelo 3223,Cable de alta definición mallado 4K - Lote 3223,150.56,71
SKU-PRD-3224,Regulador Modelo 3224,Protector de voltaje multicontacto para oficina - Lote 3224,1190.53,162
SKU-PRD-3225,Mouse Modelo 3225,Mouse óptico ergonómico con conexión USB - Lote 3225,543.65,61
SKU-PRD-3226,Bocina Bluetooth Modelo 3226,Bocina inalámbrica portátil resistente al agua - Lote 3226,552.81,116
SKU-PRD-3227,Smartwatch Modelo 3227,Reloj inteligente deportivo con monitor de salud - Lote 3227,1982.22,179
SKU-PRD-3228,Laptop Modelo 3228,Ordenador portátil con procesador de alta velocidad y SSD - Lote 3228,18374.93,127
SKU-PRD-3229,Regulador Modelo 3229,Protector de voltaje multicontacto para oficina - Lote 3229,1164.13,16
SKU-PRD-3230,Mouse Modelo 3230,Mouse óptico ergonómico con conexión USB - Lote 3230,496.43,66
SKU-PRD-3231,Impresora Modelo 3231,Impresora multifuncional a color con Wi-Fi - Lote 3231,2473.61,162
SKU-PRD-3232,Memoria USB Modelo 3232,Unidad flash portátil de transferencia rápida - Lote 3232,273.98,102
SKU-PRD-3233,Bocina Bluetooth Modelo 3233,Bocina inalámbrica portátil resistente al agua - Lote 3233,1618.95,107
SKU-PRD-3234,Laptop Modelo 3234,Ordenador portátil con procesador de alta velocidad y SSD - Lote 3234,14840.21,5
SKU-PRD-3235,Audífonos Modelo 3235,Audífonos estéreo con micrófono y cancelación de ruido - Lote 3235,1363.29,151
SKU-PRD-3236,Smartwatch Modelo 3236,Reloj inteligente deportivo con monitor de salud - Lote 3236,735.59,113
SKU-PRD-3237,Teclado Modelo 3237,Teclado multimedia con iluminación LED - Lote 3237,1360.18,18
SKU-PRD-3238,Impresora Modelo 3238,Impresora multifuncional a color con Wi-Fi - Lote 3238,2612.33,119
SKU-PRD-3239,Laptop Modelo 3239,Ordenador portátil con procesador de alta velocidad y SSD - Lote 3239,23426.9,59
SKU-PRD-3240,Audífonos Modelo 3240,Audífonos estéreo con micrófono y cancelación de ruido - Lote 3240,375.6,120
SKU-PRD-3241,Memoria USB Modelo 3241,Unidad flash portátil de transferencia rápida - Lote 3241,504.22,10
SKU-PRD-3242,Memoria USB Modelo 3242,Unidad flash portátil de transferencia rápida - Lote 3242,486.76,82
SKU-PRD-3243,Audífonos Modelo 3243,Audífonos estéreo con micrófono y cancelación de ruido - Lote 3243,1007.12,200
SKU-PRD-3244,Disco Duro Modelo 3244,Unidad de almacenamiento externo de alta velocidad - Lote 3244,1886.39,56
SKU-PRD-3245,Laptop Modelo 3245,Ordenador portátil con procesador de alta velocidad y SSD - Lote 3245,10538.23,194
SKU-PRD-3246,Regulador Modelo 3246,Protector de voltaje multicontacto para oficina - Lote 3246,801.87,99
SKU-PRD-3247,Audífonos Modelo 3247,Audífonos estéreo con micrófono y cancelación de ruido - Lote 3247,560.08,23
SKU-PRD-3248,Silla Gamer Modelo 3248,Silla ergonómica ajustable con soporte lumbar - Lote 3248,4065.57,130
SKU-PRD-3249,Monitor Modelo 3249,Pantalla LED Full HD con puertos HDMI - Lote 3249,3020.51,121
SKU-PRD-3250,Mouse Modelo 3250,Mouse óptico ergonómico con conexión USB - Lote 3250,172.75,129
SKU-PRD-3251,Regulador Modelo 3251,Protector de voltaje multicontacto para oficina - Lote 3251,407.86,154
SKU-PRD-3252,Regulador Modelo 3252,Protector de voltaje multicontacto para oficina - Lote 3252,944.49,158
SKU-PRD-3253,Monitor Modelo 3253,Pantalla LED Full HD con puertos HDMI - Lote 3253,2742.03,104
SKU-PRD-3254,Teclado Modelo 3254,Teclado multimedia con iluminación LED - Lote 3254,1114.2,72
SKU-PRD-3255,Smartphone Modelo 3255,Teléfono inteligente con cámara dual y gran batería - Lote 3255,4584.09,45
SKU-PRD-3256,Smartwatch Modelo 3256,Reloj inteligente deportivo con monitor de salud - Lote 3256,804.01,144
SKU-PRD-3257,Laptop Modelo 3257,Ordenador portátil con procesador de alta velocidad y SSD - Lote 3257,13181.41,185
SKU-PRD-3258,Cable HDMI Modelo 3258,Cable de alta definición mallado 4K - Lote 3258,223.33,102
SKU-PRD-3259,Tablet Modelo 3259,Dispositivo táctil multimedia para estudio y trabajo - Lote 3259,4435.35,165
SKU-PRD-3260,Smartphone Modelo 3260,Teléfono inteligente con cámara dual y gran batería - Lote 3260,5323.87,26
SKU-PRD-3261,Smartwatch Modelo 3261,Reloj inteligente deportivo con monitor de salud - Lote 3261,1073.1,103
SKU-PRD-3262,Smartwatch Modelo 3262,Reloj inteligente deportivo con monitor de salud - Lote 3262,1510.19,157
SKU-PRD-3263,Teclado Modelo 3263,Teclado multimedia con iluminación LED - Lote 3263,509.0,98
SKU-PRD-3264,Disco Duro Modelo 3264,Unidad de almacenamiento externo de alta velocidad - Lote 3264,1841.16,107
SKU-PRD-3265,Monitor Modelo 3265,Pantalla LED Full HD con puertos HDMI - Lote 3265,5378.29,110
SKU-PRD-3266,Cable HDMI Modelo 3266,Cable de alta definición mallado 4K - Lote 3266,319.18,51
SKU-PRD-3267,Smartphone Modelo 3267,Teléfono inteligente con cámara dual y gran batería - Lote 3267,10356.42,195
SKU-PRD-3268,Laptop Modelo 3268,Ordenador portátil con procesador de alta velocidad y SSD - Lote 3268,9046.16,196
SKU-PRD-3269,Disco Duro Modelo 3269,Unidad de almacenamiento externo de alta velocidad - Lote 3269,2187.87,119
SKU-PRD-3270,Audífonos Modelo 3270,Audífonos estéreo con micrófono y cancelación de ruido - Lote 3270,753.49,47
SKU-PRD-3271,Audífonos Modelo 3271,Audífonos estéreo con micrófono y cancelación de ruido - Lote 3271,1037.23,79
SKU-PRD-3272,Tablet Modelo 3272,Dispositivo táctil multimedia para estudio y trabajo - Lote 3272,4841.07,97
SKU-PRD-3273,Laptop Modelo 3273,Ordenador portátil con procesador de alta velocidad y SSD - Lote 3273,14575.51,16
SKU-PRD-3274,Memoria USB Modelo 3274,Unidad flash portátil de transferencia rápida - Lote 3274,569.31,163
SKU-PRD-3275,Audífonos Modelo 3275,Audífonos estéreo con micrófono y cancelación de ruido - Lote 3275,1790.87,38
SKU-PRD-3276,Audífonos Modelo 3276,Audífonos estéreo con micrófono y cancelación de ruido - Lote 3276,1009.64,33
SKU-PRD-3277,Monitor Modelo 3277,Pantalla LED Full HD con puertos HDMI - Lote 3277,3084.3,146
SKU-PRD-3278,Cable HDMI Modelo 3278,Cable de alta definición mallado 4K - Lote 3278,298.57,50
SKU-PRD-3279,Cable HDMI Modelo 3279,Cable de alta definición mallado 4K - Lote 3279,288.53,75
SKU-PRD-3280,Smartwatch Modelo 3280,Reloj inteligente deportivo con monitor de salud - Lote 3280,614.84,144
SKU-PRD-3281,Smartphone Modelo 3281,Teléfono inteligente con cámara dual y gran batería - Lote 3281,10962.67,80
SKU-PRD-3282,Smartwatch Modelo 3282,Reloj inteligente deportivo con monitor de salud - Lote 3282,1547.91,171
SKU-PRD-3283,Disco Duro Modelo 3283,Unidad de almacenamiento externo de alta velocidad - Lote 3283,2691.97,50
SKU-PRD-3284,Disco Duro Modelo 3284,Unidad de almacenamiento externo de alta velocidad - Lote 3284,2246.87,54
SKU-PRD-3285,Impresora Modelo 3285,Impresora multifuncional a color con Wi-Fi - Lote 3285,1943.93,162
SKU-PRD-3286,Disco Duro Modelo 3286,Unidad de almacenamiento externo de alta velocidad - Lote 3286,2550.53,7
SKU-PRD-3287,Smartphone Modelo 3287,Teléfono inteligente con cámara dual y gran batería - Lote 3287,10572.1,22
SKU-PRD-3288,Teclado Modelo 3288,Teclado multimedia con iluminación LED - Lote 3288,285.04,131
SKU-PRD-3289,Silla Gamer Modelo 3289,Silla ergonómica ajustable con soporte lumbar - Lote 3289,3135.36,176
SKU-PRD-3290,Tablet Modelo 3290,Dispositivo táctil multimedia para estudio y trabajo - Lote 3290,6873.99,146
SKU-PRD-3291,Smartwatch Modelo 3291,Reloj inteligente deportivo con monitor de salud - Lote 3291,1232.15,81
SKU-PRD-3292,Teclado Modelo 3292,Teclado multimedia con iluminación LED - Lote 3292,818.88,175
SKU-PRD-3293,Regulador Modelo 3293,Protector de voltaje multicontacto para oficina - Lote 3293,541.27,161
SKU-PRD-3294,Mouse Modelo 3294,Mouse óptico ergonómico con conexión USB - Lote 3294,874.4,111
SKU-PRD-3295,Tablet Modelo 3295,Dispositivo táctil multimedia para estudio y trabajo - Lote 3295,5366.67,61
SKU-PRD-3296,Memoria USB Modelo 3296,Unidad flash portátil de transferencia rápida - Lote 3296,209.32,55
SKU-PRD-3297,Tablet Modelo 3297,Dispositivo táctil multimedia para estudio y trabajo - Lote 3297,6354.17,68
SKU-PRD-3298,Mouse Modelo 3298,Mouse óptico ergonómico con conexión USB - Lote 3298,521.58,179
SKU-PRD-3299,Bocina Bluetooth Modelo 3299,Bocina inalámbrica portátil resistente al agua - Lote 3299,586.62,65
SKU-PRD-3300,Smartphone Modelo 3300,Teléfono inteligente con cámara dual y gran batería - Lote 3300,4595.33,146
SKU-PRD-3301,Smartwatch Modelo 3301,Reloj inteligente deportivo con monitor de salud - Lote 3301,2392.03,25
SKU-PRD-3302,Mouse Modelo 3302,Mouse óptico ergonómico con conexión USB - Lote 3302,364.68,7
SKU-PRD-3303,Tablet Modelo 3303,Dispositivo táctil multimedia para estudio y trabajo - Lote 3303,6047.97,46
SKU-PRD-3304,Memoria USB Modelo 3304,Unidad flash portátil de transferencia rápida - Lote 3304,410.71,31
SKU-PRD-3305,Audífonos Modelo 3305,Audífonos estéreo con micrófono y cancelación de ruido - Lote 3305,1505.23,122
SKU-PRD-3306,Tablet Modelo 3306,Dispositivo táctil multimedia para estudio y trabajo - Lote 3306,3235.45,167
SKU-PRD-3307,Bocina Bluetooth Modelo 3307,Bocina inalámbrica portátil resistente al agua - Lote 3307,860.78,143
SKU-PRD-3308,Monitor Modelo 3308,Pantalla LED Full HD con puertos HDMI - Lote 3308,3177.5,131
SKU-PRD-3309,Smartphone Modelo 3309,Teléfono inteligente con cámara dual y gran batería - Lote 3309,11384.33,99
SKU-PRD-3310,Audífonos Modelo 3310,Audífonos estéreo con micrófono y cancelación de ruido - Lote 3310,1676.02,97
SKU-PRD-3311,Smartwatch Modelo 3311,Reloj inteligente deportivo con monitor de salud - Lote 3311,2211.83,188
SKU-PRD-3312,Silla Gamer Modelo 3312,Silla ergonómica ajustable con soporte lumbar - Lote 3312,4758.68,92
SKU-PRD-3313,Mouse Modelo 3313,Mouse óptico ergonómico con conexión USB - Lote 3313,341.05,11
SKU-PRD-3314,Disco Duro Modelo 3314,Unidad de almacenamiento externo de alta velocidad - Lote 3314,2805.21,88
SKU-PRD-3315,Regulador Modelo 3315,Protector de voltaje multicontacto para oficina - Lote 3315,425.59,89
SKU-PRD-3316,Smartwatch Modelo 3316,Reloj inteligente deportivo con monitor de salud - Lote 3316,1664.19,123
SKU-PRD-3317,Silla Gamer Modelo 3317,Silla ergonómica ajustable con soporte lumbar - Lote 3317,4526.45,194
SKU-PRD-3318,Monitor Modelo 3318,Pantalla LED Full HD con puertos HDMI - Lote 3318,2479.69,168
SKU-PRD-3319,Bocina Bluetooth Modelo 3319,Bocina inalámbrica portátil resistente al agua - Lote 3319,526.61,41
SKU-PRD-3320,Cable HDMI Modelo 3320,Cable de alta definición mallado 4K - Lote 3320,247.38,69
SKU-PRD-3321,Mouse Modelo 3321,Mouse óptico ergonómico con conexión USB - Lote 3321,164.08,144
SKU-PRD-3322,Cable HDMI Modelo 3322,Cable de alta definición mallado 4K - Lote 3322,295.87,67
SKU-PRD-3323,Impresora Modelo 3323,Impresora multifuncional a color con Wi-Fi - Lote 3323,3758.18,56
SKU-PRD-3324,Smartphone Modelo 3324,Teléfono inteligente con cámara dual y gran batería - Lote 3324,11026.29,56
SKU-PRD-3325,Monitor Modelo 3325,Pantalla LED Full HD con puertos HDMI - Lote 3325,6257.14,82
SKU-PRD-3326,Audífonos Modelo 3326,Audífonos estéreo con micrófono y cancelación de ruido - Lote 3326,1108.6,47
SKU-PRD-3327,Monitor Modelo 3327,Pantalla LED Full HD con puertos HDMI - Lote 3327,4698.69,62
SKU-PRD-3328,Mouse Modelo 3328,Mouse óptico ergonómico con conexión USB - Lote 3328,876.06,161
SKU-PRD-3329,Bocina Bluetooth Modelo 3329,Bocina inalámbrica portátil resistente al agua - Lote 3329,464.7,112
SKU-PRD-3330,Monitor Modelo 3330,Pantalla LED Full HD con puertos HDMI - Lote 3330,3753.2,11
SKU-PRD-3331,Bocina Bluetooth Modelo 3331,Bocina inalámbrica portátil resistente al agua - Lote 3331,1250.62,114
SKU-PRD-3332,Teclado Modelo 3332,Teclado multimedia con iluminación LED - Lote 3332,1364.03,7
SKU-PRD-3333,Tablet Modelo 3333,Dispositivo táctil multimedia para estudio y trabajo - Lote 3333,6948.31,23
SKU-PRD-3334,Audífonos Modelo 3334,Audífonos estéreo con micrófono y cancelación de ruido - Lote 3334,462.09,29
SKU-PRD-3335,Audífonos Modelo 3335,Audífonos estéreo con micrófono y cancelación de ruido - Lote 3335,495.97,42
SKU-PRD-3336,Monitor Modelo 3336,Pantalla LED Full HD con puertos HDMI - Lote 3336,4798.8,12
SKU-PRD-3337,Impresora Modelo 3337,Impresora multifuncional a color con Wi-Fi - Lote 3337,3542.28,130
SKU-PRD-3338,Impresora Modelo 3338,Impresora multifuncional a color con Wi-Fi - Lote 3338,2639.21,101
SKU-PRD-3339,Audífonos Modelo 3339,Audífonos estéreo con micrófono y cancelación de ruido - Lote 3339,605.66,19
SKU-PRD-3340,Silla Gamer Modelo 3340,Silla ergonómica ajustable con soporte lumbar - Lote 3340,5613.84,18
SKU-PRD-3341,Disco Duro Modelo 3341,Unidad de almacenamiento externo de alta velocidad - Lote 3341,3396.48,61
SKU-PRD-3342,Memoria USB Modelo 3342,Unidad flash portátil de transferencia rápida - Lote 3342,457.09,31
SKU-PRD-3343,Monitor Modelo 3343,Pantalla LED Full HD con puertos HDMI - Lote 3343,5155.14,45
SKU-PRD-3344,Tablet Modelo 3344,Dispositivo táctil multimedia para estudio y trabajo - Lote 3344,7048.13,28
SKU-PRD-3345,Impresora Modelo 3345,Impresora multifuncional a color con Wi-Fi - Lote 3345,2892.89,192
SKU-PRD-3346,Mouse Modelo 3346,Mouse óptico ergonómico con conexión USB - Lote 3346,473.26,80
SKU-PRD-3347,Cable HDMI Modelo 3347,Cable de alta definición mallado 4K - Lote 3347,340.79,128
SKU-PRD-3348,Tablet Modelo 3348,Dispositivo táctil multimedia para estudio y trabajo - Lote 3348,5294.24,76
SKU-PRD-3349,Impresora Modelo 3349,Impresora multifuncional a color con Wi-Fi - Lote 3349,3058.43,199
SKU-PRD-3350,Bocina Bluetooth Modelo 3350,Bocina inalámbrica portátil resistente al agua - Lote 3350,740.5,72
SKU-PRD-3351,Regulador Modelo 3351,Protector de voltaje multicontacto para oficina - Lote 3351,484.93,17
SKU-PRD-3352,Regulador Modelo 3352,Protector de voltaje multicontacto para oficina - Lote 3352,380.12,7
SKU-PRD-3353,Monitor Modelo 3353,Pantalla LED Full HD con puertos HDMI - Lote 3353,3138.34,29
SKU-PRD-3354,Disco Duro Modelo 3354,Unidad de almacenamiento externo de alta velocidad - Lote 3354,2963.01,181
SKU-PRD-3355,Audífonos Modelo 3355,Audífonos estéreo con micrófono y cancelación de ruido - Lote 3355,345.06,82
SKU-PRD-3356,Memoria USB Modelo 3356,Unidad flash portátil de transferencia rápida - Lote 3356,301.59,39
SKU-PRD-3357,Teclado Modelo 3357,Teclado multimedia con iluminación LED - Lote 3357,1428.06,101
SKU-PRD-3358,Memoria USB Modelo 3358,Unidad flash portátil de transferencia rápida - Lote 3358,201.18,113
SKU-PRD-3359,Impresora Modelo 3359,Impresora multifuncional a color con Wi-Fi - Lote 3359,2295.09,84
SKU-PRD-3360,Audífonos Modelo 3360,Audífonos estéreo con micrófono y cancelación de ruido - Lote 3360,325.62,170
SKU-PRD-3361,Smartwatch Modelo 3361,Reloj inteligente deportivo con monitor de salud - Lote 3361,1731.45,7
SKU-PRD-3362,Impresora Modelo 3362,Impresora multifuncional a color con Wi-Fi - Lote 3362,1846.07,30
SKU-PRD-3363,Memoria USB Modelo 3363,Unidad flash portátil de transferencia rápida - Lote 3363,432.72,25
SKU-PRD-3364,Tablet Modelo 3364,Dispositivo táctil multimedia para estudio y trabajo - Lote 3364,5003.04,15
SKU-PRD-3365,Mouse Modelo 3365,Mouse óptico ergonómico con conexión USB - Lote 3365,617.6,170
SKU-PRD-3366,Tablet Modelo 3366,Dispositivo táctil multimedia para estudio y trabajo - Lote 3366,4460.3,124
SKU-PRD-3367,Audífonos Modelo 3367,Audífonos estéreo con micrófono y cancelación de ruido - Lote 3367,1117.21,163
SKU-PRD-3368,Tablet Modelo 3368,Dispositivo táctil multimedia para estudio y trabajo - Lote 3368,2277.59,85
SKU-PRD-3369,Impresora Modelo 3369,Impresora multifuncional a color con Wi-Fi - Lote 3369,3081.09,80
SKU-PRD-3370,Bocina Bluetooth Modelo 3370,Bocina inalámbrica portátil resistente al agua - Lote 3370,1170.43,11
SKU-PRD-3371,Disco Duro Modelo 3371,Unidad de almacenamiento externo de alta velocidad - Lote 3371,2077.35,198
SKU-PRD-3372,Memoria USB Modelo 3372,Unidad flash portátil de transferencia rápida - Lote 3372,346.72,22
SKU-PRD-3373,Disco Duro Modelo 3373,Unidad de almacenamiento externo de alta velocidad - Lote 3373,958.47,87
SKU-PRD-3374,Disco Duro Modelo 3374,Unidad de almacenamiento externo de alta velocidad - Lote 3374,1414.51,124
SKU-PRD-3375,Silla Gamer Modelo 3375,Silla ergonómica ajustable con soporte lumbar - Lote 3375,4763.33,82
SKU-PRD-3376,Laptop Modelo 3376,Ordenador portátil con procesador de alta velocidad y SSD - Lote 3376,9333.08,179
SKU-PRD-3377,Bocina Bluetooth Modelo 3377,Bocina inalámbrica portátil resistente al agua - Lote 3377,1167.43,175
SKU-PRD-3378,Tablet Modelo 3378,Dispositivo táctil multimedia para estudio y trabajo - Lote 3378,3930.23,157
SKU-PRD-3379,Impresora Modelo 3379,Impresora multifuncional a color con Wi-Fi - Lote 3379,4151.77,153
SKU-PRD-3380,Cable HDMI Modelo 3380,Cable de alta definición mallado 4K - Lote 3380,132.16,102
SKU-PRD-3381,Audífonos Modelo 3381,Audífonos estéreo con micrófono y cancelación de ruido - Lote 3381,1004.38,114
SKU-PRD-3382,Impresora Modelo 3382,Impresora multifuncional a color con Wi-Fi - Lote 3382,1801.14,142
SKU-PRD-3383,Regulador Modelo 3383,Protector de voltaje multicontacto para oficina - Lote 3383,756.76,84
SKU-PRD-3384,Teclado Modelo 3384,Teclado multimedia con iluminación LED - Lote 3384,602.32,10
SKU-PRD-3385,Tablet Modelo 3385,Dispositivo táctil multimedia para estudio y trabajo - Lote 3385,5090.72,140
SKU-PRD-3386,Silla Gamer Modelo 3386,Silla ergonómica ajustable con soporte lumbar - Lote 3386,4224.61,21
SKU-PRD-3387,Smartphone Modelo 3387,Teléfono inteligente con cámara dual y gran batería - Lote 3387,5628.28,64
SKU-PRD-3388,Monitor Modelo 3388,Pantalla LED Full HD con puertos HDMI - Lote 3388,3718.37,31
SKU-PRD-3389,Impresora Modelo 3389,Impresora multifuncional a color con Wi-Fi - Lote 3389,4015.95,24
SKU-PRD-3390,Cable HDMI Modelo 3390,Cable de alta definición mallado 4K - Lote 3390,193.1,59
SKU-PRD-3391,Audífonos Modelo 3391,Audífonos estéreo con micrófono y cancelación de ruido - Lote 3391,524.44,196
SKU-PRD-3392,Smartwatch Modelo 3392,Reloj inteligente deportivo con monitor de salud - Lote 3392,886.16,142
SKU-PRD-3393,Smartphone Modelo 3393,Teléfono inteligente con cámara dual y gran batería - Lote 3393,11644.24,126
SKU-PRD-3394,Smartphone Modelo 3394,Teléfono inteligente con cámara dual y gran batería - Lote 3394,8744.07,191
SKU-PRD-3395,Memoria USB Modelo 3395,Unidad flash portátil de transferencia rápida - Lote 3395,525.14,59
SKU-PRD-3396,Teclado Modelo 3396,Teclado multimedia con iluminación LED - Lote 3396,652.62,60
SKU-PRD-3397,Memoria USB Modelo 3397,Unidad flash portátil de transferencia rápida - Lote 3397,579.16,175
SKU-PRD-3398,Laptop Modelo 3398,Ordenador portátil con procesador de alta velocidad y SSD - Lote 3398,19125.96,131
SKU-PRD-3399,Memoria USB Modelo 3399,Unidad flash portátil de transferencia rápida - Lote 3399,394.54,95
SKU-PRD-3400,Smartwatch Modelo 3400,Reloj inteligente deportivo con monitor de salud - Lote 3400,1135.57,139
SKU-PRD-3401,Laptop Modelo 3401,Ordenador portátil con procesador de alta velocidad y SSD - Lote 3401,18544.25,88
SKU-PRD-3402,Mouse Modelo 3402,Mouse óptico ergonómico con conexión USB - Lote 3402,654.66,66
SKU-PRD-3403,Laptop Modelo 3403,Ordenador portátil con procesador de alta velocidad y SSD - Lote 3403,12501.59,34
SKU-PRD-3404,Bocina Bluetooth Modelo 3404,Bocina inalámbrica portátil resistente al agua - Lote 3404,1590.15,30
SKU-PRD-3405,Cable HDMI Modelo 3405,Cable de alta definición mallado 4K - Lote 3405,125.39,138
SKU-PRD-3406,Memoria USB Modelo 3406,Unidad flash portátil de transferencia rápida - Lote 3406,234.42,146
SKU-PRD-3407,Monitor Modelo 3407,Pantalla LED Full HD con puertos HDMI - Lote 3407,6339.63,82
SKU-PRD-3408,Monitor Modelo 3408,Pantalla LED Full HD con puertos HDMI - Lote 3408,2882.12,138
SKU-PRD-3409,Smartwatch Modelo 3409,Reloj inteligente deportivo con monitor de salud - Lote 3409,2384.43,152
SKU-PRD-3410,Monitor Modelo 3410,Pantalla LED Full HD con puertos HDMI - Lote 3410,5114.72,17
SKU-PRD-3411,Monitor Modelo 3411,Pantalla LED Full HD con puertos HDMI - Lote 3411,6451.41,28
SKU-PRD-3412,Memoria USB Modelo 3412,Unidad flash portátil de transferencia rápida - Lote 3412,278.48,199
SKU-PRD-3413,Silla Gamer Modelo 3413,Silla ergonómica ajustable con soporte lumbar - Lote 3413,4213.05,72
SKU-PRD-3414,Laptop Modelo 3414,Ordenador portátil con procesador de alta velocidad y SSD - Lote 3414,18365.6,200
SKU-PRD-3415,Tablet Modelo 3415,Dispositivo táctil multimedia para estudio y trabajo - Lote 3415,3568.92,11
SKU-PRD-3416,Monitor Modelo 3416,Pantalla LED Full HD con puertos HDMI - Lote 3416,2736.14,138
SKU-PRD-3417,Teclado Modelo 3417,Teclado multimedia con iluminación LED - Lote 3417,484.63,30
SKU-PRD-3418,Bocina Bluetooth Modelo 3418,Bocina inalámbrica portátil resistente al agua - Lote 3418,987.24,111
SKU-PRD-3419,Smartwatch Modelo 3419,Reloj inteligente deportivo con monitor de salud - Lote 3419,1287.83,97
SKU-PRD-3420,Smartphone Modelo 3420,Teléfono inteligente con cámara dual y gran batería - Lote 3420,9121.95,28
SKU-PRD-3421,Cable HDMI Modelo 3421,Cable de alta definición mallado 4K - Lote 3421,139.98,57
SKU-PRD-3422,Bocina Bluetooth Modelo 3422,Bocina inalámbrica portátil resistente al agua - Lote 3422,1679.36,74
SKU-PRD-3423,Monitor Modelo 3423,Pantalla LED Full HD con puertos HDMI - Lote 3423,3572.91,80
SKU-PRD-3424,Regulador Modelo 3424,Protector de voltaje multicontacto para oficina - Lote 3424,992.15,134
SKU-PRD-3425,Silla Gamer Modelo 3425,Silla ergonómica ajustable con soporte lumbar - Lote 3425,5598.09,61
SKU-PRD-3426,Regulador Modelo 3426,Protector de voltaje multicontacto para oficina - Lote 3426,1173.37,74
SKU-PRD-3427,Cable HDMI Modelo 3427,Cable de alta definición mallado 4K - Lote 3427,160.9,147
SKU-PRD-3428,Impresora Modelo 3428,Impresora multifuncional a color con Wi-Fi - Lote 3428,2639.29,11
SKU-PRD-3429,Audífonos Modelo 3429,Audífonos estéreo con micrófono y cancelación de ruido - Lote 3429,1479.55,153
SKU-PRD-3430,Smartphone Modelo 3430,Teléfono inteligente con cámara dual y gran batería - Lote 3430,7190.29,187
SKU-PRD-3431,Disco Duro Modelo 3431,Unidad de almacenamiento externo de alta velocidad - Lote 3431,3023.32,159
SKU-PRD-3432,Bocina Bluetooth Modelo 3432,Bocina inalámbrica portátil resistente al agua - Lote 3432,1810.33,109
SKU-PRD-3433,Disco Duro Modelo 3433,Unidad de almacenamiento externo de alta velocidad - Lote 3433,1861.49,117
SKU-PRD-3434,Smartphone Modelo 3434,Teléfono inteligente con cámara dual y gran batería - Lote 3434,5857.29,147
SKU-PRD-3435,Memoria USB Modelo 3435,Unidad flash portátil de transferencia rápida - Lote 3435,529.68,109
SKU-PRD-3436,Impresora Modelo 3436,Impresora multifuncional a color con Wi-Fi - Lote 3436,2982.84,178
SKU-PRD-3437,Laptop Modelo 3437,Ordenador portátil con procesador de alta velocidad y SSD - Lote 3437,20327.41,193
SKU-PRD-3438,Smartphone Modelo 3438,Teléfono inteligente con cámara dual y gran batería - Lote 3438,8705.19,32
SKU-PRD-3439,Mouse Modelo 3439,Mouse óptico ergonómico con conexión USB - Lote 3439,594.96,96
SKU-PRD-3440,Tablet Modelo 3440,Dispositivo táctil multimedia para estudio y trabajo - Lote 3440,5208.49,86
SKU-PRD-3441,Cable HDMI Modelo 3441,Cable de alta definición mallado 4K - Lote 3441,251.54,108
SKU-PRD-3442,Mouse Modelo 3442,Mouse óptico ergonómico con conexión USB - Lote 3442,749.5,172
SKU-PRD-3443,Mouse Modelo 3443,Mouse óptico ergonómico con conexión USB - Lote 3443,662.0,88
SKU-PRD-3444,Tablet Modelo 3444,Dispositivo táctil multimedia para estudio y trabajo - Lote 3444,5489.01,37
SKU-PRD-3445,Smartphone Modelo 3445,Teléfono inteligente con cámara dual y gran batería - Lote 3445,4676.95,5
SKU-PRD-3446,Monitor Modelo 3446,Pantalla LED Full HD con puertos HDMI - Lote 3446,6457.63,48
SKU-PRD-3447,Silla Gamer Modelo 3447,Silla ergonómica ajustable con soporte lumbar - Lote 3447,5487.91,26
SKU-PRD-3448,Cable HDMI Modelo 3448,Cable de alta definición mallado 4K - Lote 3448,153.23,186
SKU-PRD-3449,Smartwatch Modelo 3449,Reloj inteligente deportivo con monitor de salud - Lote 3449,1491.56,118
SKU-PRD-3450,Smartwatch Modelo 3450,Reloj inteligente deportivo con monitor de salud - Lote 3450,2134.57,188
SKU-PRD-3451,Smartphone Modelo 3451,Teléfono inteligente con cámara dual y gran batería - Lote 3451,8036.42,117
SKU-PRD-3452,Bocina Bluetooth Modelo 3452,Bocina inalámbrica portátil resistente al agua - Lote 3452,1162.98,108
SKU-PRD-3453,Monitor Modelo 3453,Pantalla LED Full HD con puertos HDMI - Lote 3453,5392.2,5
SKU-PRD-3454,Memoria USB Modelo 3454,Unidad flash portátil de transferencia rápida - Lote 3454,347.59,103
SKU-PRD-3455,Smartphone Modelo 3455,Teléfono inteligente con cámara dual y gran batería - Lote 3455,5729.69,26
SKU-PRD-3456,Silla Gamer Modelo 3456,Silla ergonómica ajustable con soporte lumbar - Lote 3456,4253.0,90
SKU-PRD-3457,Monitor Modelo 3457,Pantalla LED Full HD con puertos HDMI - Lote 3457,4726.0,169
SKU-PRD-3458,Regulador Modelo 3458,Protector de voltaje multicontacto para oficina - Lote 3458,999.7,72
SKU-PRD-3459,Mouse Modelo 3459,Mouse óptico ergonómico con conexión USB - Lote 3459,702.92,189
SKU-PRD-3460,Smartphone Modelo 3460,Teléfono inteligente con cámara dual y gran batería - Lote 3460,10658.05,130
SKU-PRD-3461,Smartphone Modelo 3461,Teléfono inteligente con cámara dual y gran batería - Lote 3461,9995.51,114
SKU-PRD-3462,Mouse Modelo 3462,Mouse óptico ergonómico con conexión USB - Lote 3462,480.51,85
SKU-PRD-3463,Disco Duro Modelo 3463,Unidad de almacenamiento externo de alta velocidad - Lote 3463,1217.24,53
SKU-PRD-3464,Smartphone Modelo 3464,Teléfono inteligente con cámara dual y gran batería - Lote 3464,10233.21,45
SKU-PRD-3465,Regulador Modelo 3465,Protector de voltaje multicontacto para oficina - Lote 3465,1131.92,55
SKU-PRD-3466,Mouse Modelo 3466,Mouse óptico ergonómico con conexión USB - Lote 3466,664.76,155
SKU-PRD-3467,Bocina Bluetooth Modelo 3467,Bocina inalámbrica portátil resistente al agua - Lote 3467,408.78,165
SKU-PRD-3468,Smartwatch Modelo 3468,Reloj inteligente deportivo con monitor de salud - Lote 3468,1576.91,185
SKU-PRD-3469,Regulador Modelo 3469,Protector de voltaje multicontacto para oficina - Lote 3469,1091.4,156
SKU-PRD-3470,Mouse Modelo 3470,Mouse óptico ergonómico con conexión USB - Lote 3470,423.26,49
SKU-PRD-3471,Audífonos Modelo 3471,Audífonos estéreo con micrófono y cancelación de ruido - Lote 3471,1010.4,63
SKU-PRD-3472,Audífonos Modelo 3472,Audífonos estéreo con micrófono y cancelación de ruido - Lote 3472,1373.35,141
SKU-PRD-3473,Cable HDMI Modelo 3473,Cable de alta definición mallado 4K - Lote 3473,130.58,7
SKU-PRD-3474,Smartphone Modelo 3474,Teléfono inteligente con cámara dual y gran batería - Lote 3474,4533.66,164
SKU-PRD-3475,Audífonos Modelo 3475,Audífonos estéreo con micrófono y cancelación de ruido - Lote 3475,747.76,33
SKU-PRD-3476,Cable HDMI Modelo 3476,Cable de alta definición mallado 4K - Lote 3476,332.76,67
SKU-PRD-3477,Audífonos Modelo 3477,Audífonos estéreo con micrófono y cancelación de ruido - Lote 3477,1740.4,57
SKU-PRD-3478,Regulador Modelo 3478,Protector de voltaje multicontacto para oficina - Lote 3478,463.02,191
SKU-PRD-3479,Disco Duro Modelo 3479,Unidad de almacenamiento externo de alta velocidad - Lote 3479,1141.08,187
SKU-PRD-3480,Laptop Modelo 3480,Ordenador portátil con procesador de alta velocidad y SSD - Lote 3480,23966.6,109
SKU-PRD-3481,Silla Gamer Modelo 3481,Silla ergonómica ajustable con soporte lumbar - Lote 3481,3215.7,100
SKU-PRD-3482,Laptop Modelo 3482,Ordenador portátil con procesador de alta velocidad y SSD - Lote 3482,9538.72,24
SKU-PRD-3483,Smartwatch Modelo 3483,Reloj inteligente deportivo con monitor de salud - Lote 3483,2204.09,90
SKU-PRD-3484,Tablet Modelo 3484,Dispositivo táctil multimedia para estudio y trabajo - Lote 3484,3458.62,59
SKU-PRD-3485,Silla Gamer Modelo 3485,Silla ergonómica ajustable con soporte lumbar - Lote 3485,5248.16,36
SKU-PRD-3486,Audífonos Modelo 3486,Audífonos estéreo con micrófono y cancelación de ruido - Lote 3486,569.24,99
SKU-PRD-3487,Cable HDMI Modelo 3487,Cable de alta definición mallado 4K - Lote 3487,192.16,108
SKU-PRD-3488,Cable HDMI Modelo 3488,Cable de alta definición mallado 4K - Lote 3488,151.0,84
SKU-PRD-3489,Audífonos Modelo 3489,Audífonos estéreo con micrófono y cancelación de ruido - Lote 3489,1242.61,12
SKU-PRD-3490,Laptop Modelo 3490,Ordenador portátil con procesador de alta velocidad y SSD - Lote 3490,12521.87,191
SKU-PRD-3491,Monitor Modelo 3491,Pantalla LED Full HD con puertos HDMI - Lote 3491,3703.93,90
SKU-PRD-3492,Impresora Modelo 3492,Impresora multifuncional a color con Wi-Fi - Lote 3492,2759.01,148
SKU-PRD-3493,Disco Duro Modelo 3493,Unidad de almacenamiento externo de alta velocidad - Lote 3493,1766.26,22
SKU-PRD-3494,Impresora Modelo 3494,Impresora multifuncional a color con Wi-Fi - Lote 3494,3962.41,107
SKU-PRD-3495,Smartphone Modelo 3495,Teléfono inteligente con cámara dual y gran batería - Lote 3495,4819.54,118
SKU-PRD-3496,Impresora Modelo 3496,Impresora multifuncional a color con Wi-Fi - Lote 3496,3728.7,171
SKU-PRD-3497,Audífonos Modelo 3497,Audífonos estéreo con micrófono y cancelación de ruido - Lote 3497,519.02,86
SKU-PRD-3498,Monitor Modelo 3498,Pantalla LED Full HD con puertos HDMI - Lote 3498,4321.72,126
SKU-PRD-3499,Disco Duro Modelo 3499,Unidad de almacenamiento externo de alta velocidad - Lote 3499,2124.43,119
SKU-PRD-3500,Mouse Modelo 3500,Mouse óptico ergonómico con conexión USB - Lote 3500,621.12,95
SKU-PRD-3501,Bocina Bluetooth Modelo 3501,Bocina inalámbrica portátil resistente al agua - Lote 3501,1414.19,75
SKU-PRD-3502,Mouse Modelo 3502,Mouse óptico ergonómico con conexión USB - Lote 3502,425.11,108
SKU-PRD-3503,Monitor Modelo 3503,Pantalla LED Full HD con puertos HDMI - Lote 3503,5336.25,178
SKU-PRD-3504,Monitor Modelo 3504,Pantalla LED Full HD con puertos HDMI - Lote 3504,3292.91,74
SKU-PRD-3505,Laptop Modelo 3505,Ordenador portátil con procesador de alta velocidad y SSD - Lote 3505,8908.18,26
SKU-PRD-3506,Silla Gamer Modelo 3506,Silla ergonómica ajustable con soporte lumbar - Lote 3506,3386.04,176
SKU-PRD-3507,Monitor Modelo 3507,Pantalla LED Full HD con puertos HDMI - Lote 3507,6176.28,149
SKU-PRD-3508,Smartphone Modelo 3508,Teléfono inteligente con cámara dual y gran batería - Lote 3508,3982.66,195
SKU-PRD-3509,Monitor Modelo 3509,Pantalla LED Full HD con puertos HDMI - Lote 3509,5442.32,182
SKU-PRD-3510,Memoria USB Modelo 3510,Unidad flash portátil de transferencia rápida - Lote 3510,108.61,29
SKU-PRD-3511,Mouse Modelo 3511,Mouse óptico ergonómico con conexión USB - Lote 3511,758.91,165
SKU-PRD-3512,Smartphone Modelo 3512,Teléfono inteligente con cámara dual y gran batería - Lote 3512,6743.17,92
SKU-PRD-3513,Mouse Modelo 3513,Mouse óptico ergonómico con conexión USB - Lote 3513,843.67,21
SKU-PRD-3514,Monitor Modelo 3514,Pantalla LED Full HD con puertos HDMI - Lote 3514,6171.87,66
SKU-PRD-3515,Teclado Modelo 3515,Teclado multimedia con iluminación LED - Lote 3515,1237.18,73
SKU-PRD-3516,Monitor Modelo 3516,Pantalla LED Full HD con puertos HDMI - Lote 3516,3634.77,29
SKU-PRD-3517,Smartphone Modelo 3517,Teléfono inteligente con cámara dual y gran batería - Lote 3517,5769.88,183
SKU-PRD-3518,Cable HDMI Modelo 3518,Cable de alta definición mallado 4K - Lote 3518,89.64,138
SKU-PRD-3519,Monitor Modelo 3519,Pantalla LED Full HD con puertos HDMI - Lote 3519,3157.96,196
SKU-PRD-3520,Disco Duro Modelo 3520,Unidad de almacenamiento externo de alta velocidad - Lote 3520,1636.13,19
SKU-PRD-3521,Bocina Bluetooth Modelo 3521,Bocina inalámbrica portátil resistente al agua - Lote 3521,1932.59,35
SKU-PRD-3522,Smartwatch Modelo 3522,Reloj inteligente deportivo con monitor de salud - Lote 3522,1736.17,70
SKU-PRD-3523,Impresora Modelo 3523,Impresora multifuncional a color con Wi-Fi - Lote 3523,3778.12,57
SKU-PRD-3524,Teclado Modelo 3524,Teclado multimedia con iluminación LED - Lote 3524,610.18,156
SKU-PRD-3525,Monitor Modelo 3525,Pantalla LED Full HD con puertos HDMI - Lote 3525,2978.31,137
SKU-PRD-3526,Teclado Modelo 3526,Teclado multimedia con iluminación LED - Lote 3526,929.15,71
SKU-PRD-3527,Mouse Modelo 3527,Mouse óptico ergonómico con conexión USB - Lote 3527,598.74,111
SKU-PRD-3528,Smartphone Modelo 3528,Teléfono inteligente con cámara dual y gran batería - Lote 3528,4710.21,143
SKU-PRD-3529,Audífonos Modelo 3529,Audífonos estéreo con micrófono y cancelación de ruido - Lote 3529,371.77,63
SKU-PRD-3530,Smartphone Modelo 3530,Teléfono inteligente con cámara dual y gran batería - Lote 3530,10990.35,60
SKU-PRD-3531,Monitor Modelo 3531,Pantalla LED Full HD con puertos HDMI - Lote 3531,3050.17,170
SKU-PRD-3532,Teclado Modelo 3532,Teclado multimedia con iluminación LED - Lote 3532,1116.94,103
SKU-PRD-3533,Teclado Modelo 3533,Teclado multimedia con iluminación LED - Lote 3533,1368.01,76
SKU-PRD-3534,Monitor Modelo 3534,Pantalla LED Full HD con puertos HDMI - Lote 3534,2098.49,119
SKU-PRD-3535,Monitor Modelo 3535,Pantalla LED Full HD con puertos HDMI - Lote 3535,2798.43,196
SKU-PRD-3536,Laptop Modelo 3536,Ordenador portátil con procesador de alta velocidad y SSD - Lote 3536,21811.21,112
SKU-PRD-3537,Audífonos Modelo 3537,Audífonos estéreo con micrófono y cancelación de ruido - Lote 3537,1003.86,30
SKU-PRD-3538,Cable HDMI Modelo 3538,Cable de alta definición mallado 4K - Lote 3538,348.25,140
SKU-PRD-3539,Cable HDMI Modelo 3539,Cable de alta definición mallado 4K - Lote 3539,236.47,107
SKU-PRD-3540,Impresora Modelo 3540,Impresora multifuncional a color con Wi-Fi - Lote 3540,4217.59,152
SKU-PRD-3541,Disco Duro Modelo 3541,Unidad de almacenamiento externo de alta velocidad - Lote 3541,1818.27,146
SKU-PRD-3542,Bocina Bluetooth Modelo 3542,Bocina inalámbrica portátil resistente al agua - Lote 3542,1345.66,6
SKU-PRD-3543,Tablet Modelo 3543,Dispositivo táctil multimedia para estudio y trabajo - Lote 3543,2733.67,81
SKU-PRD-3544,Audífonos Modelo 3544,Audífonos estéreo con micrófono y cancelación de ruido - Lote 3544,769.31,197
SKU-PRD-3545,Monitor Modelo 3545,Pantalla LED Full HD con puertos HDMI - Lote 3545,6251.84,100
SKU-PRD-3546,Smartwatch Modelo 3546,Reloj inteligente deportivo con monitor de salud - Lote 3546,1266.91,167
SKU-PRD-3547,Disco Duro Modelo 3547,Unidad de almacenamiento externo de alta velocidad - Lote 3547,3030.41,42
SKU-PRD-3548,Tablet Modelo 3548,Dispositivo táctil multimedia para estudio y trabajo - Lote 3548,4435.82,118
SKU-PRD-3549,Tablet Modelo 3549,Dispositivo táctil multimedia para estudio y trabajo - Lote 3549,4169.52,24
SKU-PRD-3550,Disco Duro Modelo 3550,Unidad de almacenamiento externo de alta velocidad - Lote 3550,1481.79,120
SKU-PRD-3551,Smartphone Modelo 3551,Teléfono inteligente con cámara dual y gran batería - Lote 3551,11057.73,173
SKU-PRD-3552,Disco Duro Modelo 3552,Unidad de almacenamiento externo de alta velocidad - Lote 3552,3422.99,9
SKU-PRD-3553,Disco Duro Modelo 3553,Unidad de almacenamiento externo de alta velocidad - Lote 3553,955.94,181
SKU-PRD-3554,Mouse Modelo 3554,Mouse óptico ergonómico con conexión USB - Lote 3554,547.76,172
SKU-PRD-3555,Tablet Modelo 3555,Dispositivo táctil multimedia para estudio y trabajo - Lote 3555,6864.78,88
SKU-PRD-3556,Memoria USB Modelo 3556,Unidad flash portátil de transferencia rápida - Lote 3556,142.24,79
SKU-PRD-3557,Disco Duro Modelo 3557,Unidad de almacenamiento externo de alta velocidad - Lote 3557,3106.88,145
SKU-PRD-3558,Disco Duro Modelo 3558,Unidad de almacenamiento externo de alta velocidad - Lote 3558,1216.9,197
SKU-PRD-3559,Audífonos Modelo 3559,Audífonos estéreo con micrófono y cancelación de ruido - Lote 3559,1078.69,178
SKU-PRD-3560,Smartphone Modelo 3560,Teléfono inteligente con cámara dual y gran batería - Lote 3560,11181.74,13
SKU-PRD-3561,Smartphone Modelo 3561,Teléfono inteligente con cámara dual y gran batería - Lote 3561,5415.5,162
SKU-PRD-3562,Disco Duro Modelo 3562,Unidad de almacenamiento externo de alta velocidad - Lote 3562,1438.94,111
SKU-PRD-3563,Tablet Modelo 3563,Dispositivo táctil multimedia para estudio y trabajo - Lote 3563,3996.87,93
SKU-PRD-3564,Silla Gamer Modelo 3564,Silla ergonómica ajustable con soporte lumbar - Lote 3564,2877.12,97
SKU-PRD-3565,Disco Duro Modelo 3565,Unidad de almacenamiento externo de alta velocidad - Lote 3565,1113.91,143
SKU-PRD-3566,Mouse Modelo 3566,Mouse óptico ergonómico con conexión USB - Lote 3566,517.0,37
SKU-PRD-3567,Laptop Modelo 3567,Ordenador portátil con procesador de alta velocidad y SSD - Lote 3567,8136.6,5
SKU-PRD-3568,Mouse Modelo 3568,Mouse óptico ergonómico con conexión USB - Lote 3568,875.46,26
SKU-PRD-3569,Cable HDMI Modelo 3569,Cable de alta definición mallado 4K - Lote 3569,344.85,20
SKU-PRD-3570,Silla Gamer Modelo 3570,Silla ergonómica ajustable con soporte lumbar - Lote 3570,3319.93,188
SKU-PRD-3571,Audífonos Modelo 3571,Audífonos estéreo con micrófono y cancelación de ruido - Lote 3571,1527.37,165
SKU-PRD-3572,Laptop Modelo 3572,Ordenador portátil con procesador de alta velocidad y SSD - Lote 3572,11889.04,170
SKU-PRD-3573,Laptop Modelo 3573,Ordenador portátil con procesador de alta velocidad y SSD - Lote 3573,21718.08,80
SKU-PRD-3574,Mouse Modelo 3574,Mouse óptico ergonómico con conexión USB - Lote 3574,326.6,53
SKU-PRD-3575,Smartwatch Modelo 3575,Reloj inteligente deportivo con monitor de salud - Lote 3575,1349.83,100
SKU-PRD-3576,Disco Duro Modelo 3576,Unidad de almacenamiento externo de alta velocidad - Lote 3576,3410.07,80
SKU-PRD-3577,Memoria USB Modelo 3577,Unidad flash portátil de transferencia rápida - Lote 3577,165.53,10
SKU-PRD-3578,Silla Gamer Modelo 3578,Silla ergonómica ajustable con soporte lumbar - Lote 3578,4593.55,109
SKU-PRD-3579,Disco Duro Modelo 3579,Unidad de almacenamiento externo de alta velocidad - Lote 3579,1372.33,196
SKU-PRD-3580,Mouse Modelo 3580,Mouse óptico ergonómico con conexión USB - Lote 3580,356.8,24
SKU-PRD-3581,Cable HDMI Modelo 3581,Cable de alta definición mallado 4K - Lote 3581,185.2,152
SKU-PRD-3582,Monitor Modelo 3582,Pantalla LED Full HD con puertos HDMI - Lote 3582,3487.42,158
SKU-PRD-3583,Tablet Modelo 3583,Dispositivo táctil multimedia para estudio y trabajo - Lote 3583,5643.86,119
SKU-PRD-3584,Audífonos Modelo 3584,Audífonos estéreo con micrófono y cancelación de ruido - Lote 3584,756.89,142
SKU-PRD-3585,Smartphone Modelo 3585,Teléfono inteligente con cámara dual y gran batería - Lote 3585,6887.26,37
SKU-PRD-3586,Silla Gamer Modelo 3586,Silla ergonómica ajustable con soporte lumbar - Lote 3586,3853.01,65
SKU-PRD-3587,Laptop Modelo 3587,Ordenador portátil con procesador de alta velocidad y SSD - Lote 3587,18704.89,128
SKU-PRD-3588,Tablet Modelo 3588,Dispositivo táctil multimedia para estudio y trabajo - Lote 3588,4638.73,122
SKU-PRD-3589,Regulador Modelo 3589,Protector de voltaje multicontacto para oficina - Lote 3589,487.6,109
SKU-PRD-3590,Laptop Modelo 3590,Ordenador portátil con procesador de alta velocidad y SSD - Lote 3590,14574.52,12
SKU-PRD-3591,Monitor Modelo 3591,Pantalla LED Full HD con puertos HDMI - Lote 3591,6147.08,92
SKU-PRD-3592,Mouse Modelo 3592,Mouse óptico ergonómico con conexión USB - Lote 3592,527.38,52
SKU-PRD-3593,Disco Duro Modelo 3593,Unidad de almacenamiento externo de alta velocidad - Lote 3593,2958.12,89
SKU-PRD-3594,Impresora Modelo 3594,Impresora multifuncional a color con Wi-Fi - Lote 3594,3689.65,198
SKU-PRD-3595,Smartphone Modelo 3595,Teléfono inteligente con cámara dual y gran batería - Lote 3595,4570.46,198
SKU-PRD-3596,Disco Duro Modelo 3596,Unidad de almacenamiento externo de alta velocidad - Lote 3596,2389.65,51
SKU-PRD-3597,Impresora Modelo 3597,Impresora multifuncional a color con Wi-Fi - Lote 3597,1922.87,187
SKU-PRD-3598,Bocina Bluetooth Modelo 3598,Bocina inalámbrica portátil resistente al agua - Lote 3598,694.97,91
SKU-PRD-3599,Teclado Modelo 3599,Teclado multimedia con iluminación LED - Lote 3599,381.29,105
SKU-PRD-3600,Tablet Modelo 3600,Dispositivo táctil multimedia para estudio y trabajo - Lote 3600,5973.9,127
SKU-PRD-3601,Regulador Modelo 3601,Protector de voltaje multicontacto para oficina - Lote 3601,960.35,41
SKU-PRD-3602,Silla Gamer Modelo 3602,Silla ergonómica ajustable con soporte lumbar - Lote 3602,4337.15,94
SKU-PRD-3603,Bocina Bluetooth Modelo 3603,Bocina inalámbrica portátil resistente al agua - Lote 3603,751.88,41
SKU-PRD-3604,Silla Gamer Modelo 3604,Silla ergonómica ajustable con soporte lumbar - Lote 3604,4905.06,183
SKU-PRD-3605,Tablet Modelo 3605,Dispositivo táctil multimedia para estudio y trabajo - Lote 3605,6624.23,86
SKU-PRD-3606,Disco Duro Modelo 3606,Unidad de almacenamiento externo de alta velocidad - Lote 3606,1858.21,172
SKU-PRD-3607,Audífonos Modelo 3607,Audífonos estéreo con micrófono y cancelación de ruido - Lote 3607,506.01,17
SKU-PRD-3608,Audífonos Modelo 3608,Audífonos estéreo con micrófono y cancelación de ruido - Lote 3608,1777.76,133
SKU-PRD-3609,Regulador Modelo 3609,Protector de voltaje multicontacto para oficina - Lote 3609,921.78,175
SKU-PRD-3610,Silla Gamer Modelo 3610,Silla ergonómica ajustable con soporte lumbar - Lote 3610,5235.21,57
SKU-PRD-3611,Smartphone Modelo 3611,Teléfono inteligente con cámara dual y gran batería - Lote 3611,11596.05,133
SKU-PRD-3612,Teclado Modelo 3612,Teclado multimedia con iluminación LED - Lote 3612,1380.36,80
SKU-PRD-3613,Mouse Modelo 3613,Mouse óptico ergonómico con conexión USB - Lote 3613,305.51,185
SKU-PRD-3614,Smartwatch Modelo 3614,Reloj inteligente deportivo con monitor de salud - Lote 3614,1415.72,87
SKU-PRD-3615,Cable HDMI Modelo 3615,Cable de alta definición mallado 4K - Lote 3615,145.61,60
SKU-PRD-3616,Teclado Modelo 3616,Teclado multimedia con iluminación LED - Lote 3616,1361.11,132
SKU-PRD-3617,Mouse Modelo 3617,Mouse óptico ergonómico con conexión USB - Lote 3617,669.88,24
SKU-PRD-3618,Bocina Bluetooth Modelo 3618,Bocina inalámbrica portátil resistente al agua - Lote 3618,792.97,156
SKU-PRD-3619,Disco Duro Modelo 3619,Unidad de almacenamiento externo de alta velocidad - Lote 3619,2380.2,92
SKU-PRD-3620,Cable HDMI Modelo 3620,Cable de alta definición mallado 4K - Lote 3620,305.51,39
SKU-PRD-3621,Memoria USB Modelo 3621,Unidad flash portátil de transferencia rápida - Lote 3621,246.4,94
SKU-PRD-3622,Bocina Bluetooth Modelo 3622,Bocina inalámbrica portátil resistente al agua - Lote 3622,1841.03,20
SKU-PRD-3623,Memoria USB Modelo 3623,Unidad flash portátil de transferencia rápida - Lote 3623,306.7,173
SKU-PRD-3624,Smartwatch Modelo 3624,Reloj inteligente deportivo con monitor de salud - Lote 3624,2482.96,98
SKU-PRD-3625,Disco Duro Modelo 3625,Unidad de almacenamiento externo de alta velocidad - Lote 3625,970.66,182
SKU-PRD-3626,Smartphone Modelo 3626,Teléfono inteligente con cámara dual y gran batería - Lote 3626,3781.86,98
SKU-PRD-3627,Mouse Modelo 3627,Mouse óptico ergonómico con conexión USB - Lote 3627,570.75,75
SKU-PRD-3628,Audífonos Modelo 3628,Audífonos estéreo con micrófono y cancelación de ruido - Lote 3628,1132.21,162
SKU-PRD-3629,Silla Gamer Modelo 3629,Silla ergonómica ajustable con soporte lumbar - Lote 3629,5574.77,121
SKU-PRD-3630,Disco Duro Modelo 3630,Unidad de almacenamiento externo de alta velocidad - Lote 3630,2638.32,34
SKU-PRD-3631,Disco Duro Modelo 3631,Unidad de almacenamiento externo de alta velocidad - Lote 3631,2423.42,139
SKU-PRD-3632,Smartwatch Modelo 3632,Reloj inteligente deportivo con monitor de salud - Lote 3632,999.61,76
SKU-PRD-3633,Audífonos Modelo 3633,Audífonos estéreo con micrófono y cancelación de ruido - Lote 3633,424.83,19
SKU-PRD-3634,Smartwatch Modelo 3634,Reloj inteligente deportivo con monitor de salud - Lote 3634,859.42,57
SKU-PRD-3635,Monitor Modelo 3635,Pantalla LED Full HD con puertos HDMI - Lote 3635,4817.74,187
SKU-PRD-3636,Laptop Modelo 3636,Ordenador portátil con procesador de alta velocidad y SSD - Lote 3636,23925.29,126
SKU-PRD-3637,Audífonos Modelo 3637,Audífonos estéreo con micrófono y cancelación de ruido - Lote 3637,500.41,158
SKU-PRD-3638,Laptop Modelo 3638,Ordenador portátil con procesador de alta velocidad y SSD - Lote 3638,8927.03,197
SKU-PRD-3639,Laptop Modelo 3639,Ordenador portátil con procesador de alta velocidad y SSD - Lote 3639,20617.46,132
SKU-PRD-3640,Bocina Bluetooth Modelo 3640,Bocina inalámbrica portátil resistente al agua - Lote 3640,1031.82,87
SKU-PRD-3641,Smartwatch Modelo 3641,Reloj inteligente deportivo con monitor de salud - Lote 3641,590.71,49
SKU-PRD-3642,Audífonos Modelo 3642,Audífonos estéreo con micrófono y cancelación de ruido - Lote 3642,1079.95,56
SKU-PRD-3643,Laptop Modelo 3643,Ordenador portátil con procesador de alta velocidad y SSD - Lote 3643,17416.89,130
SKU-PRD-3644,Impresora Modelo 3644,Impresora multifuncional a color con Wi-Fi - Lote 3644,2756.61,82
SKU-PRD-3645,Monitor Modelo 3645,Pantalla LED Full HD con puertos HDMI - Lote 3645,6033.97,17
SKU-PRD-3646,Teclado Modelo 3646,Teclado multimedia con iluminación LED - Lote 3646,623.27,109
SKU-PRD-3647,Teclado Modelo 3647,Teclado multimedia con iluminación LED - Lote 3647,965.46,121
SKU-PRD-3648,Regulador Modelo 3648,Protector de voltaje multicontacto para oficina - Lote 3648,842.88,41
SKU-PRD-3649,Bocina Bluetooth Modelo 3649,Bocina inalámbrica portátil resistente al agua - Lote 3649,667.21,146
SKU-PRD-3650,Mouse Modelo 3650,Mouse óptico ergonómico con conexión USB - Lote 3650,439.43,95
SKU-PRD-3651,Mouse Modelo 3651,Mouse óptico ergonómico con conexión USB - Lote 3651,765.94,126
SKU-PRD-3652,Disco Duro Modelo 3652,Unidad de almacenamiento externo de alta velocidad - Lote 3652,1843.5,197
SKU-PRD-3653,Disco Duro Modelo 3653,Unidad de almacenamiento externo de alta velocidad - Lote 3653,1037.54,164
SKU-PRD-3654,Smartwatch Modelo 3654,Reloj inteligente deportivo con monitor de salud - Lote 3654,901.59,97
SKU-PRD-3655,Memoria USB Modelo 3655,Unidad flash portátil de transferencia rápida - Lote 3655,550.33,105
SKU-PRD-3656,Impresora Modelo 3656,Impresora multifuncional a color con Wi-Fi - Lote 3656,4155.12,58
SKU-PRD-3657,Silla Gamer Modelo 3657,Silla ergonómica ajustable con soporte lumbar - Lote 3657,4680.05,126
SKU-PRD-3658,Tablet Modelo 3658,Dispositivo táctil multimedia para estudio y trabajo - Lote 3658,4078.12,7
SKU-PRD-3659,Smartphone Modelo 3659,Teléfono inteligente con cámara dual y gran batería - Lote 3659,7577.59,62
SKU-PRD-3660,Disco Duro Modelo 3660,Unidad de almacenamiento externo de alta velocidad - Lote 3660,2926.61,7
SKU-PRD-3661,Disco Duro Modelo 3661,Unidad de almacenamiento externo de alta velocidad - Lote 3661,1811.27,186
SKU-PRD-3662,Smartphone Modelo 3662,Teléfono inteligente con cámara dual y gran batería - Lote 3662,3824.89,145
SKU-PRD-3663,Silla Gamer Modelo 3663,Silla ergonómica ajustable con soporte lumbar - Lote 3663,3895.56,58
SKU-PRD-3664,Disco Duro Modelo 3664,Unidad de almacenamiento externo de alta velocidad - Lote 3664,925.51,190
SKU-PRD-3665,Smartphone Modelo 3665,Teléfono inteligente con cámara dual y gran batería - Lote 3665,10230.5,8
SKU-PRD-3666,Impresora Modelo 3666,Impresora multifuncional a color con Wi-Fi - Lote 3666,2139.91,139
SKU-PRD-3667,Bocina Bluetooth Modelo 3667,Bocina inalámbrica portátil resistente al agua - Lote 3667,1253.61,198
SKU-PRD-3668,Teclado Modelo 3668,Teclado multimedia con iluminación LED - Lote 3668,748.27,55
SKU-PRD-3669,Smartphone Modelo 3669,Teléfono inteligente con cámara dual y gran batería - Lote 3669,6552.08,95
SKU-PRD-3670,Silla Gamer Modelo 3670,Silla ergonómica ajustable con soporte lumbar - Lote 3670,3405.43,157
SKU-PRD-3671,Monitor Modelo 3671,Pantalla LED Full HD con puertos HDMI - Lote 3671,5708.11,79
SKU-PRD-3672,Laptop Modelo 3672,Ordenador portátil con procesador de alta velocidad y SSD - Lote 3672,13076.62,124
SKU-PRD-3673,Audífonos Modelo 3673,Audífonos estéreo con micrófono y cancelación de ruido - Lote 3673,822.8,69
SKU-PRD-3674,Monitor Modelo 3674,Pantalla LED Full HD con puertos HDMI - Lote 3674,5962.89,80
SKU-PRD-3675,Cable HDMI Modelo 3675,Cable de alta definición mallado 4K - Lote 3675,106.49,44
SKU-PRD-3676,Bocina Bluetooth Modelo 3676,Bocina inalámbrica portátil resistente al agua - Lote 3676,590.52,127
SKU-PRD-3677,Smartphone Modelo 3677,Teléfono inteligente con cámara dual y gran batería - Lote 3677,5546.16,74
SKU-PRD-3678,Laptop Modelo 3678,Ordenador portátil con procesador de alta velocidad y SSD - Lote 3678,8111.3,163
SKU-PRD-3679,Smartwatch Modelo 3679,Reloj inteligente deportivo con monitor de salud - Lote 3679,522.53,62
SKU-PRD-3680,Smartphone Modelo 3680,Teléfono inteligente con cámara dual y gran batería - Lote 3680,7239.89,92
SKU-PRD-3681,Teclado Modelo 3681,Teclado multimedia con iluminación LED - Lote 3681,422.97,127
SKU-PRD-3682,Impresora Modelo 3682,Impresora multifuncional a color con Wi-Fi - Lote 3682,3288.88,20
SKU-PRD-3683,Regulador Modelo 3683,Protector de voltaje multicontacto para oficina - Lote 3683,822.81,88
SKU-PRD-3684,Audífonos Modelo 3684,Audífonos estéreo con micrófono y cancelación de ruido - Lote 3684,1683.61,56
SKU-PRD-3685,Impresora Modelo 3685,Impresora multifuncional a color con Wi-Fi - Lote 3685,3044.41,155
SKU-PRD-3686,Audífonos Modelo 3686,Audífonos estéreo con micrófono y cancelación de ruido - Lote 3686,1468.2,142
SKU-PRD-3687,Monitor Modelo 3687,Pantalla LED Full HD con puertos HDMI - Lote 3687,4585.94,147
SKU-PRD-3688,Tablet Modelo 3688,Dispositivo táctil multimedia para estudio y trabajo - Lote 3688,6710.31,138
SKU-PRD-3689,Audífonos Modelo 3689,Audífonos estéreo con micrófono y cancelación de ruido - Lote 3689,1671.96,148
SKU-PRD-3690,Tablet Modelo 3690,Dispositivo táctil multimedia para estudio y trabajo - Lote 3690,6056.05,21
SKU-PRD-3691,Tablet Modelo 3691,Dispositivo táctil multimedia para estudio y trabajo - Lote 3691,3841.39,150
SKU-PRD-3692,Teclado Modelo 3692,Teclado multimedia con iluminación LED - Lote 3692,798.25,35
SKU-PRD-3693,Impresora Modelo 3693,Impresora multifuncional a color con Wi-Fi - Lote 3693,3539.76,95
SKU-PRD-3694,Audífonos Modelo 3694,Audífonos estéreo con micrófono y cancelación de ruido - Lote 3694,748.64,154
SKU-PRD-3695,Laptop Modelo 3695,Ordenador portátil con procesador de alta velocidad y SSD - Lote 3695,13671.09,192
SKU-PRD-3696,Bocina Bluetooth Modelo 3696,Bocina inalámbrica portátil resistente al agua - Lote 3696,1669.24,96
SKU-PRD-3697,Tablet Modelo 3697,Dispositivo táctil multimedia para estudio y trabajo - Lote 3697,4938.29,6
SKU-PRD-3698,Disco Duro Modelo 3698,Unidad de almacenamiento externo de alta velocidad - Lote 3698,1330.41,21
SKU-PRD-3699,Memoria USB Modelo 3699,Unidad flash portátil de transferencia rápida - Lote 3699,321.9,88
SKU-PRD-3700,Monitor Modelo 3700,Pantalla LED Full HD con puertos HDMI - Lote 3700,2950.62,91
SKU-PRD-3701,Smartphone Modelo 3701,Teléfono inteligente con cámara dual y gran batería - Lote 3701,7520.53,28
SKU-PRD-3702,Tablet Modelo 3702,Dispositivo táctil multimedia para estudio y trabajo - Lote 3702,4094.7,78
SKU-PRD-3703,Impresora Modelo 3703,Impresora multifuncional a color con Wi-Fi - Lote 3703,2100.52,108
SKU-PRD-3704,Teclado Modelo 3704,Teclado multimedia con iluminación LED - Lote 3704,364.8,38
SKU-PRD-3705,Disco Duro Modelo 3705,Unidad de almacenamiento externo de alta velocidad - Lote 3705,2896.09,113
SKU-PRD-3706,Monitor Modelo 3706,Pantalla LED Full HD con puertos HDMI - Lote 3706,3096.03,140
SKU-PRD-3707,Smartphone Modelo 3707,Teléfono inteligente con cámara dual y gran batería - Lote 3707,8591.79,38
SKU-PRD-3708,Tablet Modelo 3708,Dispositivo táctil multimedia para estudio y trabajo - Lote 3708,2564.62,72
SKU-PRD-3709,Bocina Bluetooth Modelo 3709,Bocina inalámbrica portátil resistente al agua - Lote 3709,448.95,85
SKU-PRD-3710,Smartwatch Modelo 3710,Reloj inteligente deportivo con monitor de salud - Lote 3710,1803.49,154
SKU-PRD-3711,Bocina Bluetooth Modelo 3711,Bocina inalámbrica portátil resistente al agua - Lote 3711,915.68,144
SKU-PRD-3712,Smartwatch Modelo 3712,Reloj inteligente deportivo con monitor de salud - Lote 3712,1525.63,146
SKU-PRD-3713,Regulador Modelo 3713,Protector de voltaje multicontacto para oficina - Lote 3713,504.96,86
SKU-PRD-3714,Monitor Modelo 3714,Pantalla LED Full HD con puertos HDMI - Lote 3714,5284.79,107
SKU-PRD-3715,Silla Gamer Modelo 3715,Silla ergonómica ajustable con soporte lumbar - Lote 3715,3969.66,76
SKU-PRD-3716,Impresora Modelo 3716,Impresora multifuncional a color con Wi-Fi - Lote 3716,2348.07,56
SKU-PRD-3717,Laptop Modelo 3717,Ordenador portátil con procesador de alta velocidad y SSD - Lote 3717,10729.27,10
SKU-PRD-3718,Teclado Modelo 3718,Teclado multimedia con iluminación LED - Lote 3718,1001.26,133
SKU-PRD-3719,Tablet Modelo 3719,Dispositivo táctil multimedia para estudio y trabajo - Lote 3719,6514.3,131
SKU-PRD-3720,Tablet Modelo 3720,Dispositivo táctil multimedia para estudio y trabajo - Lote 3720,6027.47,72
SKU-PRD-3721,Smartphone Modelo 3721,Teléfono inteligente con cámara dual y gran batería - Lote 3721,5908.84,86
SKU-PRD-3722,Cable HDMI Modelo 3722,Cable de alta definición mallado 4K - Lote 3722,274.03,200
SKU-PRD-3723,Cable HDMI Modelo 3723,Cable de alta definición mallado 4K - Lote 3723,325.46,110
SKU-PRD-3724,Tablet Modelo 3724,Dispositivo táctil multimedia para estudio y trabajo - Lote 3724,4219.72,126
SKU-PRD-3725,Smartphone Modelo 3725,Teléfono inteligente con cámara dual y gran batería - Lote 3725,10218.37,34
SKU-PRD-3726,Bocina Bluetooth Modelo 3726,Bocina inalámbrica portátil resistente al agua - Lote 3726,1340.94,192
SKU-PRD-3727,Silla Gamer Modelo 3727,Silla ergonómica ajustable con soporte lumbar - Lote 3727,3838.18,121
SKU-PRD-3728,Disco Duro Modelo 3728,Unidad de almacenamiento externo de alta velocidad - Lote 3728,1085.88,48
SKU-PRD-3729,Laptop Modelo 3729,Ordenador portátil con procesador de alta velocidad y SSD - Lote 3729,19138.6,170
SKU-PRD-3730,Mouse Modelo 3730,Mouse óptico ergonómico con conexión USB - Lote 3730,686.51,195
SKU-PRD-3731,Impresora Modelo 3731,Impresora multifuncional a color con Wi-Fi - Lote 3731,1944.75,196
SKU-PRD-3732,Smartphone Modelo 3732,Teléfono inteligente con cámara dual y gran batería - Lote 3732,5053.13,39
SKU-PRD-3733,Teclado Modelo 3733,Teclado multimedia con iluminación LED - Lote 3733,1269.78,142
SKU-PRD-3734,Impresora Modelo 3734,Impresora multifuncional a color con Wi-Fi - Lote 3734,2155.31,11
SKU-PRD-3735,Silla Gamer Modelo 3735,Silla ergonómica ajustable con soporte lumbar - Lote 3735,5456.97,67
SKU-PRD-3736,Laptop Modelo 3736,Ordenador portátil con procesador de alta velocidad y SSD - Lote 3736,18401.91,138
SKU-PRD-3737,Mouse Modelo 3737,Mouse óptico ergonómico con conexión USB - Lote 3737,479.37,104
SKU-PRD-3738,Mouse Modelo 3738,Mouse óptico ergonómico con conexión USB - Lote 3738,717.2,73
SKU-PRD-3739,Regulador Modelo 3739,Protector de voltaje multicontacto para oficina - Lote 3739,802.56,49
SKU-PRD-3740,Audífonos Modelo 3740,Audífonos estéreo con micrófono y cancelación de ruido - Lote 3740,1636.13,8
SKU-PRD-3741,Disco Duro Modelo 3741,Unidad de almacenamiento externo de alta velocidad - Lote 3741,2574.04,192
SKU-PRD-3742,Silla Gamer Modelo 3742,Silla ergonómica ajustable con soporte lumbar - Lote 3742,4674.02,58
SKU-PRD-3743,Impresora Modelo 3743,Impresora multifuncional a color con Wi-Fi - Lote 3743,2897.86,180
SKU-PRD-3744,Cable HDMI Modelo 3744,Cable de alta definición mallado 4K - Lote 3744,218.51,116
SKU-PRD-3745,Disco Duro Modelo 3745,Unidad de almacenamiento externo de alta velocidad - Lote 3745,3259.23,92
SKU-PRD-3746,Smartwatch Modelo 3746,Reloj inteligente deportivo con monitor de salud - Lote 3746,2090.65,104
SKU-PRD-3747,Mouse Modelo 3747,Mouse óptico ergonómico con conexión USB - Lote 3747,853.19,39
SKU-PRD-3748,Teclado Modelo 3748,Teclado multimedia con iluminación LED - Lote 3748,817.84,76
SKU-PRD-3749,Bocina Bluetooth Modelo 3749,Bocina inalámbrica portátil resistente al agua - Lote 3749,1390.97,132
SKU-PRD-3750,Impresora Modelo 3750,Impresora multifuncional a color con Wi-Fi - Lote 3750,1981.36,54
SKU-PRD-3751,Teclado Modelo 3751,Teclado multimedia con iluminación LED - Lote 3751,868.28,17
SKU-PRD-3752,Smartwatch Modelo 3752,Reloj inteligente deportivo con monitor de salud - Lote 3752,2159.31,95
SKU-PRD-3753,Laptop Modelo 3753,Ordenador portátil con procesador de alta velocidad y SSD - Lote 3753,17861.98,142
SKU-PRD-3754,Disco Duro Modelo 3754,Unidad de almacenamiento externo de alta velocidad - Lote 3754,3328.72,70
SKU-PRD-3755,Tablet Modelo 3755,Dispositivo táctil multimedia para estudio y trabajo - Lote 3755,6608.75,43
SKU-PRD-3756,Tablet Modelo 3756,Dispositivo táctil multimedia para estudio y trabajo - Lote 3756,2352.02,14
SKU-PRD-3757,Audífonos Modelo 3757,Audífonos estéreo con micrófono y cancelación de ruido - Lote 3757,1765.97,58
SKU-PRD-3758,Smartwatch Modelo 3758,Reloj inteligente deportivo con monitor de salud - Lote 3758,1314.54,30
SKU-PRD-3759,Cable HDMI Modelo 3759,Cable de alta definición mallado 4K - Lote 3759,218.54,5
SKU-PRD-3760,Impresora Modelo 3760,Impresora multifuncional a color con Wi-Fi - Lote 3760,2262.24,190
SKU-PRD-3761,Monitor Modelo 3761,Pantalla LED Full HD con puertos HDMI - Lote 3761,4437.64,141
SKU-PRD-3762,Impresora Modelo 3762,Impresora multifuncional a color con Wi-Fi - Lote 3762,3872.36,142
SKU-PRD-3763,Impresora Modelo 3763,Impresora multifuncional a color con Wi-Fi - Lote 3763,4015.38,24
SKU-PRD-3764,Memoria USB Modelo 3764,Unidad flash portátil de transferencia rápida - Lote 3764,103.22,171
SKU-PRD-3765,Silla Gamer Modelo 3765,Silla ergonómica ajustable con soporte lumbar - Lote 3765,2643.58,82
SKU-PRD-3766,Teclado Modelo 3766,Teclado multimedia con iluminación LED - Lote 3766,499.73,122
SKU-PRD-3767,Smartphone Modelo 3767,Teléfono inteligente con cámara dual y gran batería - Lote 3767,3992.96,33
SKU-PRD-3768,Bocina Bluetooth Modelo 3768,Bocina inalámbrica portátil resistente al agua - Lote 3768,701.41,179
SKU-PRD-3769,Mouse Modelo 3769,Mouse óptico ergonómico con conexión USB - Lote 3769,585.96,146
SKU-PRD-3770,Bocina Bluetooth Modelo 3770,Bocina inalámbrica portátil resistente al agua - Lote 3770,1382.59,191
SKU-PRD-3771,Disco Duro Modelo 3771,Unidad de almacenamiento externo de alta velocidad - Lote 3771,2131.38,65
SKU-PRD-3772,Impresora Modelo 3772,Impresora multifuncional a color con Wi-Fi - Lote 3772,3451.7,169
SKU-PRD-3773,Smartphone Modelo 3773,Teléfono inteligente con cámara dual y gran batería - Lote 3773,9016.34,110
SKU-PRD-3774,Silla Gamer Modelo 3774,Silla ergonómica ajustable con soporte lumbar - Lote 3774,4891.12,132
SKU-PRD-3775,Smartphone Modelo 3775,Teléfono inteligente con cámara dual y gran batería - Lote 3775,8194.6,186
SKU-PRD-3776,Impresora Modelo 3776,Impresora multifuncional a color con Wi-Fi - Lote 3776,3593.56,128
SKU-PRD-3777,Laptop Modelo 3777,Ordenador portátil con procesador de alta velocidad y SSD - Lote 3777,24833.43,55
SKU-PRD-3778,Disco Duro Modelo 3778,Unidad de almacenamiento externo de alta velocidad - Lote 3778,1221.56,126
SKU-PRD-3779,Audífonos Modelo 3779,Audífonos estéreo con micrófono y cancelación de ruido - Lote 3779,372.68,120
SKU-PRD-3780,Impresora Modelo 3780,Impresora multifuncional a color con Wi-Fi - Lote 3780,3116.95,103
SKU-PRD-3781,Laptop Modelo 3781,Ordenador portátil con procesador de alta velocidad y SSD - Lote 3781,8633.7,184
SKU-PRD-3782,Disco Duro Modelo 3782,Unidad de almacenamiento externo de alta velocidad - Lote 3782,1347.02,16
SKU-PRD-3783,Impresora Modelo 3783,Impresora multifuncional a color con Wi-Fi - Lote 3783,3394.32,148
SKU-PRD-3784,Smartphone Modelo 3784,Teléfono inteligente con cámara dual y gran batería - Lote 3784,11431.39,188
SKU-PRD-3785,Smartphone Modelo 3785,Teléfono inteligente con cámara dual y gran batería - Lote 3785,8251.18,119
SKU-PRD-3786,Tablet Modelo 3786,Dispositivo táctil multimedia para estudio y trabajo - Lote 3786,4424.18,108
SKU-PRD-3787,Bocina Bluetooth Modelo 3787,Bocina inalámbrica portátil resistente al agua - Lote 3787,1932.44,27
SKU-PRD-3788,Smartwatch Modelo 3788,Reloj inteligente deportivo con monitor de salud - Lote 3788,1172.48,73
SKU-PRD-3789,Silla Gamer Modelo 3789,Silla ergonómica ajustable con soporte lumbar - Lote 3789,4893.07,86
SKU-PRD-3790,Impresora Modelo 3790,Impresora multifuncional a color con Wi-Fi - Lote 3790,2281.65,173
SKU-PRD-3791,Regulador Modelo 3791,Protector de voltaje multicontacto para oficina - Lote 3791,889.06,70
SKU-PRD-3792,Regulador Modelo 3792,Protector de voltaje multicontacto para oficina - Lote 3792,884.25,195
SKU-PRD-3793,Memoria USB Modelo 3793,Unidad flash portátil de transferencia rápida - Lote 3793,146.89,118
SKU-PRD-3794,Laptop Modelo 3794,Ordenador portátil con procesador de alta velocidad y SSD - Lote 3794,20282.42,25
SKU-PRD-3795,Impresora Modelo 3795,Impresora multifuncional a color con Wi-Fi - Lote 3795,3460.24,130
SKU-PRD-3796,Silla Gamer Modelo 3796,Silla ergonómica ajustable con soporte lumbar - Lote 3796,3162.98,78
SKU-PRD-3797,Mouse Modelo 3797,Mouse óptico ergonómico con conexión USB - Lote 3797,518.35,143
SKU-PRD-3798,Cable HDMI Modelo 3798,Cable de alta definición mallado 4K - Lote 3798,106.58,85
SKU-PRD-3799,Disco Duro Modelo 3799,Unidad de almacenamiento externo de alta velocidad - Lote 3799,3494.3,26
SKU-PRD-3800,Disco Duro Modelo 3800,Unidad de almacenamiento externo de alta velocidad - Lote 3800,2871.65,101
SKU-PRD-3801,Smartwatch Modelo 3801,Reloj inteligente deportivo con monitor de salud - Lote 3801,1993.24,9
SKU-PRD-3802,Memoria USB Modelo 3802,Unidad flash portátil de transferencia rápida - Lote 3802,167.6,134
SKU-PRD-3803,Bocina Bluetooth Modelo 3803,Bocina inalámbrica portátil resistente al agua - Lote 3803,1532.27,133
SKU-PRD-3804,Monitor Modelo 3804,Pantalla LED Full HD con puertos HDMI - Lote 3804,5047.86,44
SKU-PRD-3805,Impresora Modelo 3805,Impresora multifuncional a color con Wi-Fi - Lote 3805,4183.64,133
SKU-PRD-3806,Smartphone Modelo 3806,Teléfono inteligente con cámara dual y gran batería - Lote 3806,4667.99,77
SKU-PRD-3807,Regulador Modelo 3807,Protector de voltaje multicontacto para oficina - Lote 3807,410.24,129
SKU-PRD-3808,Regulador Modelo 3808,Protector de voltaje multicontacto para oficina - Lote 3808,864.1,98
SKU-PRD-3809,Audífonos Modelo 3809,Audífonos estéreo con micrófono y cancelación de ruido - Lote 3809,702.71,54
SKU-PRD-3810,Regulador Modelo 3810,Protector de voltaje multicontacto para oficina - Lote 3810,678.34,22
SKU-PRD-3811,Teclado Modelo 3811,Teclado multimedia con iluminación LED - Lote 3811,1256.14,192
SKU-PRD-3812,Mouse Modelo 3812,Mouse óptico ergonómico con conexión USB - Lote 3812,460.86,52
SKU-PRD-3813,Silla Gamer Modelo 3813,Silla ergonómica ajustable con soporte lumbar - Lote 3813,5362.63,89
SKU-PRD-3814,Smartwatch Modelo 3814,Reloj inteligente deportivo con monitor de salud - Lote 3814,1255.87,166
SKU-PRD-3815,Audífonos Modelo 3815,Audífonos estéreo con micrófono y cancelación de ruido - Lote 3815,1465.76,136
SKU-PRD-3816,Cable HDMI Modelo 3816,Cable de alta definición mallado 4K - Lote 3816,338.52,137
SKU-PRD-3817,Monitor Modelo 3817,Pantalla LED Full HD con puertos HDMI - Lote 3817,6476.79,106
SKU-PRD-3818,Regulador Modelo 3818,Protector de voltaje multicontacto para oficina - Lote 3818,402.42,40
SKU-PRD-3819,Silla Gamer Modelo 3819,Silla ergonómica ajustable con soporte lumbar - Lote 3819,3914.83,155
SKU-PRD-3820,Smartwatch Modelo 3820,Reloj inteligente deportivo con monitor de salud - Lote 3820,1344.16,197
SKU-PRD-3821,Audífonos Modelo 3821,Audífonos estéreo con micrófono y cancelación de ruido - Lote 3821,1430.14,106
SKU-PRD-3822,Regulador Modelo 3822,Protector de voltaje multicontacto para oficina - Lote 3822,511.37,40
SKU-PRD-3823,Smartphone Modelo 3823,Teléfono inteligente con cámara dual y gran batería - Lote 3823,11396.54,151
SKU-PRD-3824,Tablet Modelo 3824,Dispositivo táctil multimedia para estudio y trabajo - Lote 3824,5086.33,24
SKU-PRD-3825,Tablet Modelo 3825,Dispositivo táctil multimedia para estudio y trabajo - Lote 3825,4677.31,51
SKU-PRD-3826,Cable HDMI Modelo 3826,Cable de alta definición mallado 4K - Lote 3826,100.38,162
SKU-PRD-3827,Memoria USB Modelo 3827,Unidad flash portátil de transferencia rápida - Lote 3827,386.26,154
SKU-PRD-3828,Smartwatch Modelo 3828,Reloj inteligente deportivo con monitor de salud - Lote 3828,1737.0,153
SKU-PRD-3829,Regulador Modelo 3829,Protector de voltaje multicontacto para oficina - Lote 3829,1095.09,50
SKU-PRD-3830,Disco Duro Modelo 3830,Unidad de almacenamiento externo de alta velocidad - Lote 3830,2816.08,45
SKU-PRD-3831,Bocina Bluetooth Modelo 3831,Bocina inalámbrica portátil resistente al agua - Lote 3831,863.13,12
SKU-PRD-3832,Mouse Modelo 3832,Mouse óptico ergonómico con conexión USB - Lote 3832,569.59,152
SKU-PRD-3833,Teclado Modelo 3833,Teclado multimedia con iluminación LED - Lote 3833,804.98,8
SKU-PRD-3834,Bocina Bluetooth Modelo 3834,Bocina inalámbrica portátil resistente al agua - Lote 3834,1557.9,163
SKU-PRD-3835,Regulador Modelo 3835,Protector de voltaje multicontacto para oficina - Lote 3835,795.31,31
SKU-PRD-3836,Impresora Modelo 3836,Impresora multifuncional a color con Wi-Fi - Lote 3836,3417.32,47
SKU-PRD-3837,Bocina Bluetooth Modelo 3837,Bocina inalámbrica portátil resistente al agua - Lote 3837,610.65,48
SKU-PRD-3838,Smartphone Modelo 3838,Teléfono inteligente con cámara dual y gran batería - Lote 3838,3784.44,7
SKU-PRD-3839,Smartphone Modelo 3839,Teléfono inteligente con cámara dual y gran batería - Lote 3839,7612.95,199
SKU-PRD-3840,Laptop Modelo 3840,Ordenador portátil con procesador de alta velocidad y SSD - Lote 3840,12013.06,137
SKU-PRD-3841,Laptop Modelo 3841,Ordenador portátil con procesador de alta velocidad y SSD - Lote 3841,20653.34,13
SKU-PRD-3842,Teclado Modelo 3842,Teclado multimedia con iluminación LED - Lote 3842,996.4,80
SKU-PRD-3843,Laptop Modelo 3843,Ordenador portátil con procesador de alta velocidad y SSD - Lote 3843,10749.68,81
SKU-PRD-3844,Tablet Modelo 3844,Dispositivo táctil multimedia para estudio y trabajo - Lote 3844,5635.35,115
SKU-PRD-3845,Smartphone Modelo 3845,Teléfono inteligente con cámara dual y gran batería - Lote 3845,4452.78,158
SKU-PRD-3846,Tablet Modelo 3846,Dispositivo táctil multimedia para estudio y trabajo - Lote 3846,6684.29,114
SKU-PRD-3847,Smartwatch Modelo 3847,Reloj inteligente deportivo con monitor de salud - Lote 3847,1159.24,69
SKU-PRD-3848,Disco Duro Modelo 3848,Unidad de almacenamiento externo de alta velocidad - Lote 3848,1701.52,93
SKU-PRD-3849,Laptop Modelo 3849,Ordenador portátil con procesador de alta velocidad y SSD - Lote 3849,16180.01,149
SKU-PRD-3850,Cable HDMI Modelo 3850,Cable de alta definición mallado 4K - Lote 3850,227.62,116
SKU-PRD-3851,Smartwatch Modelo 3851,Reloj inteligente deportivo con monitor de salud - Lote 3851,2103.97,90
SKU-PRD-3852,Tablet Modelo 3852,Dispositivo táctil multimedia para estudio y trabajo - Lote 3852,2541.7,147
SKU-PRD-3853,Regulador Modelo 3853,Protector de voltaje multicontacto para oficina - Lote 3853,1103.89,135
SKU-PRD-3854,Smartphone Modelo 3854,Teléfono inteligente con cámara dual y gran batería - Lote 3854,9613.73,153
SKU-PRD-3855,Memoria USB Modelo 3855,Unidad flash portátil de transferencia rápida - Lote 3855,393.54,153
SKU-PRD-3856,Audífonos Modelo 3856,Audífonos estéreo con micrófono y cancelación de ruido - Lote 3856,1704.6,139
SKU-PRD-3857,Cable HDMI Modelo 3857,Cable de alta definición mallado 4K - Lote 3857,250.74,145
SKU-PRD-3858,Audífonos Modelo 3858,Audífonos estéreo con micrófono y cancelación de ruido - Lote 3858,774.49,30
SKU-PRD-3859,Mouse Modelo 3859,Mouse óptico ergonómico con conexión USB - Lote 3859,797.66,43
SKU-PRD-3860,Smartwatch Modelo 3860,Reloj inteligente deportivo con monitor de salud - Lote 3860,2283.54,125
SKU-PRD-3861,Silla Gamer Modelo 3861,Silla ergonómica ajustable con soporte lumbar - Lote 3861,5660.12,152
SKU-PRD-3862,Disco Duro Modelo 3862,Unidad de almacenamiento externo de alta velocidad - Lote 3862,1031.63,73
SKU-PRD-3863,Monitor Modelo 3863,Pantalla LED Full HD con puertos HDMI - Lote 3863,2408.26,159
SKU-PRD-3864,Cable HDMI Modelo 3864,Cable de alta definición mallado 4K - Lote 3864,123.26,132
SKU-PRD-3865,Tablet Modelo 3865,Dispositivo táctil multimedia para estudio y trabajo - Lote 3865,5842.56,182
SKU-PRD-3866,Tablet Modelo 3866,Dispositivo táctil multimedia para estudio y trabajo - Lote 3866,3875.76,58
SKU-PRD-3867,Smartwatch Modelo 3867,Reloj inteligente deportivo con monitor de salud - Lote 3867,1555.19,146
SKU-PRD-3868,Smartphone Modelo 3868,Teléfono inteligente con cámara dual y gran batería - Lote 3868,5217.0,40
SKU-PRD-3869,Laptop Modelo 3869,Ordenador portátil con procesador de alta velocidad y SSD - Lote 3869,9632.21,150
SKU-PRD-3870,Impresora Modelo 3870,Impresora multifuncional a color con Wi-Fi - Lote 3870,2384.61,31
SKU-PRD-3871,Audífonos Modelo 3871,Audífonos estéreo con micrófono y cancelación de ruido - Lote 3871,1116.34,136
SKU-PRD-3872,Laptop Modelo 3872,Ordenador portátil con procesador de alta velocidad y SSD - Lote 3872,21909.07,99
SKU-PRD-3873,Teclado Modelo 3873,Teclado multimedia con iluminación LED - Lote 3873,1297.1,26
SKU-PRD-3874,Bocina Bluetooth Modelo 3874,Bocina inalámbrica portátil resistente al agua - Lote 3874,1477.88,195
SKU-PRD-3875,Impresora Modelo 3875,Impresora multifuncional a color con Wi-Fi - Lote 3875,4277.22,122
SKU-PRD-3876,Audífonos Modelo 3876,Audífonos estéreo con micrófono y cancelación de ruido - Lote 3876,495.08,103
SKU-PRD-3877,Disco Duro Modelo 3877,Unidad de almacenamiento externo de alta velocidad - Lote 3877,3168.68,153
SKU-PRD-3878,Laptop Modelo 3878,Ordenador portátil con procesador de alta velocidad y SSD - Lote 3878,9346.05,65
SKU-PRD-3879,Disco Duro Modelo 3879,Unidad de almacenamiento externo de alta velocidad - Lote 3879,3156.76,125
SKU-PRD-3880,Laptop Modelo 3880,Ordenador portátil con procesador de alta velocidad y SSD - Lote 3880,19716.47,57
SKU-PRD-3881,Smartphone Modelo 3881,Teléfono inteligente con cámara dual y gran batería - Lote 3881,9430.92,89
SKU-PRD-3882,Silla Gamer Modelo 3882,Silla ergonómica ajustable con soporte lumbar - Lote 3882,4315.06,9
SKU-PRD-3883,Bocina Bluetooth Modelo 3883,Bocina inalámbrica portátil resistente al agua - Lote 3883,1416.52,118
SKU-PRD-3884,Bocina Bluetooth Modelo 3884,Bocina inalámbrica portátil resistente al agua - Lote 3884,706.28,59
SKU-PRD-3885,Memoria USB Modelo 3885,Unidad flash portátil de transferencia rápida - Lote 3885,596.4,116
SKU-PRD-3886,Monitor Modelo 3886,Pantalla LED Full HD con puertos HDMI - Lote 3886,5422.09,11
SKU-PRD-3887,Smartphone Modelo 3887,Teléfono inteligente con cámara dual y gran batería - Lote 3887,7967.64,109
SKU-PRD-3888,Cable HDMI Modelo 3888,Cable de alta definición mallado 4K - Lote 3888,320.85,193
SKU-PRD-3889,Teclado Modelo 3889,Teclado multimedia con iluminación LED - Lote 3889,584.79,175
SKU-PRD-3890,Cable HDMI Modelo 3890,Cable de alta definición mallado 4K - Lote 3890,231.07,107
SKU-PRD-3891,Tablet Modelo 3891,Dispositivo táctil multimedia para estudio y trabajo - Lote 3891,4391.15,86
SKU-PRD-3892,Teclado Modelo 3892,Teclado multimedia con iluminación LED - Lote 3892,868.37,13
SKU-PRD-3893,Impresora Modelo 3893,Impresora multifuncional a color con Wi-Fi - Lote 3893,2262.18,191
SKU-PRD-3894,Tablet Modelo 3894,Dispositivo táctil multimedia para estudio y trabajo - Lote 3894,4574.42,191
SKU-PRD-3895,Smartwatch Modelo 3895,Reloj inteligente deportivo con monitor de salud - Lote 3895,624.1,6
SKU-PRD-3896,Smartphone Modelo 3896,Teléfono inteligente con cámara dual y gran batería - Lote 3896,9447.51,97
SKU-PRD-3897,Tablet Modelo 3897,Dispositivo táctil multimedia para estudio y trabajo - Lote 3897,3054.98,67
SKU-PRD-3898,Regulador Modelo 3898,Protector de voltaje multicontacto para oficina - Lote 3898,698.33,175
SKU-PRD-3899,Teclado Modelo 3899,Teclado multimedia con iluminación LED - Lote 3899,999.82,5
SKU-PRD-3900,Teclado Modelo 3900,Teclado multimedia con iluminación LED - Lote 3900,918.3,76
SKU-PRD-3901,Smartphone Modelo 3901,Teléfono inteligente con cámara dual y gran batería - Lote 3901,6664.56,194
SKU-PRD-3902,Bocina Bluetooth Modelo 3902,Bocina inalámbrica portátil resistente al agua - Lote 3902,1407.61,133
SKU-PRD-3903,Teclado Modelo 3903,Teclado multimedia con iluminación LED - Lote 3903,1412.2,182
SKU-PRD-3904,Monitor Modelo 3904,Pantalla LED Full HD con puertos HDMI - Lote 3904,4420.09,197
SKU-PRD-3905,Laptop Modelo 3905,Ordenador portátil con procesador de alta velocidad y SSD - Lote 3905,20482.14,96
SKU-PRD-3906,Bocina Bluetooth Modelo 3906,Bocina inalámbrica portátil resistente al agua - Lote 3906,1697.33,54
SKU-PRD-3907,Smartphone Modelo 3907,Teléfono inteligente con cámara dual y gran batería - Lote 3907,3737.44,134
SKU-PRD-3908,Mouse Modelo 3908,Mouse óptico ergonómico con conexión USB - Lote 3908,866.87,175
SKU-PRD-3909,Memoria USB Modelo 3909,Unidad flash portátil de transferencia rápida - Lote 3909,329.81,179
SKU-PRD-3910,Regulador Modelo 3910,Protector de voltaje multicontacto para oficina - Lote 3910,376.87,85
SKU-PRD-3911,Regulador Modelo 3911,Protector de voltaje multicontacto para oficina - Lote 3911,990.37,195
SKU-PRD-3912,Memoria USB Modelo 3912,Unidad flash portátil de transferencia rápida - Lote 3912,148.53,110
SKU-PRD-3913,Regulador Modelo 3913,Protector de voltaje multicontacto para oficina - Lote 3913,1169.59,122
SKU-PRD-3914,Impresora Modelo 3914,Impresora multifuncional a color con Wi-Fi - Lote 3914,4091.93,79
SKU-PRD-3915,Regulador Modelo 3915,Protector de voltaje multicontacto para oficina - Lote 3915,376.02,59
SKU-PRD-3916,Disco Duro Modelo 3916,Unidad de almacenamiento externo de alta velocidad - Lote 3916,1322.95,56
SKU-PRD-3917,Regulador Modelo 3917,Protector de voltaje multicontacto para oficina - Lote 3917,485.62,27
SKU-PRD-3918,Smartphone Modelo 3918,Teléfono inteligente con cámara dual y gran batería - Lote 3918,7139.18,126
SKU-PRD-3919,Mouse Modelo 3919,Mouse óptico ergonómico con conexión USB - Lote 3919,359.33,169
SKU-PRD-3920,Laptop Modelo 3920,Ordenador portátil con procesador de alta velocidad y SSD - Lote 3920,14247.72,48
SKU-PRD-3921,Disco Duro Modelo 3921,Unidad de almacenamiento externo de alta velocidad - Lote 3921,2434.57,146
SKU-PRD-3922,Memoria USB Modelo 3922,Unidad flash portátil de transferencia rápida - Lote 3922,296.48,178
SKU-PRD-3923,Silla Gamer Modelo 3923,Silla ergonómica ajustable con soporte lumbar - Lote 3923,3087.13,154
SKU-PRD-3924,Impresora Modelo 3924,Impresora multifuncional a color con Wi-Fi - Lote 3924,2283.69,187
SKU-PRD-3925,Regulador Modelo 3925,Protector de voltaje multicontacto para oficina - Lote 3925,948.6,122
SKU-PRD-3926,Bocina Bluetooth Modelo 3926,Bocina inalámbrica portátil resistente al agua - Lote 3926,823.41,129
SKU-PRD-3927,Cable HDMI Modelo 3927,Cable de alta definición mallado 4K - Lote 3927,140.24,116
SKU-PRD-3928,Mouse Modelo 3928,Mouse óptico ergonómico con conexión USB - Lote 3928,818.83,12
SKU-PRD-3929,Audífonos Modelo 3929,Audífonos estéreo con micrófono y cancelación de ruido - Lote 3929,382.36,6
SKU-PRD-3930,Audífonos Modelo 3930,Audífonos estéreo con micrófono y cancelación de ruido - Lote 3930,1144.55,158
SKU-PRD-3931,Impresora Modelo 3931,Impresora multifuncional a color con Wi-Fi - Lote 3931,4475.31,144
SKU-PRD-3932,Regulador Modelo 3932,Protector de voltaje multicontacto para oficina - Lote 3932,1034.2,131
SKU-PRD-3933,Audífonos Modelo 3933,Audífonos estéreo con micrófono y cancelación de ruido - Lote 3933,974.51,76
SKU-PRD-3934,Audífonos Modelo 3934,Audífonos estéreo con micrófono y cancelación de ruido - Lote 3934,831.07,80
SKU-PRD-3935,Cable HDMI Modelo 3935,Cable de alta definición mallado 4K - Lote 3935,181.15,161
SKU-PRD-3936,Tablet Modelo 3936,Dispositivo táctil multimedia para estudio y trabajo - Lote 3936,5372.46,63
SKU-PRD-3937,Laptop Modelo 3937,Ordenador portátil con procesador de alta velocidad y SSD - Lote 3937,14737.89,133
SKU-PRD-3938,Mouse Modelo 3938,Mouse óptico ergonómico con conexión USB - Lote 3938,593.09,77
SKU-PRD-3939,Teclado Modelo 3939,Teclado multimedia con iluminación LED - Lote 3939,272.79,7
SKU-PRD-3940,Cable HDMI Modelo 3940,Cable de alta definición mallado 4K - Lote 3940,336.88,191
SKU-PRD-3941,Audífonos Modelo 3941,Audífonos estéreo con micrófono y cancelación de ruido - Lote 3941,783.26,32
SKU-PRD-3942,Mouse Modelo 3942,Mouse óptico ergonómico con conexión USB - Lote 3942,275.77,154
SKU-PRD-3943,Monitor Modelo 3943,Pantalla LED Full HD con puertos HDMI - Lote 3943,4584.17,121
SKU-PRD-3944,Cable HDMI Modelo 3944,Cable de alta definición mallado 4K - Lote 3944,206.03,10
SKU-PRD-3945,Teclado Modelo 3945,Teclado multimedia con iluminación LED - Lote 3945,644.26,125
SKU-PRD-3946,Teclado Modelo 3946,Teclado multimedia con iluminación LED - Lote 3946,537.66,192
SKU-PRD-3947,Teclado Modelo 3947,Teclado multimedia con iluminación LED - Lote 3947,1125.12,86
SKU-PRD-3948,Memoria USB Modelo 3948,Unidad flash portátil de transferencia rápida - Lote 3948,137.46,127
SKU-PRD-3949,Audífonos Modelo 3949,Audífonos estéreo con micrófono y cancelación de ruido - Lote 3949,1353.92,43
SKU-PRD-3950,Mouse Modelo 3950,Mouse óptico ergonómico con conexión USB - Lote 3950,417.25,78
SKU-PRD-3951,Tablet Modelo 3951,Dispositivo táctil multimedia para estudio y trabajo - Lote 3951,6734.11,38
SKU-PRD-3952,Monitor Modelo 3952,Pantalla LED Full HD con puertos HDMI - Lote 3952,5073.13,174
SKU-PRD-3953,Smartwatch Modelo 3953,Reloj inteligente deportivo con monitor de salud - Lote 3953,2056.33,89
SKU-PRD-3954,Mouse Modelo 3954,Mouse óptico ergonómico con conexión USB - Lote 3954,810.49,109
SKU-PRD-3955,Disco Duro Modelo 3955,Unidad de almacenamiento externo de alta velocidad - Lote 3955,2822.96,109
SKU-PRD-3956,Bocina Bluetooth Modelo 3956,Bocina inalámbrica portátil resistente al agua - Lote 3956,1011.73,27
SKU-PRD-3957,Monitor Modelo 3957,Pantalla LED Full HD con puertos HDMI - Lote 3957,3906.38,149
SKU-PRD-3958,Tablet Modelo 3958,Dispositivo táctil multimedia para estudio y trabajo - Lote 3958,5751.49,142
SKU-PRD-3959,Disco Duro Modelo 3959,Unidad de almacenamiento externo de alta velocidad - Lote 3959,2661.17,177
SKU-PRD-3960,Mouse Modelo 3960,Mouse óptico ergonómico con conexión USB - Lote 3960,429.52,198
SKU-PRD-3961,Monitor Modelo 3961,Pantalla LED Full HD con puertos HDMI - Lote 3961,3040.12,61
SKU-PRD-3962,Memoria USB Modelo 3962,Unidad flash portátil de transferencia rápida - Lote 3962,202.06,145
SKU-PRD-3963,Audífonos Modelo 3963,Audífonos estéreo con micrófono y cancelación de ruido - Lote 3963,1273.54,185
SKU-PRD-3964,Tablet Modelo 3964,Dispositivo táctil multimedia para estudio y trabajo - Lote 3964,6471.2,115
SKU-PRD-3965,Cable HDMI Modelo 3965,Cable de alta definición mallado 4K - Lote 3965,85.64,105
SKU-PRD-3966,Tablet Modelo 3966,Dispositivo táctil multimedia para estudio y trabajo - Lote 3966,6547.01,6
SKU-PRD-3967,Disco Duro Modelo 3967,Unidad de almacenamiento externo de alta velocidad - Lote 3967,1587.61,20
SKU-PRD-3968,Monitor Modelo 3968,Pantalla LED Full HD con puertos HDMI - Lote 3968,3761.89,7
SKU-PRD-3969,Monitor Modelo 3969,Pantalla LED Full HD con puertos HDMI - Lote 3969,2426.72,176
SKU-PRD-3970,Tablet Modelo 3970,Dispositivo táctil multimedia para estudio y trabajo - Lote 3970,2612.92,105
SKU-PRD-3971,Tablet Modelo 3971,Dispositivo táctil multimedia para estudio y trabajo - Lote 3971,3195.48,178
SKU-PRD-3972,Silla Gamer Modelo 3972,Silla ergonómica ajustable con soporte lumbar - Lote 3972,2967.34,71
SKU-PRD-3973,Laptop Modelo 3973,Ordenador portátil con procesador de alta velocidad y SSD - Lote 3973,9919.59,72
SKU-PRD-3974,Smartwatch Modelo 3974,Reloj inteligente deportivo con monitor de salud - Lote 3974,1740.03,157
SKU-PRD-3975,Disco Duro Modelo 3975,Unidad de almacenamiento externo de alta velocidad - Lote 3975,1433.53,98
SKU-PRD-3976,Regulador Modelo 3976,Protector de voltaje multicontacto para oficina - Lote 3976,672.67,12
SKU-PRD-3977,Audífonos Modelo 3977,Audífonos estéreo con micrófono y cancelación de ruido - Lote 3977,1769.61,74
SKU-PRD-3978,Silla Gamer Modelo 3978,Silla ergonómica ajustable con soporte lumbar - Lote 3978,4414.55,48
SKU-PRD-3979,Regulador Modelo 3979,Protector de voltaje multicontacto para oficina - Lote 3979,1165.85,138
SKU-PRD-3980,Laptop Modelo 3980,Ordenador portátil con procesador de alta velocidad y SSD - Lote 3980,23026.22,117
SKU-PRD-3981,Bocina Bluetooth Modelo 3981,Bocina inalámbrica portátil resistente al agua - Lote 3981,1299.37,172
SKU-PRD-3982,Laptop Modelo 3982,Ordenador portátil con procesador de alta velocidad y SSD - Lote 3982,20326.48,27
SKU-PRD-3983,Bocina Bluetooth Modelo 3983,Bocina inalámbrica portátil resistente al agua - Lote 3983,722.64,191
SKU-PRD-3984,Mouse Modelo 3984,Mouse óptico ergonómico con conexión USB - Lote 3984,664.59,148
SKU-PRD-3985,Cable HDMI Modelo 3985,Cable de alta definición mallado 4K - Lote 3985,81.56,11
SKU-PRD-3986,Audífonos Modelo 3986,Audífonos estéreo con micrófono y cancelación de ruido - Lote 3986,1791.81,113
SKU-PRD-3987,Memoria USB Modelo 3987,Unidad flash portátil de transferencia rápida - Lote 3987,346.5,186
SKU-PRD-3988,Regulador Modelo 3988,Protector de voltaje multicontacto para oficina - Lote 3988,1126.14,192
SKU-PRD-3989,Laptop Modelo 3989,Ordenador portátil con procesador de alta velocidad y SSD - Lote 3989,14490.14,69
SKU-PRD-3990,Smartphone Modelo 3990,Teléfono inteligente con cámara dual y gran batería - Lote 3990,3598.63,147
SKU-PRD-3991,Regulador Modelo 3991,Protector de voltaje multicontacto para oficina - Lote 3991,1184.86,15
SKU-PRD-3992,Bocina Bluetooth Modelo 3992,Bocina inalámbrica portátil resistente al agua - Lote 3992,1024.79,171
SKU-PRD-3993,Disco Duro Modelo 3993,Unidad de almacenamiento externo de alta velocidad - Lote 3993,3365.61,87
SKU-PRD-3994,Laptop Modelo 3994,Ordenador portátil con procesador de alta velocidad y SSD - Lote 3994,18504.61,48
SKU-PRD-3995,Impresora Modelo 3995,Impresora multifuncional a color con Wi-Fi - Lote 3995,3251.92,123
SKU-PRD-3996,Laptop Modelo 3996,Ordenador portátil con procesador de alta velocidad y SSD - Lote 3996,22345.7,13
SKU-PRD-3997,Impresora Modelo 3997,Impresora multifuncional a color con Wi-Fi - Lote 3997,3996.14,123
SKU-PRD-3998,Disco Duro Modelo 3998,Unidad de almacenamiento externo de alta velocidad - Lote 3998,3060.19,34
SKU-PRD-3999,Memoria USB Modelo 3999,Unidad flash portátil de transferencia rápida - Lote 3999,287.21,122
SKU-PRD-4000,Monitor Modelo 4000,Pantalla LED Full HD con puertos HDMI - Lote 4000,5665.02,124
SKU-PRD-4001,Bocina Bluetooth Modelo 4001,Bocina inalámbrica portátil resistente al agua - Lote 4001,1726.39,167
SKU-PRD-4002,Audífonos Modelo 4002,Audífonos estéreo con micrófono y cancelación de ruido - Lote 4002,1080.89,76
SKU-PRD-4003,Tablet Modelo 4003,Dispositivo táctil multimedia para estudio y trabajo - Lote 4003,2267.45,146
SKU-PRD-4004,Impresora Modelo 4004,Impresora multifuncional a color con Wi-Fi - Lote 4004,4032.72,161
SKU-PRD-4005,Teclado Modelo 4005,Teclado multimedia con iluminación LED - Lote 4005,1224.78,107
SKU-PRD-4006,Mouse Modelo 4006,Mouse óptico ergonómico con conexión USB - Lote 4006,756.41,119
SKU-PRD-4007,Audífonos Modelo 4007,Audífonos estéreo con micrófono y cancelación de ruido - Lote 4007,922.72,146
SKU-PRD-4008,Tablet Modelo 4008,Dispositivo táctil multimedia para estudio y trabajo - Lote 4008,5554.07,80
SKU-PRD-4009,Disco Duro Modelo 4009,Unidad de almacenamiento externo de alta velocidad - Lote 4009,2115.96,151
SKU-PRD-4010,Cable HDMI Modelo 4010,Cable de alta definición mallado 4K - Lote 4010,292.14,69
SKU-PRD-4011,Monitor Modelo 4011,Pantalla LED Full HD con puertos HDMI - Lote 4011,5770.44,108
SKU-PRD-4012,Cable HDMI Modelo 4012,Cable de alta definición mallado 4K - Lote 4012,317.25,102
SKU-PRD-4013,Monitor Modelo 4013,Pantalla LED Full HD con puertos HDMI - Lote 4013,4181.27,195
SKU-PRD-4014,Memoria USB Modelo 4014,Unidad flash portátil de transferencia rápida - Lote 4014,289.29,144
SKU-PRD-4015,Regulador Modelo 4015,Protector de voltaje multicontacto para oficina - Lote 4015,357.49,29
SKU-PRD-4016,Smartwatch Modelo 4016,Reloj inteligente deportivo con monitor de salud - Lote 4016,1866.88,196
SKU-PRD-4017,Memoria USB Modelo 4017,Unidad flash portátil de transferencia rápida - Lote 4017,426.69,88
SKU-PRD-4018,Bocina Bluetooth Modelo 4018,Bocina inalámbrica portátil resistente al agua - Lote 4018,1749.46,20
SKU-PRD-4019,Monitor Modelo 4019,Pantalla LED Full HD con puertos HDMI - Lote 4019,6195.68,73
SKU-PRD-4020,Cable HDMI Modelo 4020,Cable de alta definición mallado 4K - Lote 4020,316.83,94
SKU-PRD-4021,Monitor Modelo 4021,Pantalla LED Full HD con puertos HDMI - Lote 4021,4575.33,88
SKU-PRD-4022,Impresora Modelo 4022,Impresora multifuncional a color con Wi-Fi - Lote 4022,2698.06,200
SKU-PRD-4023,Impresora Modelo 4023,Impresora multifuncional a color con Wi-Fi - Lote 4023,2106.97,152
SKU-PRD-4024,Teclado Modelo 4024,Teclado multimedia con iluminación LED - Lote 4024,585.86,60
SKU-PRD-4025,Smartphone Modelo 4025,Teléfono inteligente con cámara dual y gran batería - Lote 4025,10896.72,74
SKU-PRD-4026,Teclado Modelo 4026,Teclado multimedia con iluminación LED - Lote 4026,1417.92,178
SKU-PRD-4027,Bocina Bluetooth Modelo 4027,Bocina inalámbrica portátil resistente al agua - Lote 4027,647.58,110
SKU-PRD-4028,Tablet Modelo 4028,Dispositivo táctil multimedia para estudio y trabajo - Lote 4028,2750.98,21
SKU-PRD-4029,Mouse Modelo 4029,Mouse óptico ergonómico con conexión USB - Lote 4029,711.89,118
SKU-PRD-4030,Memoria USB Modelo 4030,Unidad flash portátil de transferencia rápida - Lote 4030,329.95,75
SKU-PRD-4031,Bocina Bluetooth Modelo 4031,Bocina inalámbrica portátil resistente al agua - Lote 4031,1993.86,104
SKU-PRD-4032,Impresora Modelo 4032,Impresora multifuncional a color con Wi-Fi - Lote 4032,3869.15,36
SKU-PRD-4033,Impresora Modelo 4033,Impresora multifuncional a color con Wi-Fi - Lote 4033,2097.32,106
SKU-PRD-4034,Silla Gamer Modelo 4034,Silla ergonómica ajustable con soporte lumbar - Lote 4034,5608.79,173
SKU-PRD-4035,Smartphone Modelo 4035,Teléfono inteligente con cámara dual y gran batería - Lote 4035,6366.68,10
SKU-PRD-4036,Smartphone Modelo 4036,Teléfono inteligente con cámara dual y gran batería - Lote 4036,5322.75,23
SKU-PRD-4037,Smartwatch Modelo 4037,Reloj inteligente deportivo con monitor de salud - Lote 4037,1956.38,113
SKU-PRD-4038,Memoria USB Modelo 4038,Unidad flash portátil de transferencia rápida - Lote 4038,343.63,113
SKU-PRD-4039,Silla Gamer Modelo 4039,Silla ergonómica ajustable con soporte lumbar - Lote 4039,3850.69,17
SKU-PRD-4040,Smartphone Modelo 4040,Teléfono inteligente con cámara dual y gran batería - Lote 4040,9098.5,196
SKU-PRD-4041,Mouse Modelo 4041,Mouse óptico ergonómico con conexión USB - Lote 4041,367.86,137
SKU-PRD-4042,Silla Gamer Modelo 4042,Silla ergonómica ajustable con soporte lumbar - Lote 4042,2943.43,160
SKU-PRD-4043,Disco Duro Modelo 4043,Unidad de almacenamiento externo de alta velocidad - Lote 4043,962.36,36
SKU-PRD-4044,Audífonos Modelo 4044,Audífonos estéreo con micrófono y cancelación de ruido - Lote 4044,1393.05,49
SKU-PRD-4045,Monitor Modelo 4045,Pantalla LED Full HD con puertos HDMI - Lote 4045,2562.29,172
SKU-PRD-4046,Smartphone Modelo 4046,Teléfono inteligente con cámara dual y gran batería - Lote 4046,11136.21,56
SKU-PRD-4047,Teclado Modelo 4047,Teclado multimedia con iluminación LED - Lote 4047,1382.14,49
SKU-PRD-4048,Silla Gamer Modelo 4048,Silla ergonómica ajustable con soporte lumbar - Lote 4048,5895.04,107
SKU-PRD-4049,Smartphone Modelo 4049,Teléfono inteligente con cámara dual y gran batería - Lote 4049,6722.73,173
SKU-PRD-4050,Mouse Modelo 4050,Mouse óptico ergonómico con conexión USB - Lote 4050,709.0,39
SKU-PRD-4051,Memoria USB Modelo 4051,Unidad flash portátil de transferencia rápida - Lote 4051,283.31,191
SKU-PRD-4052,Regulador Modelo 4052,Protector de voltaje multicontacto para oficina - Lote 4052,767.29,98
SKU-PRD-4053,Disco Duro Modelo 4053,Unidad de almacenamiento externo de alta velocidad - Lote 4053,1837.76,92
SKU-PRD-4054,Audífonos Modelo 4054,Audífonos estéreo con micrófono y cancelación de ruido - Lote 4054,1320.68,99
SKU-PRD-4055,Memoria USB Modelo 4055,Unidad flash portátil de transferencia rápida - Lote 4055,262.29,17
SKU-PRD-4056,Memoria USB Modelo 4056,Unidad flash portátil de transferencia rápida - Lote 4056,464.87,78
SKU-PRD-4057,Bocina Bluetooth Modelo 4057,Bocina inalámbrica portátil resistente al agua - Lote 4057,528.02,93
SKU-PRD-4058,Impresora Modelo 4058,Impresora multifuncional a color con Wi-Fi - Lote 4058,3757.25,180
SKU-PRD-4059,Smartphone Modelo 4059,Teléfono inteligente con cámara dual y gran batería - Lote 4059,11357.54,124
SKU-PRD-4060,Bocina Bluetooth Modelo 4060,Bocina inalámbrica portátil resistente al agua - Lote 4060,975.49,94
SKU-PRD-4061,Memoria USB Modelo 4061,Unidad flash portátil de transferencia rápida - Lote 4061,253.84,131
SKU-PRD-4062,Audífonos Modelo 4062,Audífonos estéreo con micrófono y cancelación de ruido - Lote 4062,984.81,39
SKU-PRD-4063,Regulador Modelo 4063,Protector de voltaje multicontacto para oficina - Lote 4063,692.68,77
SKU-PRD-4064,Cable HDMI Modelo 4064,Cable de alta definición mallado 4K - Lote 4064,230.14,198
SKU-PRD-4065,Tablet Modelo 4065,Dispositivo táctil multimedia para estudio y trabajo - Lote 4065,5260.41,200
SKU-PRD-4066,Mouse Modelo 4066,Mouse óptico ergonómico con conexión USB - Lote 4066,887.24,36
SKU-PRD-4067,Tablet Modelo 4067,Dispositivo táctil multimedia para estudio y trabajo - Lote 4067,4735.04,66
SKU-PRD-4068,Teclado Modelo 4068,Teclado multimedia con iluminación LED - Lote 4068,568.9,189
SKU-PRD-4069,Regulador Modelo 4069,Protector de voltaje multicontacto para oficina - Lote 4069,1134.97,5
SKU-PRD-4070,Monitor Modelo 4070,Pantalla LED Full HD con puertos HDMI - Lote 4070,5080.37,188
SKU-PRD-4071,Tablet Modelo 4071,Dispositivo táctil multimedia para estudio y trabajo - Lote 4071,5954.68,107
SKU-PRD-4072,Smartphone Modelo 4072,Teléfono inteligente con cámara dual y gran batería - Lote 4072,8290.09,49
SKU-PRD-4073,Smartphone Modelo 4073,Teléfono inteligente con cámara dual y gran batería - Lote 4073,11017.62,21
SKU-PRD-4074,Impresora Modelo 4074,Impresora multifuncional a color con Wi-Fi - Lote 4074,2569.47,70
SKU-PRD-4075,Audífonos Modelo 4075,Audífonos estéreo con micrófono y cancelación de ruido - Lote 4075,440.44,165
SKU-PRD-4076,Memoria USB Modelo 4076,Unidad flash portátil de transferencia rápida - Lote 4076,513.01,112
SKU-PRD-4077,Bocina Bluetooth Modelo 4077,Bocina inalámbrica portátil resistente al agua - Lote 4077,1272.25,9
SKU-PRD-4078,Audífonos Modelo 4078,Audífonos estéreo con micrófono y cancelación de ruido - Lote 4078,961.36,174
SKU-PRD-4079,Mouse Modelo 4079,Mouse óptico ergonómico con conexión USB - Lote 4079,304.93,188
SKU-PRD-4080,Smartwatch Modelo 4080,Reloj inteligente deportivo con monitor de salud - Lote 4080,2050.19,130
SKU-PRD-4081,Monitor Modelo 4081,Pantalla LED Full HD con puertos HDMI - Lote 4081,4137.88,90
SKU-PRD-4082,Impresora Modelo 4082,Impresora multifuncional a color con Wi-Fi - Lote 4082,3857.31,114
SKU-PRD-4083,Teclado Modelo 4083,Teclado multimedia con iluminación LED - Lote 4083,1009.62,5
SKU-PRD-4084,Teclado Modelo 4084,Teclado multimedia con iluminación LED - Lote 4084,1405.26,7
SKU-PRD-4085,Disco Duro Modelo 4085,Unidad de almacenamiento externo de alta velocidad - Lote 4085,1801.03,182
SKU-PRD-4086,Silla Gamer Modelo 4086,Silla ergonómica ajustable con soporte lumbar - Lote 4086,4102.12,109
SKU-PRD-4087,Bocina Bluetooth Modelo 4087,Bocina inalámbrica portátil resistente al agua - Lote 4087,1887.26,195
SKU-PRD-4088,Impresora Modelo 4088,Impresora multifuncional a color con Wi-Fi - Lote 4088,3710.62,21
SKU-PRD-4089,Cable HDMI Modelo 4089,Cable de alta definición mallado 4K - Lote 4089,279.82,179
SKU-PRD-4090,Impresora Modelo 4090,Impresora multifuncional a color con Wi-Fi - Lote 4090,2242.78,145
SKU-PRD-4091,Teclado Modelo 4091,Teclado multimedia con iluminación LED - Lote 4091,515.18,50
SKU-PRD-4092,Disco Duro Modelo 4092,Unidad de almacenamiento externo de alta velocidad - Lote 4092,2400.53,27
SKU-PRD-4093,Silla Gamer Modelo 4093,Silla ergonómica ajustable con soporte lumbar - Lote 4093,5712.37,105
SKU-PRD-4094,Regulador Modelo 4094,Protector de voltaje multicontacto para oficina - Lote 4094,1173.85,138
SKU-PRD-4095,Regulador Modelo 4095,Protector de voltaje multicontacto para oficina - Lote 4095,700.03,25
SKU-PRD-4096,Cable HDMI Modelo 4096,Cable de alta definición mallado 4K - Lote 4096,215.7,145
SKU-PRD-4097,Laptop Modelo 4097,Ordenador portátil con procesador de alta velocidad y SSD - Lote 4097,15977.83,32
SKU-PRD-4098,Bocina Bluetooth Modelo 4098,Bocina inalámbrica portátil resistente al agua - Lote 4098,1922.45,148
SKU-PRD-4099,Smartwatch Modelo 4099,Reloj inteligente deportivo con monitor de salud - Lote 4099,1271.03,140
SKU-PRD-4100,Laptop Modelo 4100,Ordenador portátil con procesador de alta velocidad y SSD - Lote 4100,9665.78,34
SKU-PRD-4101,Impresora Modelo 4101,Impresora multifuncional a color con Wi-Fi - Lote 4101,4256.56,126
SKU-PRD-4102,Laptop Modelo 4102,Ordenador portátil con procesador de alta velocidad y SSD - Lote 4102,13841.63,22
SKU-PRD-4103,Silla Gamer Modelo 4103,Silla ergonómica ajustable con soporte lumbar - Lote 4103,2914.31,153
SKU-PRD-4104,Audífonos Modelo 4104,Audífonos estéreo con micrófono y cancelación de ruido - Lote 4104,1619.31,44
SKU-PRD-4105,Smartwatch Modelo 4105,Reloj inteligente deportivo con monitor de salud - Lote 4105,2275.22,43
SKU-PRD-4106,Tablet Modelo 4106,Dispositivo táctil multimedia para estudio y trabajo - Lote 4106,2729.79,114
SKU-PRD-4107,Smartphone Modelo 4107,Teléfono inteligente con cámara dual y gran batería - Lote 4107,6017.69,95
SKU-PRD-4108,Audífonos Modelo 4108,Audífonos estéreo con micrófono y cancelación de ruido - Lote 4108,703.65,26
SKU-PRD-4109,Audífonos Modelo 4109,Audífonos estéreo con micrófono y cancelación de ruido - Lote 4109,982.2,22
SKU-PRD-4110,Tablet Modelo 4110,Dispositivo táctil multimedia para estudio y trabajo - Lote 4110,4864.22,87
SKU-PRD-4111,Mouse Modelo 4111,Mouse óptico ergonómico con conexión USB - Lote 4111,627.24,42
SKU-PRD-4112,Audífonos Modelo 4112,Audífonos estéreo con micrófono y cancelación de ruido - Lote 4112,1036.2,130
SKU-PRD-4113,Monitor Modelo 4113,Pantalla LED Full HD con puertos HDMI - Lote 4113,6063.01,107
SKU-PRD-4114,Teclado Modelo 4114,Teclado multimedia con iluminación LED - Lote 4114,1005.49,48
SKU-PRD-4115,Impresora Modelo 4115,Impresora multifuncional a color con Wi-Fi - Lote 4115,2225.36,173
SKU-PRD-4116,Teclado Modelo 4116,Teclado multimedia con iluminación LED - Lote 4116,1307.16,184
SKU-PRD-4117,Mouse Modelo 4117,Mouse óptico ergonómico con conexión USB - Lote 4117,181.82,122
SKU-PRD-4118,Bocina Bluetooth Modelo 4118,Bocina inalámbrica portátil resistente al agua - Lote 4118,1996.91,143
SKU-PRD-4119,Smartphone Modelo 4119,Teléfono inteligente con cámara dual y gran batería - Lote 4119,3921.19,93
SKU-PRD-4120,Bocina Bluetooth Modelo 4120,Bocina inalámbrica portátil resistente al agua - Lote 4120,1454.51,86
SKU-PRD-4121,Audífonos Modelo 4121,Audífonos estéreo con micrófono y cancelación de ruido - Lote 4121,826.16,193
SKU-PRD-4122,Regulador Modelo 4122,Protector de voltaje multicontacto para oficina - Lote 4122,1178.13,124
SKU-PRD-4123,Monitor Modelo 4123,Pantalla LED Full HD con puertos HDMI - Lote 4123,4497.89,26
SKU-PRD-4124,Cable HDMI Modelo 4124,Cable de alta definición mallado 4K - Lote 4124,241.78,100
SKU-PRD-4125,Monitor Modelo 4125,Pantalla LED Full HD con puertos HDMI - Lote 4125,6454.65,162
SKU-PRD-4126,Cable HDMI Modelo 4126,Cable de alta definición mallado 4K - Lote 4126,248.13,198
SKU-PRD-4127,Silla Gamer Modelo 4127,Silla ergonómica ajustable con soporte lumbar - Lote 4127,4128.34,118
SKU-PRD-4128,Impresora Modelo 4128,Impresora multifuncional a color con Wi-Fi - Lote 4128,2087.67,92
SKU-PRD-4129,Bocina Bluetooth Modelo 4129,Bocina inalámbrica portátil resistente al agua - Lote 4129,1057.81,66
SKU-PRD-4130,Silla Gamer Modelo 4130,Silla ergonómica ajustable con soporte lumbar - Lote 4130,3251.45,11
SKU-PRD-4131,Monitor Modelo 4131,Pantalla LED Full HD con puertos HDMI - Lote 4131,3821.68,61
SKU-PRD-4132,Monitor Modelo 4132,Pantalla LED Full HD con puertos HDMI - Lote 4132,4245.7,47
SKU-PRD-4133,Impresora Modelo 4133,Impresora multifuncional a color con Wi-Fi - Lote 4133,3296.42,158
SKU-PRD-4134,Silla Gamer Modelo 4134,Silla ergonómica ajustable con soporte lumbar - Lote 4134,5324.48,15
SKU-PRD-4135,Impresora Modelo 4135,Impresora multifuncional a color con Wi-Fi - Lote 4135,3624.35,71
SKU-PRD-4136,Regulador Modelo 4136,Protector de voltaje multicontacto para oficina - Lote 4136,400.44,73
SKU-PRD-4137,Teclado Modelo 4137,Teclado multimedia con iluminación LED - Lote 4137,1119.08,6
SKU-PRD-4138,Tablet Modelo 4138,Dispositivo táctil multimedia para estudio y trabajo - Lote 4138,4462.28,146
SKU-PRD-4139,Teclado Modelo 4139,Teclado multimedia con iluminación LED - Lote 4139,877.53,14
SKU-PRD-4140,Bocina Bluetooth Modelo 4140,Bocina inalámbrica portátil resistente al agua - Lote 4140,989.15,95
SKU-PRD-4141,Regulador Modelo 4141,Protector de voltaje multicontacto para oficina - Lote 4141,545.06,196
SKU-PRD-4142,Cable HDMI Modelo 4142,Cable de alta definición mallado 4K - Lote 4142,177.16,113
SKU-PRD-4143,Mouse Modelo 4143,Mouse óptico ergonómico con conexión USB - Lote 4143,849.14,142
SKU-PRD-4144,Monitor Modelo 4144,Pantalla LED Full HD con puertos HDMI - Lote 4144,3134.99,59
SKU-PRD-4145,Monitor Modelo 4145,Pantalla LED Full HD con puertos HDMI - Lote 4145,2507.06,162
SKU-PRD-4146,Impresora Modelo 4146,Impresora multifuncional a color con Wi-Fi - Lote 4146,3692.64,18
SKU-PRD-4147,Audífonos Modelo 4147,Audífonos estéreo con micrófono y cancelación de ruido - Lote 4147,1622.59,162
SKU-PRD-4148,Cable HDMI Modelo 4148,Cable de alta definición mallado 4K - Lote 4148,254.29,135
SKU-PRD-4149,Bocina Bluetooth Modelo 4149,Bocina inalámbrica portátil resistente al agua - Lote 4149,1642.77,132
SKU-PRD-4150,Silla Gamer Modelo 4150,Silla ergonómica ajustable con soporte lumbar - Lote 4150,5153.78,56
SKU-PRD-4151,Laptop Modelo 4151,Ordenador portátil con procesador de alta velocidad y SSD - Lote 4151,24915.39,164
SKU-PRD-4152,Silla Gamer Modelo 4152,Silla ergonómica ajustable con soporte lumbar - Lote 4152,4885.16,81
SKU-PRD-4153,Bocina Bluetooth Modelo 4153,Bocina inalámbrica portátil resistente al agua - Lote 4153,1766.64,24
SKU-PRD-4154,Monitor Modelo 4154,Pantalla LED Full HD con puertos HDMI - Lote 4154,4274.72,13
SKU-PRD-4155,Mouse Modelo 4155,Mouse óptico ergonómico con conexión USB - Lote 4155,224.74,93
SKU-PRD-4156,Monitor Modelo 4156,Pantalla LED Full HD con puertos HDMI - Lote 4156,5812.86,115
SKU-PRD-4157,Regulador Modelo 4157,Protector de voltaje multicontacto para oficina - Lote 4157,553.95,41
SKU-PRD-4158,Smartwatch Modelo 4158,Reloj inteligente deportivo con monitor de salud - Lote 4158,2068.45,63
SKU-PRD-4159,Mouse Modelo 4159,Mouse óptico ergonómico con conexión USB - Lote 4159,538.84,200
SKU-PRD-4160,Memoria USB Modelo 4160,Unidad flash portátil de transferencia rápida - Lote 4160,194.01,171
SKU-PRD-4161,Tablet Modelo 4161,Dispositivo táctil multimedia para estudio y trabajo - Lote 4161,2960.25,56
SKU-PRD-4162,Tablet Modelo 4162,Dispositivo táctil multimedia para estudio y trabajo - Lote 4162,5539.21,125
SKU-PRD-4163,Bocina Bluetooth Modelo 4163,Bocina inalámbrica portátil resistente al agua - Lote 4163,1258.06,183
SKU-PRD-4164,Disco Duro Modelo 4164,Unidad de almacenamiento externo de alta velocidad - Lote 4164,2463.29,120
SKU-PRD-4165,Cable HDMI Modelo 4165,Cable de alta definición mallado 4K - Lote 4165,218.76,66
SKU-PRD-4166,Smartwatch Modelo 4166,Reloj inteligente deportivo con monitor de salud - Lote 4166,1873.89,27
SKU-PRD-4167,Smartphone Modelo 4167,Teléfono inteligente con cámara dual y gran batería - Lote 4167,9231.2,134
SKU-PRD-4168,Tablet Modelo 4168,Dispositivo táctil multimedia para estudio y trabajo - Lote 4168,5357.81,121
SKU-PRD-4169,Smartwatch Modelo 4169,Reloj inteligente deportivo con monitor de salud - Lote 4169,2207.4,154
SKU-PRD-4170,Cable HDMI Modelo 4170,Cable de alta definición mallado 4K - Lote 4170,172.84,55
SKU-PRD-4171,Smartphone Modelo 4171,Teléfono inteligente con cámara dual y gran batería - Lote 4171,10494.94,23
SKU-PRD-4172,Audífonos Modelo 4172,Audífonos estéreo con micrófono y cancelación de ruido - Lote 4172,307.21,135
SKU-PRD-4173,Audífonos Modelo 4173,Audífonos estéreo con micrófono y cancelación de ruido - Lote 4173,969.68,129
SKU-PRD-4174,Bocina Bluetooth Modelo 4174,Bocina inalámbrica portátil resistente al agua - Lote 4174,1124.46,192
SKU-PRD-4175,Laptop Modelo 4175,Ordenador portátil con procesador de alta velocidad y SSD - Lote 4175,10410.75,138
SKU-PRD-4176,Monitor Modelo 4176,Pantalla LED Full HD con puertos HDMI - Lote 4176,6352.35,133
SKU-PRD-4177,Mouse Modelo 4177,Mouse óptico ergonómico con conexión USB - Lote 4177,572.92,121
SKU-PRD-4178,Audífonos Modelo 4178,Audífonos estéreo con micrófono y cancelación de ruido - Lote 4178,414.9,18
SKU-PRD-4179,Smartphone Modelo 4179,Teléfono inteligente con cámara dual y gran batería - Lote 4179,9396.97,176
SKU-PRD-4180,Smartwatch Modelo 4180,Reloj inteligente deportivo con monitor de salud - Lote 4180,1118.0,26
SKU-PRD-4181,Bocina Bluetooth Modelo 4181,Bocina inalámbrica portátil resistente al agua - Lote 4181,1507.64,171
SKU-PRD-4182,Monitor Modelo 4182,Pantalla LED Full HD con puertos HDMI - Lote 4182,3368.39,182
SKU-PRD-4183,Disco Duro Modelo 4183,Unidad de almacenamiento externo de alta velocidad - Lote 4183,3078.81,68
SKU-PRD-4184,Smartwatch Modelo 4184,Reloj inteligente deportivo con monitor de salud - Lote 4184,1747.49,126
SKU-PRD-4185,Monitor Modelo 4185,Pantalla LED Full HD con puertos HDMI - Lote 4185,3909.12,24
SKU-PRD-4186,Tablet Modelo 4186,Dispositivo táctil multimedia para estudio y trabajo - Lote 4186,6382.91,173
SKU-PRD-4187,Teclado Modelo 4187,Teclado multimedia con iluminación LED - Lote 4187,671.02,64
SKU-PRD-4188,Mouse Modelo 4188,Mouse óptico ergonómico con conexión USB - Lote 4188,151.73,165
SKU-PRD-4189,Impresora Modelo 4189,Impresora multifuncional a color con Wi-Fi - Lote 4189,2257.54,92
SKU-PRD-4190,Tablet Modelo 4190,Dispositivo táctil multimedia para estudio y trabajo - Lote 4190,5404.07,43
SKU-PRD-4191,Smartphone Modelo 4191,Teléfono inteligente con cámara dual y gran batería - Lote 4191,8791.1,145
SKU-PRD-4192,Audífonos Modelo 4192,Audífonos estéreo con micrófono y cancelación de ruido - Lote 4192,672.17,125
SKU-PRD-4193,Memoria USB Modelo 4193,Unidad flash portátil de transferencia rápida - Lote 4193,592.8,152
SKU-PRD-4194,Audífonos Modelo 4194,Audífonos estéreo con micrófono y cancelación de ruido - Lote 4194,1692.01,71
SKU-PRD-4195,Smartwatch Modelo 4195,Reloj inteligente deportivo con monitor de salud - Lote 4195,858.26,20
SKU-PRD-4196,Smartwatch Modelo 4196,Reloj inteligente deportivo con monitor de salud - Lote 4196,803.16,33
SKU-PRD-4197,Regulador Modelo 4197,Protector de voltaje multicontacto para oficina - Lote 4197,779.11,163
SKU-PRD-4198,Teclado Modelo 4198,Teclado multimedia con iluminación LED - Lote 4198,613.23,56
SKU-PRD-4199,Smartwatch Modelo 4199,Reloj inteligente deportivo con monitor de salud - Lote 4199,2023.23,72
SKU-PRD-4200,Laptop Modelo 4200,Ordenador portátil con procesador de alta velocidad y SSD - Lote 4200,15810.49,136
SKU-PRD-4201,Audífonos Modelo 4201,Audífonos estéreo con micrófono y cancelación de ruido - Lote 4201,434.11,75
SKU-PRD-4202,Smartwatch Modelo 4202,Reloj inteligente deportivo con monitor de salud - Lote 4202,2010.24,106
SKU-PRD-4203,Tablet Modelo 4203,Dispositivo táctil multimedia para estudio y trabajo - Lote 4203,4863.39,151
SKU-PRD-4204,Smartphone Modelo 4204,Teléfono inteligente con cámara dual y gran batería - Lote 4204,10312.45,82
SKU-PRD-4205,Bocina Bluetooth Modelo 4205,Bocina inalámbrica portátil resistente al agua - Lote 4205,464.27,23
SKU-PRD-4206,Impresora Modelo 4206,Impresora multifuncional a color con Wi-Fi - Lote 4206,2943.42,144
SKU-PRD-4207,Cable HDMI Modelo 4207,Cable de alta definición mallado 4K - Lote 4207,161.08,130
SKU-PRD-4208,Regulador Modelo 4208,Protector de voltaje multicontacto para oficina - Lote 4208,798.5,188
SKU-PRD-4209,Silla Gamer Modelo 4209,Silla ergonómica ajustable con soporte lumbar - Lote 4209,3759.63,9
SKU-PRD-4210,Memoria USB Modelo 4210,Unidad flash portátil de transferencia rápida - Lote 4210,148.63,132
SKU-PRD-4211,Laptop Modelo 4211,Ordenador portátil con procesador de alta velocidad y SSD - Lote 4211,11240.09,65
SKU-PRD-4212,Memoria USB Modelo 4212,Unidad flash portátil de transferencia rápida - Lote 4212,355.08,108
SKU-PRD-4213,Monitor Modelo 4213,Pantalla LED Full HD con puertos HDMI - Lote 4213,3513.04,168
SKU-PRD-4214,Smartphone Modelo 4214,Teléfono inteligente con cámara dual y gran batería - Lote 4214,5283.56,191
SKU-PRD-4215,Regulador Modelo 4215,Protector de voltaje multicontacto para oficina - Lote 4215,536.2,29
SKU-PRD-4216,Laptop Modelo 4216,Ordenador portátil con procesador de alta velocidad y SSD - Lote 4216,20194.14,8
SKU-PRD-4217,Bocina Bluetooth Modelo 4217,Bocina inalámbrica portátil resistente al agua - Lote 4217,1890.16,62
SKU-PRD-4218,Tablet Modelo 4218,Dispositivo táctil multimedia para estudio y trabajo - Lote 4218,4209.85,58
SKU-PRD-4219,Monitor Modelo 4219,Pantalla LED Full HD con puertos HDMI - Lote 4219,2923.52,78
SKU-PRD-4220,Memoria USB Modelo 4220,Unidad flash portátil de transferencia rápida - Lote 4220,273.72,99
SKU-PRD-4221,Tablet Modelo 4221,Dispositivo táctil multimedia para estudio y trabajo - Lote 4221,6387.97,85
SKU-PRD-4222,Tablet Modelo 4222,Dispositivo táctil multimedia para estudio y trabajo - Lote 4222,5281.43,97
SKU-PRD-4223,Tablet Modelo 4223,Dispositivo táctil multimedia para estudio y trabajo - Lote 4223,2605.15,193
SKU-PRD-4224,Monitor Modelo 4224,Pantalla LED Full HD con puertos HDMI - Lote 4224,6262.17,129
SKU-PRD-4225,Bocina Bluetooth Modelo 4225,Bocina inalámbrica portátil resistente al agua - Lote 4225,452.32,178
SKU-PRD-4226,Smartphone Modelo 4226,Teléfono inteligente con cámara dual y gran batería - Lote 4226,8779.57,113
SKU-PRD-4227,Mouse Modelo 4227,Mouse óptico ergonómico con conexión USB - Lote 4227,617.81,155
SKU-PRD-4228,Tablet Modelo 4228,Dispositivo táctil multimedia para estudio y trabajo - Lote 4228,5346.25,91
SKU-PRD-4229,Memoria USB Modelo 4229,Unidad flash portátil de transferencia rápida - Lote 4229,146.03,39
SKU-PRD-4230,Laptop Modelo 4230,Ordenador portátil con procesador de alta velocidad y SSD - Lote 4230,8069.79,138
SKU-PRD-4231,Monitor Modelo 4231,Pantalla LED Full HD con puertos HDMI - Lote 4231,5569.17,102
SKU-PRD-4232,Teclado Modelo 4232,Teclado multimedia con iluminación LED - Lote 4232,1261.73,110
SKU-PRD-4233,Impresora Modelo 4233,Impresora multifuncional a color con Wi-Fi - Lote 4233,4473.86,102
SKU-PRD-4234,Smartphone Modelo 4234,Teléfono inteligente con cámara dual y gran batería - Lote 4234,11734.74,114
SKU-PRD-4235,Mouse Modelo 4235,Mouse óptico ergonómico con conexión USB - Lote 4235,777.7,174
SKU-PRD-4236,Tablet Modelo 4236,Dispositivo táctil multimedia para estudio y trabajo - Lote 4236,2633.33,41
SKU-PRD-4237,Bocina Bluetooth Modelo 4237,Bocina inalámbrica portátil resistente al agua - Lote 4237,718.61,191
SKU-PRD-4238,Memoria USB Modelo 4238,Unidad flash portátil de transferencia rápida - Lote 4238,181.09,133
SKU-PRD-4239,Monitor Modelo 4239,Pantalla LED Full HD con puertos HDMI - Lote 4239,4789.27,156
SKU-PRD-4240,Teclado Modelo 4240,Teclado multimedia con iluminación LED - Lote 4240,583.03,89
SKU-PRD-4241,Smartwatch Modelo 4241,Reloj inteligente deportivo con monitor de salud - Lote 4241,1876.95,175
SKU-PRD-4242,Teclado Modelo 4242,Teclado multimedia con iluminación LED - Lote 4242,417.72,51
SKU-PRD-4243,Bocina Bluetooth Modelo 4243,Bocina inalámbrica portátil resistente al agua - Lote 4243,1094.14,65
SKU-PRD-4244,Teclado Modelo 4244,Teclado multimedia con iluminación LED - Lote 4244,493.83,141
SKU-PRD-4245,Laptop Modelo 4245,Ordenador portátil con procesador de alta velocidad y SSD - Lote 4245,19225.19,103
SKU-PRD-4246,Tablet Modelo 4246,Dispositivo táctil multimedia para estudio y trabajo - Lote 4246,3573.55,80
SKU-PRD-4247,Monitor Modelo 4247,Pantalla LED Full HD con puertos HDMI - Lote 4247,2688.3,182
SKU-PRD-4248,Impresora Modelo 4248,Impresora multifuncional a color con Wi-Fi - Lote 4248,2797.23,122
SKU-PRD-4249,Audífonos Modelo 4249,Audífonos estéreo con micrófono y cancelación de ruido - Lote 4249,1627.01,91
SKU-PRD-4250,Disco Duro Modelo 4250,Unidad de almacenamiento externo de alta velocidad - Lote 4250,2882.45,30
SKU-PRD-4251,Tablet Modelo 4251,Dispositivo táctil multimedia para estudio y trabajo - Lote 4251,5969.3,172
SKU-PRD-4252,Mouse Modelo 4252,Mouse óptico ergonómico con conexión USB - Lote 4252,721.43,68
SKU-PRD-4253,Silla Gamer Modelo 4253,Silla ergonómica ajustable con soporte lumbar - Lote 4253,4311.83,145
SKU-PRD-4254,Tablet Modelo 4254,Dispositivo táctil multimedia para estudio y trabajo - Lote 4254,3098.16,42
SKU-PRD-4255,Monitor Modelo 4255,Pantalla LED Full HD con puertos HDMI - Lote 4255,4935.11,118
SKU-PRD-4256,Memoria USB Modelo 4256,Unidad flash portátil de transferencia rápida - Lote 4256,268.6,195
SKU-PRD-4257,Monitor Modelo 4257,Pantalla LED Full HD con puertos HDMI - Lote 4257,3137.55,119
SKU-PRD-4258,Disco Duro Modelo 4258,Unidad de almacenamiento externo de alta velocidad - Lote 4258,2801.27,30
SKU-PRD-4259,Tablet Modelo 4259,Dispositivo táctil multimedia para estudio y trabajo - Lote 4259,5150.84,155
SKU-PRD-4260,Tablet Modelo 4260,Dispositivo táctil multimedia para estudio y trabajo - Lote 4260,2555.55,29
SKU-PRD-4261,Smartwatch Modelo 4261,Reloj inteligente deportivo con monitor de salud - Lote 4261,1262.04,66
SKU-PRD-4262,Audífonos Modelo 4262,Audífonos estéreo con micrófono y cancelación de ruido - Lote 4262,1350.49,110
SKU-PRD-4263,Smartphone Modelo 4263,Teléfono inteligente con cámara dual y gran batería - Lote 4263,11430.55,81
SKU-PRD-4264,Smartphone Modelo 4264,Teléfono inteligente con cámara dual y gran batería - Lote 4264,6353.53,154
SKU-PRD-4265,Silla Gamer Modelo 4265,Silla ergonómica ajustable con soporte lumbar - Lote 4265,5875.12,187
SKU-PRD-4266,Audífonos Modelo 4266,Audífonos estéreo con micrófono y cancelación de ruido - Lote 4266,349.34,14
SKU-PRD-4267,Smartphone Modelo 4267,Teléfono inteligente con cámara dual y gran batería - Lote 4267,8675.42,91
SKU-PRD-4268,Smartwatch Modelo 4268,Reloj inteligente deportivo con monitor de salud - Lote 4268,2020.23,70
SKU-PRD-4269,Regulador Modelo 4269,Protector de voltaje multicontacto para oficina - Lote 4269,995.33,71
SKU-PRD-4270,Memoria USB Modelo 4270,Unidad flash portátil de transferencia rápida - Lote 4270,164.11,56
SKU-PRD-4271,Tablet Modelo 4271,Dispositivo táctil multimedia para estudio y trabajo - Lote 4271,4252.2,163
SKU-PRD-4272,Monitor Modelo 4272,Pantalla LED Full HD con puertos HDMI - Lote 4272,2615.16,116
SKU-PRD-4273,Memoria USB Modelo 4273,Unidad flash portátil de transferencia rápida - Lote 4273,376.13,147
SKU-PRD-4274,Mouse Modelo 4274,Mouse óptico ergonómico con conexión USB - Lote 4274,560.88,14
SKU-PRD-4275,Silla Gamer Modelo 4275,Silla ergonómica ajustable con soporte lumbar - Lote 4275,5727.45,183
SKU-PRD-4276,Smartphone Modelo 4276,Teléfono inteligente con cámara dual y gran batería - Lote 4276,4735.69,131
SKU-PRD-4277,Silla Gamer Modelo 4277,Silla ergonómica ajustable con soporte lumbar - Lote 4277,3311.67,173
SKU-PRD-4278,Bocina Bluetooth Modelo 4278,Bocina inalámbrica portátil resistente al agua - Lote 4278,1029.45,97
SKU-PRD-4279,Tablet Modelo 4279,Dispositivo táctil multimedia para estudio y trabajo - Lote 4279,4115.35,165
SKU-PRD-4280,Audífonos Modelo 4280,Audífonos estéreo con micrófono y cancelación de ruido - Lote 4280,301.14,120
SKU-PRD-4281,Laptop Modelo 4281,Ordenador portátil con procesador de alta velocidad y SSD - Lote 4281,15583.84,106
SKU-PRD-4282,Impresora Modelo 4282,Impresora multifuncional a color con Wi-Fi - Lote 4282,3446.45,25
SKU-PRD-4283,Smartphone Modelo 4283,Teléfono inteligente con cámara dual y gran batería - Lote 4283,3783.65,125
SKU-PRD-4284,Cable HDMI Modelo 4284,Cable de alta definición mallado 4K - Lote 4284,130.36,197
SKU-PRD-4285,Smartwatch Modelo 4285,Reloj inteligente deportivo con monitor de salud - Lote 4285,985.35,39
SKU-PRD-4286,Smartwatch Modelo 4286,Reloj inteligente deportivo con monitor de salud - Lote 4286,2156.34,46
SKU-PRD-4287,Smartphone Modelo 4287,Teléfono inteligente con cámara dual y gran batería - Lote 4287,10371.23,41
SKU-PRD-4288,Memoria USB Modelo 4288,Unidad flash portátil de transferencia rápida - Lote 4288,426.41,111
SKU-PRD-4289,Mouse Modelo 4289,Mouse óptico ergonómico con conexión USB - Lote 4289,595.46,65
SKU-PRD-4290,Impresora Modelo 4290,Impresora multifuncional a color con Wi-Fi - Lote 4290,2754.92,43
SKU-PRD-4291,Tablet Modelo 4291,Dispositivo táctil multimedia para estudio y trabajo - Lote 4291,3995.61,162
SKU-PRD-4292,Regulador Modelo 4292,Protector de voltaje multicontacto para oficina - Lote 4292,414.01,72
SKU-PRD-4293,Mouse Modelo 4293,Mouse óptico ergonómico con conexión USB - Lote 4293,225.84,111
SKU-PRD-4294,Smartwatch Modelo 4294,Reloj inteligente deportivo con monitor de salud - Lote 4294,2034.83,47
SKU-PRD-4295,Cable HDMI Modelo 4295,Cable de alta definición mallado 4K - Lote 4295,187.76,129
SKU-PRD-4296,Laptop Modelo 4296,Ordenador portátil con procesador de alta velocidad y SSD - Lote 4296,10338.53,30
SKU-PRD-4297,Cable HDMI Modelo 4297,Cable de alta definición mallado 4K - Lote 4297,96.88,76
SKU-PRD-4298,Smartwatch Modelo 4298,Reloj inteligente deportivo con monitor de salud - Lote 4298,1317.67,185
SKU-PRD-4299,Impresora Modelo 4299,Impresora multifuncional a color con Wi-Fi - Lote 4299,2908.15,136
SKU-PRD-4300,Monitor Modelo 4300,Pantalla LED Full HD con puertos HDMI - Lote 4300,4763.87,142
SKU-PRD-4301,Silla Gamer Modelo 4301,Silla ergonómica ajustable con soporte lumbar - Lote 4301,4430.04,59
SKU-PRD-4302,Audífonos Modelo 4302,Audífonos estéreo con micrófono y cancelación de ruido - Lote 4302,1464.32,23
SKU-PRD-4303,Memoria USB Modelo 4303,Unidad flash portátil de transferencia rápida - Lote 4303,224.91,78
SKU-PRD-4304,Bocina Bluetooth Modelo 4304,Bocina inalámbrica portátil resistente al agua - Lote 4304,1233.07,105
SKU-PRD-4305,Regulador Modelo 4305,Protector de voltaje multicontacto para oficina - Lote 4305,1084.49,194
SKU-PRD-4306,Mouse Modelo 4306,Mouse óptico ergonómico con conexión USB - Lote 4306,813.43,160
SKU-PRD-4307,Smartphone Modelo 4307,Teléfono inteligente con cámara dual y gran batería - Lote 4307,6177.01,181
SKU-PRD-4308,Monitor Modelo 4308,Pantalla LED Full HD con puertos HDMI - Lote 4308,5663.96,188
SKU-PRD-4309,Memoria USB Modelo 4309,Unidad flash portátil de transferencia rápida - Lote 4309,302.92,112
SKU-PRD-4310,Disco Duro Modelo 4310,Unidad de almacenamiento externo de alta velocidad - Lote 4310,2736.24,165
SKU-PRD-4311,Monitor Modelo 4311,Pantalla LED Full HD con puertos HDMI - Lote 4311,2688.2,121
SKU-PRD-4312,Tablet Modelo 4312,Dispositivo táctil multimedia para estudio y trabajo - Lote 4312,2953.7,109
SKU-PRD-4313,Smartphone Modelo 4313,Teléfono inteligente con cámara dual y gran batería - Lote 4313,6067.57,68
SKU-PRD-4314,Regulador Modelo 4314,Protector de voltaje multicontacto para oficina - Lote 4314,979.16,107
SKU-PRD-4315,Regulador Modelo 4315,Protector de voltaje multicontacto para oficina - Lote 4315,934.51,140
SKU-PRD-4316,Smartwatch Modelo 4316,Reloj inteligente deportivo con monitor de salud - Lote 4316,522.03,78
SKU-PRD-4317,Impresora Modelo 4317,Impresora multifuncional a color con Wi-Fi - Lote 4317,2073.7,97
SKU-PRD-4318,Memoria USB Modelo 4318,Unidad flash portátil de transferencia rápida - Lote 4318,459.31,126
SKU-PRD-4319,Tablet Modelo 4319,Dispositivo táctil multimedia para estudio y trabajo - Lote 4319,5237.14,55
SKU-PRD-4320,Teclado Modelo 4320,Teclado multimedia con iluminación LED - Lote 4320,978.92,179
SKU-PRD-4321,Memoria USB Modelo 4321,Unidad flash portátil de transferencia rápida - Lote 4321,529.04,129
SKU-PRD-4322,Regulador Modelo 4322,Protector de voltaje multicontacto para oficina - Lote 4322,979.02,101
SKU-PRD-4323,Bocina Bluetooth Modelo 4323,Bocina inalámbrica portátil resistente al agua - Lote 4323,1461.03,48
SKU-PRD-4324,Bocina Bluetooth Modelo 4324,Bocina inalámbrica portátil resistente al agua - Lote 4324,1102.88,50
SKU-PRD-4325,Smartphone Modelo 4325,Teléfono inteligente con cámara dual y gran batería - Lote 4325,8520.71,141
SKU-PRD-4326,Mouse Modelo 4326,Mouse óptico ergonómico con conexión USB - Lote 4326,185.86,161
SKU-PRD-4327,Silla Gamer Modelo 4327,Silla ergonómica ajustable con soporte lumbar - Lote 4327,5533.31,64
SKU-PRD-4328,Cable HDMI Modelo 4328,Cable de alta definición mallado 4K - Lote 4328,249.11,30
SKU-PRD-4329,Laptop Modelo 4329,Ordenador portátil con procesador de alta velocidad y SSD - Lote 4329,20274.7,90
SKU-PRD-4330,Audífonos Modelo 4330,Audífonos estéreo con micrófono y cancelación de ruido - Lote 4330,434.29,22
SKU-PRD-4331,Mouse Modelo 4331,Mouse óptico ergonómico con conexión USB - Lote 4331,834.13,178
SKU-PRD-4332,Monitor Modelo 4332,Pantalla LED Full HD con puertos HDMI - Lote 4332,4052.37,74
SKU-PRD-4333,Teclado Modelo 4333,Teclado multimedia con iluminación LED - Lote 4333,1253.43,22
SKU-PRD-4334,Disco Duro Modelo 4334,Unidad de almacenamiento externo de alta velocidad - Lote 4334,3184.13,183
SKU-PRD-4335,Regulador Modelo 4335,Protector de voltaje multicontacto para oficina - Lote 4335,567.89,194
SKU-PRD-4336,Smartphone Modelo 4336,Teléfono inteligente con cámara dual y gran batería - Lote 4336,6070.68,164
SKU-PRD-4337,Smartphone Modelo 4337,Teléfono inteligente con cámara dual y gran batería - Lote 4337,3548.48,111
SKU-PRD-4338,Tablet Modelo 4338,Dispositivo táctil multimedia para estudio y trabajo - Lote 4338,6762.21,146
SKU-PRD-4339,Regulador Modelo 4339,Protector de voltaje multicontacto para oficina - Lote 4339,1198.81,140
SKU-PRD-4340,Smartphone Modelo 4340,Teléfono inteligente con cámara dual y gran batería - Lote 4340,10982.4,102
SKU-PRD-4341,Audífonos Modelo 4341,Audífonos estéreo con micrófono y cancelación de ruido - Lote 4341,1139.12,145
SKU-PRD-4342,Disco Duro Modelo 4342,Unidad de almacenamiento externo de alta velocidad - Lote 4342,2679.42,186
SKU-PRD-4343,Smartwatch Modelo 4343,Reloj inteligente deportivo con monitor de salud - Lote 4343,1846.86,94
SKU-PRD-4344,Impresora Modelo 4344,Impresora multifuncional a color con Wi-Fi - Lote 4344,3113.55,164
SKU-PRD-4345,Cable HDMI Modelo 4345,Cable de alta definición mallado 4K - Lote 4345,134.95,5
SKU-PRD-4346,Cable HDMI Modelo 4346,Cable de alta definición mallado 4K - Lote 4346,110.91,159
SKU-PRD-4347,Impresora Modelo 4347,Impresora multifuncional a color con Wi-Fi - Lote 4347,4107.27,33
SKU-PRD-4348,Smartwatch Modelo 4348,Reloj inteligente deportivo con monitor de salud - Lote 4348,2435.01,166
SKU-PRD-4349,Audífonos Modelo 4349,Audífonos estéreo con micrófono y cancelación de ruido - Lote 4349,1624.49,77
SKU-PRD-4350,Laptop Modelo 4350,Ordenador portátil con procesador de alta velocidad y SSD - Lote 4350,16254.49,170
SKU-PRD-4351,Monitor Modelo 4351,Pantalla LED Full HD con puertos HDMI - Lote 4351,5169.13,127
SKU-PRD-4352,Smartphone Modelo 4352,Teléfono inteligente con cámara dual y gran batería - Lote 4352,5587.29,10
SKU-PRD-4353,Disco Duro Modelo 4353,Unidad de almacenamiento externo de alta velocidad - Lote 4353,2162.04,35
SKU-PRD-4354,Tablet Modelo 4354,Dispositivo táctil multimedia para estudio y trabajo - Lote 4354,6733.28,40
SKU-PRD-4355,Disco Duro Modelo 4355,Unidad de almacenamiento externo de alta velocidad - Lote 4355,1912.16,99
SKU-PRD-4356,Disco Duro Modelo 4356,Unidad de almacenamiento externo de alta velocidad - Lote 4356,3468.18,55
SKU-PRD-4357,Regulador Modelo 4357,Protector de voltaje multicontacto para oficina - Lote 4357,1124.67,104
SKU-PRD-4358,Tablet Modelo 4358,Dispositivo táctil multimedia para estudio y trabajo - Lote 4358,3335.74,74
SKU-PRD-4359,Smartwatch Modelo 4359,Reloj inteligente deportivo con monitor de salud - Lote 4359,874.01,96
SKU-PRD-4360,Monitor Modelo 4360,Pantalla LED Full HD con puertos HDMI - Lote 4360,2862.21,88
SKU-PRD-4361,Impresora Modelo 4361,Impresora multifuncional a color con Wi-Fi - Lote 4361,2869.19,10
SKU-PRD-4362,Memoria USB Modelo 4362,Unidad flash portátil de transferencia rápida - Lote 4362,396.68,160
SKU-PRD-4363,Mouse Modelo 4363,Mouse óptico ergonómico con conexión USB - Lote 4363,260.39,143
SKU-PRD-4364,Laptop Modelo 4364,Ordenador portátil con procesador de alta velocidad y SSD - Lote 4364,24328.66,124
SKU-PRD-4365,Monitor Modelo 4365,Pantalla LED Full HD con puertos HDMI - Lote 4365,3979.85,135
SKU-PRD-4366,Smartphone Modelo 4366,Teléfono inteligente con cámara dual y gran batería - Lote 4366,5474.86,89
SKU-PRD-4367,Smartwatch Modelo 4367,Reloj inteligente deportivo con monitor de salud - Lote 4367,688.77,52
SKU-PRD-4368,Audífonos Modelo 4368,Audífonos estéreo con micrófono y cancelación de ruido - Lote 4368,699.54,71
SKU-PRD-4369,Monitor Modelo 4369,Pantalla LED Full HD con puertos HDMI - Lote 4369,3523.82,157
SKU-PRD-4370,Bocina Bluetooth Modelo 4370,Bocina inalámbrica portátil resistente al agua - Lote 4370,1752.3,73
SKU-PRD-4371,Cable HDMI Modelo 4371,Cable de alta definición mallado 4K - Lote 4371,235.67,122
SKU-PRD-4372,Silla Gamer Modelo 4372,Silla ergonómica ajustable con soporte lumbar - Lote 4372,5942.67,132
SKU-PRD-4373,Smartphone Modelo 4373,Teléfono inteligente con cámara dual y gran batería - Lote 4373,7378.77,81
SKU-PRD-4374,Bocina Bluetooth Modelo 4374,Bocina inalámbrica portátil resistente al agua - Lote 4374,839.23,12
SKU-PRD-4375,Tablet Modelo 4375,Dispositivo táctil multimedia para estudio y trabajo - Lote 4375,5532.07,60
SKU-PRD-4376,Tablet Modelo 4376,Dispositivo táctil multimedia para estudio y trabajo - Lote 4376,6982.12,16
SKU-PRD-4377,Teclado Modelo 4377,Teclado multimedia con iluminación LED - Lote 4377,764.02,69
SKU-PRD-4378,Memoria USB Modelo 4378,Unidad flash portátil de transferencia rápida - Lote 4378,108.57,118
SKU-PRD-4379,Memoria USB Modelo 4379,Unidad flash portátil de transferencia rápida - Lote 4379,452.67,41
SKU-PRD-4380,Regulador Modelo 4380,Protector de voltaje multicontacto para oficina - Lote 4380,418.09,177
SKU-PRD-4381,Tablet Modelo 4381,Dispositivo táctil multimedia para estudio y trabajo - Lote 4381,5387.08,126
SKU-PRD-4382,Memoria USB Modelo 4382,Unidad flash portátil de transferencia rápida - Lote 4382,138.06,154
SKU-PRD-4383,Audífonos Modelo 4383,Audífonos estéreo con micrófono y cancelación de ruido - Lote 4383,1572.86,65
SKU-PRD-4384,Cable HDMI Modelo 4384,Cable de alta definición mallado 4K - Lote 4384,347.43,187
SKU-PRD-4385,Bocina Bluetooth Modelo 4385,Bocina inalámbrica portátil resistente al agua - Lote 4385,1562.6,20
SKU-PRD-4386,Audífonos Modelo 4386,Audífonos estéreo con micrófono y cancelación de ruido - Lote 4386,1239.15,72
SKU-PRD-4387,Silla Gamer Modelo 4387,Silla ergonómica ajustable con soporte lumbar - Lote 4387,2966.8,44
SKU-PRD-4388,Smartwatch Modelo 4388,Reloj inteligente deportivo con monitor de salud - Lote 4388,805.06,24
SKU-PRD-4389,Regulador Modelo 4389,Protector de voltaje multicontacto para oficina - Lote 4389,1109.61,55
SKU-PRD-4390,Audífonos Modelo 4390,Audífonos estéreo con micrófono y cancelación de ruido - Lote 4390,849.12,126
SKU-PRD-4391,Tablet Modelo 4391,Dispositivo táctil multimedia para estudio y trabajo - Lote 4391,5381.02,163
SKU-PRD-4392,Bocina Bluetooth Modelo 4392,Bocina inalámbrica portátil resistente al agua - Lote 4392,1157.32,77
SKU-PRD-4393,Memoria USB Modelo 4393,Unidad flash portátil de transferencia rápida - Lote 4393,301.63,101
SKU-PRD-4394,Laptop Modelo 4394,Ordenador portátil con procesador de alta velocidad y SSD - Lote 4394,10990.56,51
SKU-PRD-4395,Teclado Modelo 4395,Teclado multimedia con iluminación LED - Lote 4395,1463.55,37
SKU-PRD-4396,Mouse Modelo 4396,Mouse óptico ergonómico con conexión USB - Lote 4396,225.88,176
SKU-PRD-4397,Audífonos Modelo 4397,Audífonos estéreo con micrófono y cancelación de ruido - Lote 4397,1004.58,166
SKU-PRD-4398,Bocina Bluetooth Modelo 4398,Bocina inalámbrica portátil resistente al agua - Lote 4398,441.63,16
SKU-PRD-4399,Laptop Modelo 4399,Ordenador portátil con procesador de alta velocidad y SSD - Lote 4399,23390.02,103
SKU-PRD-4400,Bocina Bluetooth Modelo 4400,Bocina inalámbrica portátil resistente al agua - Lote 4400,1120.41,48
SKU-PRD-4401,Laptop Modelo 4401,Ordenador portátil con procesador de alta velocidad y SSD - Lote 4401,16377.66,182
SKU-PRD-4402,Smartphone Modelo 4402,Teléfono inteligente con cámara dual y gran batería - Lote 4402,6532.0,63
SKU-PRD-4403,Bocina Bluetooth Modelo 4403,Bocina inalámbrica portátil resistente al agua - Lote 4403,1677.87,13
SKU-PRD-4404,Laptop Modelo 4404,Ordenador portátil con procesador de alta velocidad y SSD - Lote 4404,16092.81,29
SKU-PRD-4405,Teclado Modelo 4405,Teclado multimedia con iluminación LED - Lote 4405,1283.04,114
SKU-PRD-4406,Impresora Modelo 4406,Impresora multifuncional a color con Wi-Fi - Lote 4406,2385.73,60
SKU-PRD-4407,Smartwatch Modelo 4407,Reloj inteligente deportivo con monitor de salud - Lote 4407,1167.23,84
SKU-PRD-4408,Smartphone Modelo 4408,Teléfono inteligente con cámara dual y gran batería - Lote 4408,10894.25,92
SKU-PRD-4409,Mouse Modelo 4409,Mouse óptico ergonómico con conexión USB - Lote 4409,216.57,181
SKU-PRD-4410,Audífonos Modelo 4410,Audífonos estéreo con micrófono y cancelación de ruido - Lote 4410,395.31,121
SKU-PRD-4411,Monitor Modelo 4411,Pantalla LED Full HD con puertos HDMI - Lote 4411,5594.31,27
SKU-PRD-4412,Teclado Modelo 4412,Teclado multimedia con iluminación LED - Lote 4412,1093.51,106
SKU-PRD-4413,Regulador Modelo 4413,Protector de voltaje multicontacto para oficina - Lote 4413,819.54,197
SKU-PRD-4414,Smartphone Modelo 4414,Teléfono inteligente con cámara dual y gran batería - Lote 4414,6353.16,51
SKU-PRD-4415,Disco Duro Modelo 4415,Unidad de almacenamiento externo de alta velocidad - Lote 4415,1669.63,112
SKU-PRD-4416,Bocina Bluetooth Modelo 4416,Bocina inalámbrica portátil resistente al agua - Lote 4416,1813.64,153
SKU-PRD-4417,Impresora Modelo 4417,Impresora multifuncional a color con Wi-Fi - Lote 4417,4147.55,159
SKU-PRD-4418,Cable HDMI Modelo 4418,Cable de alta definición mallado 4K - Lote 4418,332.91,35
SKU-PRD-4419,Bocina Bluetooth Modelo 4419,Bocina inalámbrica portátil resistente al agua - Lote 4419,1958.0,6
SKU-PRD-4420,Smartwatch Modelo 4420,Reloj inteligente deportivo con monitor de salud - Lote 4420,2464.93,125
SKU-PRD-4421,Audífonos Modelo 4421,Audífonos estéreo con micrófono y cancelación de ruido - Lote 4421,1556.23,35
SKU-PRD-4422,Bocina Bluetooth Modelo 4422,Bocina inalámbrica portátil resistente al agua - Lote 4422,1622.6,64
SKU-PRD-4423,Memoria USB Modelo 4423,Unidad flash portátil de transferencia rápida - Lote 4423,520.2,189
SKU-PRD-4424,Audífonos Modelo 4424,Audífonos estéreo con micrófono y cancelación de ruido - Lote 4424,408.13,158
SKU-PRD-4425,Monitor Modelo 4425,Pantalla LED Full HD con puertos HDMI - Lote 4425,3451.66,117
SKU-PRD-4426,Monitor Modelo 4426,Pantalla LED Full HD con puertos HDMI - Lote 4426,2879.31,54
SKU-PRD-4427,Smartwatch Modelo 4427,Reloj inteligente deportivo con monitor de salud - Lote 4427,846.69,8
SKU-PRD-4428,Bocina Bluetooth Modelo 4428,Bocina inalámbrica portátil resistente al agua - Lote 4428,535.4,81
SKU-PRD-4429,Regulador Modelo 4429,Protector de voltaje multicontacto para oficina - Lote 4429,776.26,105
SKU-PRD-4430,Monitor Modelo 4430,Pantalla LED Full HD con puertos HDMI - Lote 4430,4869.88,200
SKU-PRD-4431,Regulador Modelo 4431,Protector de voltaje multicontacto para oficina - Lote 4431,490.51,162
SKU-PRD-4432,Monitor Modelo 4432,Pantalla LED Full HD con puertos HDMI - Lote 4432,2701.84,139
SKU-PRD-4433,Mouse Modelo 4433,Mouse óptico ergonómico con conexión USB - Lote 4433,458.45,89
SKU-PRD-4434,Monitor Modelo 4434,Pantalla LED Full HD con puertos HDMI - Lote 4434,6253.26,12
SKU-PRD-4435,Teclado Modelo 4435,Teclado multimedia con iluminación LED - Lote 4435,809.48,84
SKU-PRD-4436,Laptop Modelo 4436,Ordenador portátil con procesador de alta velocidad y SSD - Lote 4436,18152.99,192
SKU-PRD-4437,Smartwatch Modelo 4437,Reloj inteligente deportivo con monitor de salud - Lote 4437,1179.0,166
SKU-PRD-4438,Bocina Bluetooth Modelo 4438,Bocina inalámbrica portátil resistente al agua - Lote 4438,1166.49,182
SKU-PRD-4439,Tablet Modelo 4439,Dispositivo táctil multimedia para estudio y trabajo - Lote 4439,6380.34,23
SKU-PRD-4440,Mouse Modelo 4440,Mouse óptico ergonómico con conexión USB - Lote 4440,150.76,200
SKU-PRD-4441,Smartphone Modelo 4441,Teléfono inteligente con cámara dual y gran batería - Lote 4441,10070.69,42
SKU-PRD-4442,Cable HDMI Modelo 4442,Cable de alta definición mallado 4K - Lote 4442,145.91,146
SKU-PRD-4443,Teclado Modelo 4443,Teclado multimedia con iluminación LED - Lote 4443,943.93,17
SKU-PRD-4444,Tablet Modelo 4444,Dispositivo táctil multimedia para estudio y trabajo - Lote 4444,3036.82,67
SKU-PRD-4445,Cable HDMI Modelo 4445,Cable de alta definición mallado 4K - Lote 4445,165.45,122
SKU-PRD-4446,Tablet Modelo 4446,Dispositivo táctil multimedia para estudio y trabajo - Lote 4446,5182.0,96
SKU-PRD-4447,Teclado Modelo 4447,Teclado multimedia con iluminación LED - Lote 4447,477.76,43
SKU-PRD-4448,Memoria USB Modelo 4448,Unidad flash portátil de transferencia rápida - Lote 4448,384.48,158
SKU-PRD-4449,Tablet Modelo 4449,Dispositivo táctil multimedia para estudio y trabajo - Lote 4449,3323.99,193
SKU-PRD-4450,Audífonos Modelo 4450,Audífonos estéreo con micrófono y cancelación de ruido - Lote 4450,1195.47,48
SKU-PRD-4451,Regulador Modelo 4451,Protector de voltaje multicontacto para oficina - Lote 4451,1098.13,8
SKU-PRD-4452,Disco Duro Modelo 4452,Unidad de almacenamiento externo de alta velocidad - Lote 4452,1512.6,63
SKU-PRD-4453,Monitor Modelo 4453,Pantalla LED Full HD con puertos HDMI - Lote 4453,4067.19,59
SKU-PRD-4454,Regulador Modelo 4454,Protector de voltaje multicontacto para oficina - Lote 4454,735.37,167
SKU-PRD-4455,Regulador Modelo 4455,Protector de voltaje multicontacto para oficina - Lote 4455,533.27,54
SKU-PRD-4456,Smartwatch Modelo 4456,Reloj inteligente deportivo con monitor de salud - Lote 4456,1332.52,187
SKU-PRD-4457,Cable HDMI Modelo 4457,Cable de alta definición mallado 4K - Lote 4457,232.11,196
SKU-PRD-4458,Mouse Modelo 4458,Mouse óptico ergonómico con conexión USB - Lote 4458,472.56,200
SKU-PRD-4459,Audífonos Modelo 4459,Audífonos estéreo con micrófono y cancelación de ruido - Lote 4459,687.76,66
SKU-PRD-4460,Monitor Modelo 4460,Pantalla LED Full HD con puertos HDMI - Lote 4460,4550.2,146
SKU-PRD-4461,Monitor Modelo 4461,Pantalla LED Full HD con puertos HDMI - Lote 4461,5991.46,32
SKU-PRD-4462,Impresora Modelo 4462,Impresora multifuncional a color con Wi-Fi - Lote 4462,1980.37,73
SKU-PRD-4463,Smartphone Modelo 4463,Teléfono inteligente con cámara dual y gran batería - Lote 4463,6712.69,151
SKU-PRD-4464,Smartwatch Modelo 4464,Reloj inteligente deportivo con monitor de salud - Lote 4464,1279.86,156
SKU-PRD-4465,Disco Duro Modelo 4465,Unidad de almacenamiento externo de alta velocidad - Lote 4465,3059.33,181
SKU-PRD-4466,Regulador Modelo 4466,Protector de voltaje multicontacto para oficina - Lote 4466,869.33,66
SKU-PRD-4467,Regulador Modelo 4467,Protector de voltaje multicontacto para oficina - Lote 4467,1114.02,103
SKU-PRD-4468,Regulador Modelo 4468,Protector de voltaje multicontacto para oficina - Lote 4468,727.76,106
SKU-PRD-4469,Impresora Modelo 4469,Impresora multifuncional a color con Wi-Fi - Lote 4469,2109.8,31
SKU-PRD-4470,Audífonos Modelo 4470,Audífonos estéreo con micrófono y cancelación de ruido - Lote 4470,1228.01,187
SKU-PRD-4471,Teclado Modelo 4471,Teclado multimedia con iluminación LED - Lote 4471,559.47,194
SKU-PRD-4472,Smartphone Modelo 4472,Teléfono inteligente con cámara dual y gran batería - Lote 4472,9595.72,12
SKU-PRD-4473,Laptop Modelo 4473,Ordenador portátil con procesador de alta velocidad y SSD - Lote 4473,19097.74,183
SKU-PRD-4474,Monitor Modelo 4474,Pantalla LED Full HD con puertos HDMI - Lote 4474,3189.41,47
SKU-PRD-4475,Smartwatch Modelo 4475,Reloj inteligente deportivo con monitor de salud - Lote 4475,1411.4,191
SKU-PRD-4476,Disco Duro Modelo 4476,Unidad de almacenamiento externo de alta velocidad - Lote 4476,1854.74,177
SKU-PRD-4477,Regulador Modelo 4477,Protector de voltaje multicontacto para oficina - Lote 4477,738.52,66
SKU-PRD-4478,Laptop Modelo 4478,Ordenador portátil con procesador de alta velocidad y SSD - Lote 4478,9087.78,175
SKU-PRD-4479,Smartphone Modelo 4479,Teléfono inteligente con cámara dual y gran batería - Lote 4479,11943.48,139
SKU-PRD-4480,Monitor Modelo 4480,Pantalla LED Full HD con puertos HDMI - Lote 4480,5712.08,47
SKU-PRD-4481,Regulador Modelo 4481,Protector de voltaje multicontacto para oficina - Lote 4481,477.28,77
SKU-PRD-4482,Memoria USB Modelo 4482,Unidad flash portátil de transferencia rápida - Lote 4482,511.68,53
SKU-PRD-4483,Bocina Bluetooth Modelo 4483,Bocina inalámbrica portátil resistente al agua - Lote 4483,981.48,119
SKU-PRD-4484,Teclado Modelo 4484,Teclado multimedia con iluminación LED - Lote 4484,798.75,88
SKU-PRD-4485,Mouse Modelo 4485,Mouse óptico ergonómico con conexión USB - Lote 4485,866.22,105
SKU-PRD-4486,Smartwatch Modelo 4486,Reloj inteligente deportivo con monitor de salud - Lote 4486,964.87,39
SKU-PRD-4487,Regulador Modelo 4487,Protector de voltaje multicontacto para oficina - Lote 4487,1169.47,146
SKU-PRD-4488,Smartphone Modelo 4488,Teléfono inteligente con cámara dual y gran batería - Lote 4488,5625.79,176
SKU-PRD-4489,Monitor Modelo 4489,Pantalla LED Full HD con puertos HDMI - Lote 4489,3899.88,29
SKU-PRD-4490,Smartphone Modelo 4490,Teléfono inteligente con cámara dual y gran batería - Lote 4490,5014.38,185
SKU-PRD-4491,Bocina Bluetooth Modelo 4491,Bocina inalámbrica portátil resistente al agua - Lote 4491,1669.76,82
SKU-PRD-4492,Cable HDMI Modelo 4492,Cable de alta definición mallado 4K - Lote 4492,202.45,142
SKU-PRD-4493,Tablet Modelo 4493,Dispositivo táctil multimedia para estudio y trabajo - Lote 4493,7203.23,186
SKU-PRD-4494,Disco Duro Modelo 4494,Unidad de almacenamiento externo de alta velocidad - Lote 4494,2440.46,125
SKU-PRD-4495,Bocina Bluetooth Modelo 4495,Bocina inalámbrica portátil resistente al agua - Lote 4495,1523.57,127
SKU-PRD-4496,Mouse Modelo 4496,Mouse óptico ergonómico con conexión USB - Lote 4496,284.81,63
SKU-PRD-4497,Silla Gamer Modelo 4497,Silla ergonómica ajustable con soporte lumbar - Lote 4497,4140.06,115
SKU-PRD-4498,Teclado Modelo 4498,Teclado multimedia con iluminación LED - Lote 4498,1221.88,20
SKU-PRD-4499,Smartphone Modelo 4499,Teléfono inteligente con cámara dual y gran batería - Lote 4499,11031.36,133
SKU-PRD-4500,Silla Gamer Modelo 4500,Silla ergonómica ajustable con soporte lumbar - Lote 4500,5894.09,67
SKU-PRD-4501,Monitor Modelo 4501,Pantalla LED Full HD con puertos HDMI - Lote 4501,4462.91,39
SKU-PRD-4502,Mouse Modelo 4502,Mouse óptico ergonómico con conexión USB - Lote 4502,281.32,158
SKU-PRD-4503,Silla Gamer Modelo 4503,Silla ergonómica ajustable con soporte lumbar - Lote 4503,2867.41,160
SKU-PRD-4504,Bocina Bluetooth Modelo 4504,Bocina inalámbrica portátil resistente al agua - Lote 4504,1121.74,187
SKU-PRD-4505,Cable HDMI Modelo 4505,Cable de alta definición mallado 4K - Lote 4505,216.71,95
SKU-PRD-4506,Impresora Modelo 4506,Impresora multifuncional a color con Wi-Fi - Lote 4506,2706.29,55
SKU-PRD-4507,Tablet Modelo 4507,Dispositivo táctil multimedia para estudio y trabajo - Lote 4507,3687.4,108
SKU-PRD-4508,Smartwatch Modelo 4508,Reloj inteligente deportivo con monitor de salud - Lote 4508,1973.67,115
SKU-PRD-4509,Impresora Modelo 4509,Impresora multifuncional a color con Wi-Fi - Lote 4509,2321.49,55
SKU-PRD-4510,Memoria USB Modelo 4510,Unidad flash portátil de transferencia rápida - Lote 4510,103.92,37
SKU-PRD-4511,Smartwatch Modelo 4511,Reloj inteligente deportivo con monitor de salud - Lote 4511,1517.51,170
SKU-PRD-4512,Cable HDMI Modelo 4512,Cable de alta definición mallado 4K - Lote 4512,197.4,70
SKU-PRD-4513,Silla Gamer Modelo 4513,Silla ergonómica ajustable con soporte lumbar - Lote 4513,4459.23,59
SKU-PRD-4514,Cable HDMI Modelo 4514,Cable de alta definición mallado 4K - Lote 4514,273.37,142
SKU-PRD-4515,Impresora Modelo 4515,Impresora multifuncional a color con Wi-Fi - Lote 4515,2979.05,182
SKU-PRD-4516,Memoria USB Modelo 4516,Unidad flash portátil de transferencia rápida - Lote 4516,240.89,30
SKU-PRD-4517,Disco Duro Modelo 4517,Unidad de almacenamiento externo de alta velocidad - Lote 4517,2024.88,142
SKU-PRD-4518,Smartphone Modelo 4518,Teléfono inteligente con cámara dual y gran batería - Lote 4518,8525.11,39
SKU-PRD-4519,Audífonos Modelo 4519,Audífonos estéreo con micrófono y cancelación de ruido - Lote 4519,1211.88,136
SKU-PRD-4520,Bocina Bluetooth Modelo 4520,Bocina inalámbrica portátil resistente al agua - Lote 4520,415.58,138
SKU-PRD-4521,Regulador Modelo 4521,Protector de voltaje multicontacto para oficina - Lote 4521,969.93,198
SKU-PRD-4522,Cable HDMI Modelo 4522,Cable de alta definición mallado 4K - Lote 4522,332.97,197
SKU-PRD-4523,Disco Duro Modelo 4523,Unidad de almacenamiento externo de alta velocidad - Lote 4523,3306.4,6
SKU-PRD-4524,Cable HDMI Modelo 4524,Cable de alta definición mallado 4K - Lote 4524,139.13,181
SKU-PRD-4525,Smartphone Modelo 4525,Teléfono inteligente con cámara dual y gran batería - Lote 4525,11040.61,19
SKU-PRD-4526,Tablet Modelo 4526,Dispositivo táctil multimedia para estudio y trabajo - Lote 4526,4041.83,175
SKU-PRD-4527,Monitor Modelo 4527,Pantalla LED Full HD con puertos HDMI - Lote 4527,5029.27,67
SKU-PRD-4528,Smartwatch Modelo 4528,Reloj inteligente deportivo con monitor de salud - Lote 4528,2256.76,24
SKU-PRD-4529,Bocina Bluetooth Modelo 4529,Bocina inalámbrica portátil resistente al agua - Lote 4529,412.73,10
SKU-PRD-4530,Cable HDMI Modelo 4530,Cable de alta definición mallado 4K - Lote 4530,289.83,165
SKU-PRD-4531,Memoria USB Modelo 4531,Unidad flash portátil de transferencia rápida - Lote 4531,540.38,5
SKU-PRD-4532,Silla Gamer Modelo 4532,Silla ergonómica ajustable con soporte lumbar - Lote 4532,5747.96,105
SKU-PRD-4533,Teclado Modelo 4533,Teclado multimedia con iluminación LED - Lote 4533,677.04,108
SKU-PRD-4534,Monitor Modelo 4534,Pantalla LED Full HD con puertos HDMI - Lote 4534,3893.4,189
SKU-PRD-4535,Audífonos Modelo 4535,Audífonos estéreo con micrófono y cancelación de ruido - Lote 4535,1315.44,150
SKU-PRD-4536,Smartphone Modelo 4536,Teléfono inteligente con cámara dual y gran batería - Lote 4536,10414.68,99
SKU-PRD-4537,Memoria USB Modelo 4537,Unidad flash portátil de transferencia rápida - Lote 4537,370.06,26
SKU-PRD-4538,Cable HDMI Modelo 4538,Cable de alta definición mallado 4K - Lote 4538,129.03,51
SKU-PRD-4539,Disco Duro Modelo 4539,Unidad de almacenamiento externo de alta velocidad - Lote 4539,1136.39,17
SKU-PRD-4540,Laptop Modelo 4540,Ordenador portátil con procesador de alta velocidad y SSD - Lote 4540,18622.56,111
SKU-PRD-4541,Regulador Modelo 4541,Protector de voltaje multicontacto para oficina - Lote 4541,523.78,26
SKU-PRD-4542,Memoria USB Modelo 4542,Unidad flash portátil de transferencia rápida - Lote 4542,541.1,119
SKU-PRD-4543,Memoria USB Modelo 4543,Unidad flash portátil de transferencia rápida - Lote 4543,222.2,143
SKU-PRD-4544,Impresora Modelo 4544,Impresora multifuncional a color con Wi-Fi - Lote 4544,2639.73,127
SKU-PRD-4545,Regulador Modelo 4545,Protector de voltaje multicontacto para oficina - Lote 4545,944.7,194
SKU-PRD-4546,Silla Gamer Modelo 4546,Silla ergonómica ajustable con soporte lumbar - Lote 4546,2632.66,92
SKU-PRD-4547,Tablet Modelo 4547,Dispositivo táctil multimedia para estudio y trabajo - Lote 4547,7168.12,62
SKU-PRD-4548,Bocina Bluetooth Modelo 4548,Bocina inalámbrica portátil resistente al agua - Lote 4548,429.46,77
SKU-PRD-4549,Regulador Modelo 4549,Protector de voltaje multicontacto para oficina - Lote 4549,761.44,79
SKU-PRD-4550,Laptop Modelo 4550,Ordenador portátil con procesador de alta velocidad y SSD - Lote 4550,14906.31,185
SKU-PRD-4551,Memoria USB Modelo 4551,Unidad flash portátil de transferencia rápida - Lote 4551,392.81,143
SKU-PRD-4552,Cable HDMI Modelo 4552,Cable de alta definición mallado 4K - Lote 4552,305.07,155
SKU-PRD-4553,Disco Duro Modelo 4553,Unidad de almacenamiento externo de alta velocidad - Lote 4553,2299.35,141
SKU-PRD-4554,Audífonos Modelo 4554,Audífonos estéreo con micrófono y cancelación de ruido - Lote 4554,1435.57,35
SKU-PRD-4555,Silla Gamer Modelo 4555,Silla ergonómica ajustable con soporte lumbar - Lote 4555,4819.7,87
SKU-PRD-4556,Disco Duro Modelo 4556,Unidad de almacenamiento externo de alta velocidad - Lote 4556,1555.48,114
SKU-PRD-4557,Silla Gamer Modelo 4557,Silla ergonómica ajustable con soporte lumbar - Lote 4557,2581.24,26
SKU-PRD-4558,Smartphone Modelo 4558,Teléfono inteligente con cámara dual y gran batería - Lote 4558,8659.89,6
SKU-PRD-4559,Bocina Bluetooth Modelo 4559,Bocina inalámbrica portátil resistente al agua - Lote 4559,1515.93,118
SKU-PRD-4560,Regulador Modelo 4560,Protector de voltaje multicontacto para oficina - Lote 4560,1043.91,39
SKU-PRD-4561,Smartwatch Modelo 4561,Reloj inteligente deportivo con monitor de salud - Lote 4561,2076.03,76
SKU-PRD-4562,Smartphone Modelo 4562,Teléfono inteligente con cámara dual y gran batería - Lote 4562,7943.86,97
SKU-PRD-4563,Mouse Modelo 4563,Mouse óptico ergonómico con conexión USB - Lote 4563,511.56,194
SKU-PRD-4564,Smartwatch Modelo 4564,Reloj inteligente deportivo con monitor de salud - Lote 4564,2113.8,159
SKU-PRD-4565,Regulador Modelo 4565,Protector de voltaje multicontacto para oficina - Lote 4565,844.21,27
SKU-PRD-4566,Tablet Modelo 4566,Dispositivo táctil multimedia para estudio y trabajo - Lote 4566,5373.38,48
SKU-PRD-4567,Impresora Modelo 4567,Impresora multifuncional a color con Wi-Fi - Lote 4567,4194.28,173
SKU-PRD-4568,Impresora Modelo 4568,Impresora multifuncional a color con Wi-Fi - Lote 4568,2164.45,67
SKU-PRD-4569,Monitor Modelo 4569,Pantalla LED Full HD con puertos HDMI - Lote 4569,5715.15,59
SKU-PRD-4570,Teclado Modelo 4570,Teclado multimedia con iluminación LED - Lote 4570,1004.38,171
SKU-PRD-4571,Audífonos Modelo 4571,Audífonos estéreo con micrófono y cancelación de ruido - Lote 4571,1171.48,90
SKU-PRD-4572,Smartphone Modelo 4572,Teléfono inteligente con cámara dual y gran batería - Lote 4572,4862.88,31
SKU-PRD-4573,Regulador Modelo 4573,Protector de voltaje multicontacto para oficina - Lote 4573,661.14,101
SKU-PRD-4574,Smartwatch Modelo 4574,Reloj inteligente deportivo con monitor de salud - Lote 4574,1165.2,57
SKU-PRD-4575,Cable HDMI Modelo 4575,Cable de alta definición mallado 4K - Lote 4575,126.1,160
SKU-PRD-4576,Smartphone Modelo 4576,Teléfono inteligente con cámara dual y gran batería - Lote 4576,7645.44,133
SKU-PRD-4577,Laptop Modelo 4577,Ordenador portátil con procesador de alta velocidad y SSD - Lote 4577,19501.36,196
SKU-PRD-4578,Smartphone Modelo 4578,Teléfono inteligente con cámara dual y gran batería - Lote 4578,3740.76,47
SKU-PRD-4579,Tablet Modelo 4579,Dispositivo táctil multimedia para estudio y trabajo - Lote 4579,6562.73,143
SKU-PRD-4580,Regulador Modelo 4580,Protector de voltaje multicontacto para oficina - Lote 4580,870.75,134
SKU-PRD-4581,Tablet Modelo 4581,Dispositivo táctil multimedia para estudio y trabajo - Lote 4581,4535.75,96
SKU-PRD-4582,Teclado Modelo 4582,Teclado multimedia con iluminación LED - Lote 4582,1292.51,43
SKU-PRD-4583,Bocina Bluetooth Modelo 4583,Bocina inalámbrica portátil resistente al agua - Lote 4583,527.69,6
SKU-PRD-4584,Cable HDMI Modelo 4584,Cable de alta definición mallado 4K - Lote 4584,316.21,157
SKU-PRD-4585,Mouse Modelo 4585,Mouse óptico ergonómico con conexión USB - Lote 4585,507.38,39
SKU-PRD-4586,Impresora Modelo 4586,Impresora multifuncional a color con Wi-Fi - Lote 4586,4028.12,117
SKU-PRD-4587,Teclado Modelo 4587,Teclado multimedia con iluminación LED - Lote 4587,1252.39,42
SKU-PRD-4588,Disco Duro Modelo 4588,Unidad de almacenamiento externo de alta velocidad - Lote 4588,2919.5,38
SKU-PRD-4589,Bocina Bluetooth Modelo 4589,Bocina inalámbrica portátil resistente al agua - Lote 4589,1483.23,86
SKU-PRD-4590,Regulador Modelo 4590,Protector de voltaje multicontacto para oficina - Lote 4590,748.03,161
SKU-PRD-4591,Disco Duro Modelo 4591,Unidad de almacenamiento externo de alta velocidad - Lote 4591,3324.44,154
SKU-PRD-4592,Monitor Modelo 4592,Pantalla LED Full HD con puertos HDMI - Lote 4592,3187.51,130
SKU-PRD-4593,Monitor Modelo 4593,Pantalla LED Full HD con puertos HDMI - Lote 4593,3780.49,89
SKU-PRD-4594,Monitor Modelo 4594,Pantalla LED Full HD con puertos HDMI - Lote 4594,5729.79,132
SKU-PRD-4595,Silla Gamer Modelo 4595,Silla ergonómica ajustable con soporte lumbar - Lote 4595,5761.03,195
SKU-PRD-4596,Impresora Modelo 4596,Impresora multifuncional a color con Wi-Fi - Lote 4596,4044.19,165
SKU-PRD-4597,Impresora Modelo 4597,Impresora multifuncional a color con Wi-Fi - Lote 4597,1875.18,173
SKU-PRD-4598,Regulador Modelo 4598,Protector de voltaje multicontacto para oficina - Lote 4598,606.15,80
SKU-PRD-4599,Smartwatch Modelo 4599,Reloj inteligente deportivo con monitor de salud - Lote 4599,1118.39,13
SKU-PRD-4600,Disco Duro Modelo 4600,Unidad de almacenamiento externo de alta velocidad - Lote 4600,1449.94,30
SKU-PRD-4601,Cable HDMI Modelo 4601,Cable de alta definición mallado 4K - Lote 4601,250.21,66
SKU-PRD-4602,Teclado Modelo 4602,Teclado multimedia con iluminación LED - Lote 4602,1489.28,112
SKU-PRD-4603,Tablet Modelo 4603,Dispositivo táctil multimedia para estudio y trabajo - Lote 4603,7318.48,65
SKU-PRD-4604,Impresora Modelo 4604,Impresora multifuncional a color con Wi-Fi - Lote 4604,2799.19,153
SKU-PRD-4605,Laptop Modelo 4605,Ordenador portátil con procesador de alta velocidad y SSD - Lote 4605,14188.91,150
SKU-PRD-4606,Tablet Modelo 4606,Dispositivo táctil multimedia para estudio y trabajo - Lote 4606,4024.92,196
SKU-PRD-4607,Memoria USB Modelo 4607,Unidad flash portátil de transferencia rápida - Lote 4607,507.42,51
SKU-PRD-4608,Monitor Modelo 4608,Pantalla LED Full HD con puertos HDMI - Lote 4608,4935.14,68
SKU-PRD-4609,Mouse Modelo 4609,Mouse óptico ergonómico con conexión USB - Lote 4609,827.07,19
SKU-PRD-4610,Regulador Modelo 4610,Protector de voltaje multicontacto para oficina - Lote 4610,583.44,91
SKU-PRD-4611,Memoria USB Modelo 4611,Unidad flash portátil de transferencia rápida - Lote 4611,279.22,69
SKU-PRD-4612,Smartwatch Modelo 4612,Reloj inteligente deportivo con monitor de salud - Lote 4612,1632.15,160
SKU-PRD-4613,Bocina Bluetooth Modelo 4613,Bocina inalámbrica portátil resistente al agua - Lote 4613,1265.04,124
SKU-PRD-4614,Impresora Modelo 4614,Impresora multifuncional a color con Wi-Fi - Lote 4614,3636.18,107
SKU-PRD-4615,Silla Gamer Modelo 4615,Silla ergonómica ajustable con soporte lumbar - Lote 4615,5105.99,153
SKU-PRD-4616,Smartphone Modelo 4616,Teléfono inteligente con cámara dual y gran batería - Lote 4616,5179.01,182
SKU-PRD-4617,Memoria USB Modelo 4617,Unidad flash portátil de transferencia rápida - Lote 4617,105.61,168
SKU-PRD-4618,Tablet Modelo 4618,Dispositivo táctil multimedia para estudio y trabajo - Lote 4618,2603.68,104
SKU-PRD-4619,Laptop Modelo 4619,Ordenador portátil con procesador de alta velocidad y SSD - Lote 4619,18904.84,8
SKU-PRD-4620,Bocina Bluetooth Modelo 4620,Bocina inalámbrica portátil resistente al agua - Lote 4620,1539.14,109
SKU-PRD-4621,Laptop Modelo 4621,Ordenador portátil con procesador de alta velocidad y SSD - Lote 4621,20391.05,126
SKU-PRD-4622,Bocina Bluetooth Modelo 4622,Bocina inalámbrica portátil resistente al agua - Lote 4622,1134.59,66
SKU-PRD-4623,Smartphone Modelo 4623,Teléfono inteligente con cámara dual y gran batería - Lote 4623,6890.6,41
SKU-PRD-4624,Laptop Modelo 4624,Ordenador portátil con procesador de alta velocidad y SSD - Lote 4624,11156.95,141
SKU-PRD-4625,Smartphone Modelo 4625,Teléfono inteligente con cámara dual y gran batería - Lote 4625,10258.26,160
SKU-PRD-4626,Mouse Modelo 4626,Mouse óptico ergonómico con conexión USB - Lote 4626,603.77,41
SKU-PRD-4627,Silla Gamer Modelo 4627,Silla ergonómica ajustable con soporte lumbar - Lote 4627,3547.98,170
SKU-PRD-4628,Audífonos Modelo 4628,Audífonos estéreo con micrófono y cancelación de ruido - Lote 4628,473.71,182
SKU-PRD-4629,Monitor Modelo 4629,Pantalla LED Full HD con puertos HDMI - Lote 4629,5289.18,41
SKU-PRD-4630,Mouse Modelo 4630,Mouse óptico ergonómico con conexión USB - Lote 4630,828.35,88
SKU-PRD-4631,Silla Gamer Modelo 4631,Silla ergonómica ajustable con soporte lumbar - Lote 4631,3720.16,99
SKU-PRD-4632,Mouse Modelo 4632,Mouse óptico ergonómico con conexión USB - Lote 4632,172.42,171
SKU-PRD-4633,Smartwatch Modelo 4633,Reloj inteligente deportivo con monitor de salud - Lote 4633,1016.91,159
SKU-PRD-4634,Audífonos Modelo 4634,Audífonos estéreo con micrófono y cancelación de ruido - Lote 4634,1249.02,167
SKU-PRD-4635,Audífonos Modelo 4635,Audífonos estéreo con micrófono y cancelación de ruido - Lote 4635,1136.58,112
SKU-PRD-4636,Regulador Modelo 4636,Protector de voltaje multicontacto para oficina - Lote 4636,653.23,10
SKU-PRD-4637,Impresora Modelo 4637,Impresora multifuncional a color con Wi-Fi - Lote 4637,1853.8,87
SKU-PRD-4638,Smartwatch Modelo 4638,Reloj inteligente deportivo con monitor de salud - Lote 4638,804.46,20
SKU-PRD-4639,Bocina Bluetooth Modelo 4639,Bocina inalámbrica portátil resistente al agua - Lote 4639,643.25,64
SKU-PRD-4640,Mouse Modelo 4640,Mouse óptico ergonómico con conexión USB - Lote 4640,717.69,183
SKU-PRD-4641,Audífonos Modelo 4641,Audífonos estéreo con micrófono y cancelación de ruido - Lote 4641,1372.1,161
SKU-PRD-4642,Audífonos Modelo 4642,Audífonos estéreo con micrófono y cancelación de ruido - Lote 4642,866.86,157
SKU-PRD-4643,Regulador Modelo 4643,Protector de voltaje multicontacto para oficina - Lote 4643,361.91,91
SKU-PRD-4644,Audífonos Modelo 4644,Audífonos estéreo con micrófono y cancelación de ruido - Lote 4644,1464.41,183
SKU-PRD-4645,Monitor Modelo 4645,Pantalla LED Full HD con puertos HDMI - Lote 4645,2744.52,105
SKU-PRD-4646,Mouse Modelo 4646,Mouse óptico ergonómico con conexión USB - Lote 4646,766.76,89
SKU-PRD-4647,Smartphone Modelo 4647,Teléfono inteligente con cámara dual y gran batería - Lote 4647,9283.53,147
SKU-PRD-4648,Memoria USB Modelo 4648,Unidad flash portátil de transferencia rápida - Lote 4648,420.93,96
SKU-PRD-4649,Silla Gamer Modelo 4649,Silla ergonómica ajustable con soporte lumbar - Lote 4649,5831.27,110
SKU-PRD-4650,Mouse Modelo 4650,Mouse óptico ergonómico con conexión USB - Lote 4650,247.93,108
SKU-PRD-4651,Mouse Modelo 4651,Mouse óptico ergonómico con conexión USB - Lote 4651,591.54,15
SKU-PRD-4652,Smartwatch Modelo 4652,Reloj inteligente deportivo con monitor de salud - Lote 4652,1006.55,8
SKU-PRD-4653,Regulador Modelo 4653,Protector de voltaje multicontacto para oficina - Lote 4653,752.69,28
SKU-PRD-4654,Disco Duro Modelo 4654,Unidad de almacenamiento externo de alta velocidad - Lote 4654,1288.28,134
SKU-PRD-4655,Teclado Modelo 4655,Teclado multimedia con iluminación LED - Lote 4655,1340.86,193
SKU-PRD-4656,Disco Duro Modelo 4656,Unidad de almacenamiento externo de alta velocidad - Lote 4656,2415.99,104
SKU-PRD-4657,Silla Gamer Modelo 4657,Silla ergonómica ajustable con soporte lumbar - Lote 4657,2901.07,178
SKU-PRD-4658,Smartphone Modelo 4658,Teléfono inteligente con cámara dual y gran batería - Lote 4658,6878.81,96
SKU-PRD-4659,Regulador Modelo 4659,Protector de voltaje multicontacto para oficina - Lote 4659,933.63,103
SKU-PRD-4660,Tablet Modelo 4660,Dispositivo táctil multimedia para estudio y trabajo - Lote 4660,2728.44,82
SKU-PRD-4661,Teclado Modelo 4661,Teclado multimedia con iluminación LED - Lote 4661,292.88,84
SKU-PRD-4662,Mouse Modelo 4662,Mouse óptico ergonómico con conexión USB - Lote 4662,695.44,83
SKU-PRD-4663,Silla Gamer Modelo 4663,Silla ergonómica ajustable con soporte lumbar - Lote 4663,5806.98,27
SKU-PRD-4664,Smartwatch Modelo 4664,Reloj inteligente deportivo con monitor de salud - Lote 4664,958.04,177
SKU-PRD-4665,Cable HDMI Modelo 4665,Cable de alta definición mallado 4K - Lote 4665,224.7,92
SKU-PRD-4666,Smartphone Modelo 4666,Teléfono inteligente con cámara dual y gran batería - Lote 4666,8650.5,156
SKU-PRD-4667,Smartphone Modelo 4667,Teléfono inteligente con cámara dual y gran batería - Lote 4667,10715.26,64
SKU-PRD-4668,Laptop Modelo 4668,Ordenador portátil con procesador de alta velocidad y SSD - Lote 4668,8265.24,126
SKU-PRD-4669,Smartwatch Modelo 4669,Reloj inteligente deportivo con monitor de salud - Lote 4669,1347.57,39
SKU-PRD-4670,Mouse Modelo 4670,Mouse óptico ergonómico con conexión USB - Lote 4670,321.24,117
SKU-PRD-4671,Smartphone Modelo 4671,Teléfono inteligente con cámara dual y gran batería - Lote 4671,11762.21,182
SKU-PRD-4672,Impresora Modelo 4672,Impresora multifuncional a color con Wi-Fi - Lote 4672,2747.53,122
SKU-PRD-4673,Regulador Modelo 4673,Protector de voltaje multicontacto para oficina - Lote 4673,1052.47,68
SKU-PRD-4674,Regulador Modelo 4674,Protector de voltaje multicontacto para oficina - Lote 4674,455.61,89
SKU-PRD-4675,Monitor Modelo 4675,Pantalla LED Full HD con puertos HDMI - Lote 4675,5329.81,124
SKU-PRD-4676,Laptop Modelo 4676,Ordenador portátil con procesador de alta velocidad y SSD - Lote 4676,24079.82,60
SKU-PRD-4677,Tablet Modelo 4677,Dispositivo táctil multimedia para estudio y trabajo - Lote 4677,5392.19,86
SKU-PRD-4678,Monitor Modelo 4678,Pantalla LED Full HD con puertos HDMI - Lote 4678,5697.19,50
SKU-PRD-4679,Cable HDMI Modelo 4679,Cable de alta definición mallado 4K - Lote 4679,83.97,112
SKU-PRD-4680,Audífonos Modelo 4680,Audífonos estéreo con micrófono y cancelación de ruido - Lote 4680,887.21,25
SKU-PRD-4681,Memoria USB Modelo 4681,Unidad flash portátil de transferencia rápida - Lote 4681,474.58,62
SKU-PRD-4682,Memoria USB Modelo 4682,Unidad flash portátil de transferencia rápida - Lote 4682,572.43,12
SKU-PRD-4683,Audífonos Modelo 4683,Audífonos estéreo con micrófono y cancelación de ruido - Lote 4683,495.22,188
SKU-PRD-4684,Disco Duro Modelo 4684,Unidad de almacenamiento externo de alta velocidad - Lote 4684,2509.91,139
SKU-PRD-4685,Mouse Modelo 4685,Mouse óptico ergonómico con conexión USB - Lote 4685,535.43,200
SKU-PRD-4686,Smartphone Modelo 4686,Teléfono inteligente con cámara dual y gran batería - Lote 4686,10474.59,69
SKU-PRD-4687,Teclado Modelo 4687,Teclado multimedia con iluminación LED - Lote 4687,1127.99,28
SKU-PRD-4688,Impresora Modelo 4688,Impresora multifuncional a color con Wi-Fi - Lote 4688,2704.41,177
SKU-PRD-4689,Bocina Bluetooth Modelo 4689,Bocina inalámbrica portátil resistente al agua - Lote 4689,951.27,100
SKU-PRD-4690,Smartphone Modelo 4690,Teléfono inteligente con cámara dual y gran batería - Lote 4690,11056.84,177
SKU-PRD-4691,Memoria USB Modelo 4691,Unidad flash portátil de transferencia rápida - Lote 4691,321.41,27
SKU-PRD-4692,Silla Gamer Modelo 4692,Silla ergonómica ajustable con soporte lumbar - Lote 4692,5872.14,72
SKU-PRD-4693,Bocina Bluetooth Modelo 4693,Bocina inalámbrica portátil resistente al agua - Lote 4693,451.17,75
SKU-PRD-4694,Disco Duro Modelo 4694,Unidad de almacenamiento externo de alta velocidad - Lote 4694,1177.44,57
SKU-PRD-4695,Disco Duro Modelo 4695,Unidad de almacenamiento externo de alta velocidad - Lote 4695,1830.45,191
SKU-PRD-4696,Bocina Bluetooth Modelo 4696,Bocina inalámbrica portátil resistente al agua - Lote 4696,1205.1,92
SKU-PRD-4697,Smartphone Modelo 4697,Teléfono inteligente con cámara dual y gran batería - Lote 4697,7541.77,162
SKU-PRD-4698,Bocina Bluetooth Modelo 4698,Bocina inalámbrica portátil resistente al agua - Lote 4698,853.39,108
SKU-PRD-4699,Teclado Modelo 4699,Teclado multimedia con iluminación LED - Lote 4699,887.76,157
SKU-PRD-4700,Cable HDMI Modelo 4700,Cable de alta definición mallado 4K - Lote 4700,216.14,81
SKU-PRD-4701,Audífonos Modelo 4701,Audífonos estéreo con micrófono y cancelación de ruido - Lote 4701,1789.43,104
SKU-PRD-4702,Regulador Modelo 4702,Protector de voltaje multicontacto para oficina - Lote 4702,493.1,23
SKU-PRD-4703,Bocina Bluetooth Modelo 4703,Bocina inalámbrica portátil resistente al agua - Lote 4703,792.13,186
SKU-PRD-4704,Cable HDMI Modelo 4704,Cable de alta definición mallado 4K - Lote 4704,239.69,16
SKU-PRD-4705,Regulador Modelo 4705,Protector de voltaje multicontacto para oficina - Lote 4705,728.15,172
SKU-PRD-4706,Mouse Modelo 4706,Mouse óptico ergonómico con conexión USB - Lote 4706,844.75,119
SKU-PRD-4707,Smartwatch Modelo 4707,Reloj inteligente deportivo con monitor de salud - Lote 4707,1335.64,82
SKU-PRD-4708,Audífonos Modelo 4708,Audífonos estéreo con micrófono y cancelación de ruido - Lote 4708,442.81,32
SKU-PRD-4709,Cable HDMI Modelo 4709,Cable de alta definición mallado 4K - Lote 4709,138.41,142
SKU-PRD-4710,Regulador Modelo 4710,Protector de voltaje multicontacto para oficina - Lote 4710,447.06,126
SKU-PRD-4711,Regulador Modelo 4711,Protector de voltaje multicontacto para oficina - Lote 4711,915.5,151
SKU-PRD-4712,Bocina Bluetooth Modelo 4712,Bocina inalámbrica portátil resistente al agua - Lote 4712,1265.71,73
SKU-PRD-4713,Teclado Modelo 4713,Teclado multimedia con iluminación LED - Lote 4713,1495.3,46
SKU-PRD-4714,Audífonos Modelo 4714,Audífonos estéreo con micrófono y cancelación de ruido - Lote 4714,1128.76,177
SKU-PRD-4715,Laptop Modelo 4715,Ordenador portátil con procesador de alta velocidad y SSD - Lote 4715,14142.64,97
SKU-PRD-4716,Silla Gamer Modelo 4716,Silla ergonómica ajustable con soporte lumbar - Lote 4716,4506.13,115
SKU-PRD-4717,Bocina Bluetooth Modelo 4717,Bocina inalámbrica portátil resistente al agua - Lote 4717,1667.76,165
SKU-PRD-4718,Teclado Modelo 4718,Teclado multimedia con iluminación LED - Lote 4718,503.47,57
SKU-PRD-4719,Smartwatch Modelo 4719,Reloj inteligente deportivo con monitor de salud - Lote 4719,1021.6,69
SKU-PRD-4720,Audífonos Modelo 4720,Audífonos estéreo con micrófono y cancelación de ruido - Lote 4720,1128.44,199
SKU-PRD-4721,Regulador Modelo 4721,Protector de voltaje multicontacto para oficina - Lote 4721,996.79,7
SKU-PRD-4722,Cable HDMI Modelo 4722,Cable de alta definición mallado 4K - Lote 4722,111.68,130
SKU-PRD-4723,Teclado Modelo 4723,Teclado multimedia con iluminación LED - Lote 4723,980.37,163
SKU-PRD-4724,Bocina Bluetooth Modelo 4724,Bocina inalámbrica portátil resistente al agua - Lote 4724,959.46,95
SKU-PRD-4725,Memoria USB Modelo 4725,Unidad flash portátil de transferencia rápida - Lote 4725,352.21,25
SKU-PRD-4726,Teclado Modelo 4726,Teclado multimedia con iluminación LED - Lote 4726,519.76,81
SKU-PRD-4727,Laptop Modelo 4727,Ordenador portátil con procesador de alta velocidad y SSD - Lote 4727,18767.08,129
SKU-PRD-4728,Cable HDMI Modelo 4728,Cable de alta definición mallado 4K - Lote 4728,196.71,185
SKU-PRD-4729,Mouse Modelo 4729,Mouse óptico ergonómico con conexión USB - Lote 4729,761.94,81
SKU-PRD-4730,Cable HDMI Modelo 4730,Cable de alta definición mallado 4K - Lote 4730,311.48,40
SKU-PRD-4731,Regulador Modelo 4731,Protector de voltaje multicontacto para oficina - Lote 4731,995.84,26
SKU-PRD-4732,Disco Duro Modelo 4732,Unidad de almacenamiento externo de alta velocidad - Lote 4732,1328.22,31
SKU-PRD-4733,Memoria USB Modelo 4733,Unidad flash portátil de transferencia rápida - Lote 4733,170.61,139
SKU-PRD-4734,Tablet Modelo 4734,Dispositivo táctil multimedia para estudio y trabajo - Lote 4734,6872.75,66
SKU-PRD-4735,Monitor Modelo 4735,Pantalla LED Full HD con puertos HDMI - Lote 4735,2414.21,189
SKU-PRD-4736,Silla Gamer Modelo 4736,Silla ergonómica ajustable con soporte lumbar - Lote 4736,3093.93,187
SKU-PRD-4737,Tablet Modelo 4737,Dispositivo táctil multimedia para estudio y trabajo - Lote 4737,4577.69,65
SKU-PRD-4738,Bocina Bluetooth Modelo 4738,Bocina inalámbrica portátil resistente al agua - Lote 4738,1895.96,36
SKU-PRD-4739,Tablet Modelo 4739,Dispositivo táctil multimedia para estudio y trabajo - Lote 4739,3364.34,48
SKU-PRD-4740,Laptop Modelo 4740,Ordenador portátil con procesador de alta velocidad y SSD - Lote 4740,14963.85,123
SKU-PRD-4741,Smartphone Modelo 4741,Teléfono inteligente con cámara dual y gran batería - Lote 4741,4493.72,65
SKU-PRD-4742,Bocina Bluetooth Modelo 4742,Bocina inalámbrica portátil resistente al agua - Lote 4742,1761.98,78
SKU-PRD-4743,Monitor Modelo 4743,Pantalla LED Full HD con puertos HDMI - Lote 4743,6354.93,188
SKU-PRD-4744,Tablet Modelo 4744,Dispositivo táctil multimedia para estudio y trabajo - Lote 4744,6893.05,95
SKU-PRD-4745,Impresora Modelo 4745,Impresora multifuncional a color con Wi-Fi - Lote 4745,2400.55,124
SKU-PRD-4746,Monitor Modelo 4746,Pantalla LED Full HD con puertos HDMI - Lote 4746,5850.07,119
SKU-PRD-4747,Teclado Modelo 4747,Teclado multimedia con iluminación LED - Lote 4747,820.15,141
SKU-PRD-4748,Teclado Modelo 4748,Teclado multimedia con iluminación LED - Lote 4748,539.67,81
SKU-PRD-4749,Silla Gamer Modelo 4749,Silla ergonómica ajustable con soporte lumbar - Lote 4749,5823.74,151
SKU-PRD-4750,Impresora Modelo 4750,Impresora multifuncional a color con Wi-Fi - Lote 4750,3838.56,178
SKU-PRD-4751,Laptop Modelo 4751,Ordenador portátil con procesador de alta velocidad y SSD - Lote 4751,14336.79,61
SKU-PRD-4752,Laptop Modelo 4752,Ordenador portátil con procesador de alta velocidad y SSD - Lote 4752,14314.16,12
SKU-PRD-4753,Smartphone Modelo 4753,Teléfono inteligente con cámara dual y gran batería - Lote 4753,9826.55,43
SKU-PRD-4754,Impresora Modelo 4754,Impresora multifuncional a color con Wi-Fi - Lote 4754,1984.28,128
SKU-PRD-4755,Bocina Bluetooth Modelo 4755,Bocina inalámbrica portátil resistente al agua - Lote 4755,1966.76,87
SKU-PRD-4756,Mouse Modelo 4756,Mouse óptico ergonómico con conexión USB - Lote 4756,165.64,25
SKU-PRD-4757,Smartphone Modelo 4757,Teléfono inteligente con cámara dual y gran batería - Lote 4757,11413.85,193
SKU-PRD-4758,Audífonos Modelo 4758,Audífonos estéreo con micrófono y cancelación de ruido - Lote 4758,1088.49,14
SKU-PRD-4759,Bocina Bluetooth Modelo 4759,Bocina inalámbrica portátil resistente al agua - Lote 4759,1219.57,149
SKU-PRD-4760,Silla Gamer Modelo 4760,Silla ergonómica ajustable con soporte lumbar - Lote 4760,3414.56,18
SKU-PRD-4761,Audífonos Modelo 4761,Audífonos estéreo con micrófono y cancelación de ruido - Lote 4761,1536.04,14
SKU-PRD-4762,Smartwatch Modelo 4762,Reloj inteligente deportivo con monitor de salud - Lote 4762,775.91,195
SKU-PRD-4763,Cable HDMI Modelo 4763,Cable de alta definición mallado 4K - Lote 4763,167.4,130
SKU-PRD-4764,Monitor Modelo 4764,Pantalla LED Full HD con puertos HDMI - Lote 4764,5661.96,66
SKU-PRD-4765,Silla Gamer Modelo 4765,Silla ergonómica ajustable con soporte lumbar - Lote 4765,4140.65,11
SKU-PRD-4766,Silla Gamer Modelo 4766,Silla ergonómica ajustable con soporte lumbar - Lote 4766,2582.86,56
SKU-PRD-4767,Teclado Modelo 4767,Teclado multimedia con iluminación LED - Lote 4767,720.27,33
SKU-PRD-4768,Impresora Modelo 4768,Impresora multifuncional a color con Wi-Fi - Lote 4768,4439.8,91
SKU-PRD-4769,Memoria USB Modelo 4769,Unidad flash portátil de transferencia rápida - Lote 4769,568.0,123
SKU-PRD-4770,Impresora Modelo 4770,Impresora multifuncional a color con Wi-Fi - Lote 4770,2855.43,39
SKU-PRD-4771,Bocina Bluetooth Modelo 4771,Bocina inalámbrica portátil resistente al agua - Lote 4771,1525.93,68
SKU-PRD-4772,Regulador Modelo 4772,Protector de voltaje multicontacto para oficina - Lote 4772,699.35,177
SKU-PRD-4773,Laptop Modelo 4773,Ordenador portátil con procesador de alta velocidad y SSD - Lote 4773,14998.98,55
SKU-PRD-4774,Disco Duro Modelo 4774,Unidad de almacenamiento externo de alta velocidad - Lote 4774,2389.98,108
SKU-PRD-4775,Smartwatch Modelo 4775,Reloj inteligente deportivo con monitor de salud - Lote 4775,2456.3,117
SKU-PRD-4776,Monitor Modelo 4776,Pantalla LED Full HD con puertos HDMI - Lote 4776,2806.45,74
SKU-PRD-4777,Cable HDMI Modelo 4777,Cable de alta definición mallado 4K - Lote 4777,113.24,188
SKU-PRD-4778,Memoria USB Modelo 4778,Unidad flash portátil de transferencia rápida - Lote 4778,589.87,137
SKU-PRD-4779,Regulador Modelo 4779,Protector de voltaje multicontacto para oficina - Lote 4779,804.32,32
SKU-PRD-4780,Regulador Modelo 4780,Protector de voltaje multicontacto para oficina - Lote 4780,702.34,150
SKU-PRD-4781,Mouse Modelo 4781,Mouse óptico ergonómico con conexión USB - Lote 4781,468.63,142
SKU-PRD-4782,Audífonos Modelo 4782,Audífonos estéreo con micrófono y cancelación de ruido - Lote 4782,1264.69,165
SKU-PRD-4783,Tablet Modelo 4783,Dispositivo táctil multimedia para estudio y trabajo - Lote 4783,6995.23,42
SKU-PRD-4784,Bocina Bluetooth Modelo 4784,Bocina inalámbrica portátil resistente al agua - Lote 4784,1148.38,7
SKU-PRD-4785,Regulador Modelo 4785,Protector de voltaje multicontacto para oficina - Lote 4785,503.26,126
SKU-PRD-4786,Bocina Bluetooth Modelo 4786,Bocina inalámbrica portátil resistente al agua - Lote 4786,1770.82,188
SKU-PRD-4787,Cable HDMI Modelo 4787,Cable de alta definición mallado 4K - Lote 4787,128.14,180
SKU-PRD-4788,Smartphone Modelo 4788,Teléfono inteligente con cámara dual y gran batería - Lote 4788,4076.68,83
SKU-PRD-4789,Disco Duro Modelo 4789,Unidad de almacenamiento externo de alta velocidad - Lote 4789,3267.95,34
SKU-PRD-4790,Audífonos Modelo 4790,Audífonos estéreo con micrófono y cancelación de ruido - Lote 4790,1567.55,158
SKU-PRD-4791,Smartwatch Modelo 4791,Reloj inteligente deportivo con monitor de salud - Lote 4791,1599.43,158
SKU-PRD-4792,Memoria USB Modelo 4792,Unidad flash portátil de transferencia rápida - Lote 4792,260.04,191
SKU-PRD-4793,Tablet Modelo 4793,Dispositivo táctil multimedia para estudio y trabajo - Lote 4793,5079.27,5
SKU-PRD-4794,Silla Gamer Modelo 4794,Silla ergonómica ajustable con soporte lumbar - Lote 4794,5678.65,11
SKU-PRD-4795,Smartwatch Modelo 4795,Reloj inteligente deportivo con monitor de salud - Lote 4795,528.57,54
SKU-PRD-4796,Teclado Modelo 4796,Teclado multimedia con iluminación LED - Lote 4796,388.19,77
SKU-PRD-4797,Mouse Modelo 4797,Mouse óptico ergonómico con conexión USB - Lote 4797,857.98,184
SKU-PRD-4798,Mouse Modelo 4798,Mouse óptico ergonómico con conexión USB - Lote 4798,549.14,113
SKU-PRD-4799,Laptop Modelo 4799,Ordenador portátil con procesador de alta velocidad y SSD - Lote 4799,19042.68,95
SKU-PRD-4800,Cable HDMI Modelo 4800,Cable de alta definición mallado 4K - Lote 4800,340.71,110
SKU-PRD-4801,Impresora Modelo 4801,Impresora multifuncional a color con Wi-Fi - Lote 4801,3855.37,191
SKU-PRD-4802,Teclado Modelo 4802,Teclado multimedia con iluminación LED - Lote 4802,1274.03,71
SKU-PRD-4803,Regulador Modelo 4803,Protector de voltaje multicontacto para oficina - Lote 4803,440.46,109
SKU-PRD-4804,Silla Gamer Modelo 4804,Silla ergonómica ajustable con soporte lumbar - Lote 4804,4880.68,99
SKU-PRD-4805,Impresora Modelo 4805,Impresora multifuncional a color con Wi-Fi - Lote 4805,2454.73,63
SKU-PRD-4806,Cable HDMI Modelo 4806,Cable de alta definición mallado 4K - Lote 4806,242.09,121
SKU-PRD-4807,Silla Gamer Modelo 4807,Silla ergonómica ajustable con soporte lumbar - Lote 4807,5452.4,50
SKU-PRD-4808,Silla Gamer Modelo 4808,Silla ergonómica ajustable con soporte lumbar - Lote 4808,2879.88,59
SKU-PRD-4809,Audífonos Modelo 4809,Audífonos estéreo con micrófono y cancelación de ruido - Lote 4809,1310.47,72
SKU-PRD-4810,Audífonos Modelo 4810,Audífonos estéreo con micrófono y cancelación de ruido - Lote 4810,515.79,123
SKU-PRD-4811,Tablet Modelo 4811,Dispositivo táctil multimedia para estudio y trabajo - Lote 4811,2418.23,33
SKU-PRD-4812,Monitor Modelo 4812,Pantalla LED Full HD con puertos HDMI - Lote 4812,3740.23,56
SKU-PRD-4813,Smartwatch Modelo 4813,Reloj inteligente deportivo con monitor de salud - Lote 4813,552.87,78
SKU-PRD-4814,Disco Duro Modelo 4814,Unidad de almacenamiento externo de alta velocidad - Lote 4814,2104.15,171
SKU-PRD-4815,Teclado Modelo 4815,Teclado multimedia con iluminación LED - Lote 4815,986.67,66
SKU-PRD-4816,Bocina Bluetooth Modelo 4816,Bocina inalámbrica portátil resistente al agua - Lote 4816,493.27,117
SKU-PRD-4817,Smartwatch Modelo 4817,Reloj inteligente deportivo con monitor de salud - Lote 4817,1899.76,171
SKU-PRD-4818,Cable HDMI Modelo 4818,Cable de alta definición mallado 4K - Lote 4818,179.47,37
SKU-PRD-4819,Tablet Modelo 4819,Dispositivo táctil multimedia para estudio y trabajo - Lote 4819,4886.45,51
SKU-PRD-4820,Tablet Modelo 4820,Dispositivo táctil multimedia para estudio y trabajo - Lote 4820,6728.05,182
SKU-PRD-4821,Bocina Bluetooth Modelo 4821,Bocina inalámbrica portátil resistente al agua - Lote 4821,1408.33,96
SKU-PRD-4822,Impresora Modelo 4822,Impresora multifuncional a color con Wi-Fi - Lote 4822,2316.69,50
SKU-PRD-4823,Tablet Modelo 4823,Dispositivo táctil multimedia para estudio y trabajo - Lote 4823,5011.27,45
SKU-PRD-4824,Monitor Modelo 4824,Pantalla LED Full HD con puertos HDMI - Lote 4824,4641.37,60
SKU-PRD-4825,Silla Gamer Modelo 4825,Silla ergonómica ajustable con soporte lumbar - Lote 4825,5248.03,130
SKU-PRD-4826,Regulador Modelo 4826,Protector de voltaje multicontacto para oficina - Lote 4826,615.67,96
SKU-PRD-4827,Monitor Modelo 4827,Pantalla LED Full HD con puertos HDMI - Lote 4827,4362.26,113
SKU-PRD-4828,Laptop Modelo 4828,Ordenador portátil con procesador de alta velocidad y SSD - Lote 4828,10716.97,19
SKU-PRD-4829,Smartwatch Modelo 4829,Reloj inteligente deportivo con monitor de salud - Lote 4829,1981.06,71
SKU-PRD-4830,Regulador Modelo 4830,Protector de voltaje multicontacto para oficina - Lote 4830,454.83,90
SKU-PRD-4831,Tablet Modelo 4831,Dispositivo táctil multimedia para estudio y trabajo - Lote 4831,4306.86,184
SKU-PRD-4832,Smartwatch Modelo 4832,Reloj inteligente deportivo con monitor de salud - Lote 4832,2481.3,85
SKU-PRD-4833,Smartwatch Modelo 4833,Reloj inteligente deportivo con monitor de salud - Lote 4833,1668.0,123
SKU-PRD-4834,Audífonos Modelo 4834,Audífonos estéreo con micrófono y cancelación de ruido - Lote 4834,1321.17,171
SKU-PRD-4835,Impresora Modelo 4835,Impresora multifuncional a color con Wi-Fi - Lote 4835,2605.96,152
SKU-PRD-4836,Bocina Bluetooth Modelo 4836,Bocina inalámbrica portátil resistente al agua - Lote 4836,572.34,149
SKU-PRD-4837,Cable HDMI Modelo 4837,Cable de alta definición mallado 4K - Lote 4837,299.64,149
SKU-PRD-4838,Bocina Bluetooth Modelo 4838,Bocina inalámbrica portátil resistente al agua - Lote 4838,1296.82,106
SKU-PRD-4839,Smartphone Modelo 4839,Teléfono inteligente con cámara dual y gran batería - Lote 4839,6254.96,114
SKU-PRD-4840,Audífonos Modelo 4840,Audífonos estéreo con micrófono y cancelación de ruido - Lote 4840,1599.25,105
SKU-PRD-4841,Regulador Modelo 4841,Protector de voltaje multicontacto para oficina - Lote 4841,710.98,53
SKU-PRD-4842,Cable HDMI Modelo 4842,Cable de alta definición mallado 4K - Lote 4842,244.1,180
SKU-PRD-4843,Disco Duro Modelo 4843,Unidad de almacenamiento externo de alta velocidad - Lote 4843,1405.03,123
SKU-PRD-4844,Teclado Modelo 4844,Teclado multimedia con iluminación LED - Lote 4844,354.53,136
SKU-PRD-4845,Impresora Modelo 4845,Impresora multifuncional a color con Wi-Fi - Lote 4845,3413.43,163
SKU-PRD-4846,Silla Gamer Modelo 4846,Silla ergonómica ajustable con soporte lumbar - Lote 4846,5071.68,160
SKU-PRD-4847,Cable HDMI Modelo 4847,Cable de alta definición mallado 4K - Lote 4847,80.53,118
SKU-PRD-4848,Audífonos Modelo 4848,Audífonos estéreo con micrófono y cancelación de ruido - Lote 4848,479.98,12
SKU-PRD-4849,Regulador Modelo 4849,Protector de voltaje multicontacto para oficina - Lote 4849,549.99,185
SKU-PRD-4850,Regulador Modelo 4850,Protector de voltaje multicontacto para oficina - Lote 4850,1198.52,131
SKU-PRD-4851,Impresora Modelo 4851,Impresora multifuncional a color con Wi-Fi - Lote 4851,4155.07,177
SKU-PRD-4852,Silla Gamer Modelo 4852,Silla ergonómica ajustable con soporte lumbar - Lote 4852,4589.33,60
SKU-PRD-4853,Mouse Modelo 4853,Mouse óptico ergonómico con conexión USB - Lote 4853,698.98,71
SKU-PRD-4854,Cable HDMI Modelo 4854,Cable de alta definición mallado 4K - Lote 4854,107.19,151
SKU-PRD-4855,Teclado Modelo 4855,Teclado multimedia con iluminación LED - Lote 4855,999.24,106
SKU-PRD-4856,Disco Duro Modelo 4856,Unidad de almacenamiento externo de alta velocidad - Lote 4856,1340.73,63
SKU-PRD-4857,Bocina Bluetooth Modelo 4857,Bocina inalámbrica portátil resistente al agua - Lote 4857,907.8,123
SKU-PRD-4858,Regulador Modelo 4858,Protector de voltaje multicontacto para oficina - Lote 4858,841.6,28
SKU-PRD-4859,Laptop Modelo 4859,Ordenador portátil con procesador de alta velocidad y SSD - Lote 4859,13102.94,97
SKU-PRD-4860,Smartphone Modelo 4860,Teléfono inteligente con cámara dual y gran batería - Lote 4860,5696.33,77
SKU-PRD-4861,Tablet Modelo 4861,Dispositivo táctil multimedia para estudio y trabajo - Lote 4861,3796.02,170
SKU-PRD-4862,Mouse Modelo 4862,Mouse óptico ergonómico con conexión USB - Lote 4862,813.75,178
SKU-PRD-4863,Memoria USB Modelo 4863,Unidad flash portátil de transferencia rápida - Lote 4863,365.6,9
SKU-PRD-4864,Tablet Modelo 4864,Dispositivo táctil multimedia para estudio y trabajo - Lote 4864,4267.35,44
SKU-PRD-4865,Teclado Modelo 4865,Teclado multimedia con iluminación LED - Lote 4865,646.88,32
SKU-PRD-4866,Smartwatch Modelo 4866,Reloj inteligente deportivo con monitor de salud - Lote 4866,939.07,136
SKU-PRD-4867,Laptop Modelo 4867,Ordenador portátil con procesador de alta velocidad y SSD - Lote 4867,8461.82,13
SKU-PRD-4868,Disco Duro Modelo 4868,Unidad de almacenamiento externo de alta velocidad - Lote 4868,3231.44,86
SKU-PRD-4869,Cable HDMI Modelo 4869,Cable de alta definición mallado 4K - Lote 4869,300.64,84
SKU-PRD-4870,Disco Duro Modelo 4870,Unidad de almacenamiento externo de alta velocidad - Lote 4870,2734.07,47
SKU-PRD-4871,Impresora Modelo 4871,Impresora multifuncional a color con Wi-Fi - Lote 4871,4172.42,84
SKU-PRD-4872,Disco Duro Modelo 4872,Unidad de almacenamiento externo de alta velocidad - Lote 4872,3195.69,150
SKU-PRD-4873,Memoria USB Modelo 4873,Unidad flash portátil de transferencia rápida - Lote 4873,571.68,74
SKU-PRD-4874,Laptop Modelo 4874,Ordenador portátil con procesador de alta velocidad y SSD - Lote 4874,10409.17,33
SKU-PRD-4875,Tablet Modelo 4875,Dispositivo táctil multimedia para estudio y trabajo - Lote 4875,4695.34,138
SKU-PRD-4876,Smartwatch Modelo 4876,Reloj inteligente deportivo con monitor de salud - Lote 4876,1248.61,198
SKU-PRD-4877,Tablet Modelo 4877,Dispositivo táctil multimedia para estudio y trabajo - Lote 4877,6398.27,148
SKU-PRD-4878,Silla Gamer Modelo 4878,Silla ergonómica ajustable con soporte lumbar - Lote 4878,2563.47,192
SKU-PRD-4879,Teclado Modelo 4879,Teclado multimedia con iluminación LED - Lote 4879,909.41,156
SKU-PRD-4880,Monitor Modelo 4880,Pantalla LED Full HD con puertos HDMI - Lote 4880,2473.7,33
SKU-PRD-4881,Tablet Modelo 4881,Dispositivo táctil multimedia para estudio y trabajo - Lote 4881,4526.23,99
SKU-PRD-4882,Impresora Modelo 4882,Impresora multifuncional a color con Wi-Fi - Lote 4882,1906.89,5
SKU-PRD-4883,Cable HDMI Modelo 4883,Cable de alta definición mallado 4K - Lote 4883,140.67,145
SKU-PRD-4884,Cable HDMI Modelo 4884,Cable de alta definición mallado 4K - Lote 4884,108.7,120
SKU-PRD-4885,Cable HDMI Modelo 4885,Cable de alta definición mallado 4K - Lote 4885,187.72,148
SKU-PRD-4886,Monitor Modelo 4886,Pantalla LED Full HD con puertos HDMI - Lote 4886,3371.16,47
SKU-PRD-4887,Monitor Modelo 4887,Pantalla LED Full HD con puertos HDMI - Lote 4887,2334.8,10
SKU-PRD-4888,Teclado Modelo 4888,Teclado multimedia con iluminación LED - Lote 4888,627.71,134
SKU-PRD-4889,Smartphone Modelo 4889,Teléfono inteligente con cámara dual y gran batería - Lote 4889,7151.9,130
SKU-PRD-4890,Impresora Modelo 4890,Impresora multifuncional a color con Wi-Fi - Lote 4890,2218.63,85
SKU-PRD-4891,Smartwatch Modelo 4891,Reloj inteligente deportivo con monitor de salud - Lote 4891,1181.41,126
SKU-PRD-4892,Smartphone Modelo 4892,Teléfono inteligente con cámara dual y gran batería - Lote 4892,11908.82,61
SKU-PRD-4893,Audífonos Modelo 4893,Audífonos estéreo con micrófono y cancelación de ruido - Lote 4893,1251.34,199
SKU-PRD-4894,Cable HDMI Modelo 4894,Cable de alta definición mallado 4K - Lote 4894,86.13,119
SKU-PRD-4895,Audífonos Modelo 4895,Audífonos estéreo con micrófono y cancelación de ruido - Lote 4895,1524.99,162
SKU-PRD-4896,Regulador Modelo 4896,Protector de voltaje multicontacto para oficina - Lote 4896,1191.63,46
SKU-PRD-4897,Tablet Modelo 4897,Dispositivo táctil multimedia para estudio y trabajo - Lote 4897,2373.95,100
SKU-PRD-4898,Disco Duro Modelo 4898,Unidad de almacenamiento externo de alta velocidad - Lote 4898,1040.22,163
SKU-PRD-4899,Mouse Modelo 4899,Mouse óptico ergonómico con conexión USB - Lote 4899,866.42,33
SKU-PRD-4900,Silla Gamer Modelo 4900,Silla ergonómica ajustable con soporte lumbar - Lote 4900,3622.48,40
SKU-PRD-4901,Teclado Modelo 4901,Teclado multimedia con iluminación LED - Lote 4901,467.41,94
SKU-PRD-4902,Smartphone Modelo 4902,Teléfono inteligente con cámara dual y gran batería - Lote 4902,10719.72,129
SKU-PRD-4903,Impresora Modelo 4903,Impresora multifuncional a color con Wi-Fi - Lote 4903,4216.99,12
SKU-PRD-4904,Silla Gamer Modelo 4904,Silla ergonómica ajustable con soporte lumbar - Lote 4904,4773.07,113
SKU-PRD-4905,Monitor Modelo 4905,Pantalla LED Full HD con puertos HDMI - Lote 4905,3920.08,110
SKU-PRD-4906,Smartphone Modelo 4906,Teléfono inteligente con cámara dual y gran batería - Lote 4906,9951.97,136
SKU-PRD-4907,Cable HDMI Modelo 4907,Cable de alta definición mallado 4K - Lote 4907,102.46,187
SKU-PRD-4908,Regulador Modelo 4908,Protector de voltaje multicontacto para oficina - Lote 4908,816.41,24
SKU-PRD-4909,Mouse Modelo 4909,Mouse óptico ergonómico con conexión USB - Lote 4909,610.22,110
SKU-PRD-4910,Mouse Modelo 4910,Mouse óptico ergonómico con conexión USB - Lote 4910,556.45,175
SKU-PRD-4911,Tablet Modelo 4911,Dispositivo táctil multimedia para estudio y trabajo - Lote 4911,5579.5,62
SKU-PRD-4912,Bocina Bluetooth Modelo 4912,Bocina inalámbrica portátil resistente al agua - Lote 4912,947.55,10
SKU-PRD-4913,Smartwatch Modelo 4913,Reloj inteligente deportivo con monitor de salud - Lote 4913,603.15,29
SKU-PRD-4914,Silla Gamer Modelo 4914,Silla ergonómica ajustable con soporte lumbar - Lote 4914,2562.13,139
SKU-PRD-4915,Disco Duro Modelo 4915,Unidad de almacenamiento externo de alta velocidad - Lote 4915,2991.96,14
SKU-PRD-4916,Laptop Modelo 4916,Ordenador portátil con procesador de alta velocidad y SSD - Lote 4916,10346.01,75
SKU-PRD-4917,Disco Duro Modelo 4917,Unidad de almacenamiento externo de alta velocidad - Lote 4917,2055.63,89
SKU-PRD-4918,Disco Duro Modelo 4918,Unidad de almacenamiento externo de alta velocidad - Lote 4918,3019.05,174
SKU-PRD-4919,Regulador Modelo 4919,Protector de voltaje multicontacto para oficina - Lote 4919,356.04,41
SKU-PRD-4920,Smartphone Modelo 4920,Teléfono inteligente con cámara dual y gran batería - Lote 4920,10117.69,14
SKU-PRD-4921,Disco Duro Modelo 4921,Unidad de almacenamiento externo de alta velocidad - Lote 4921,3059.17,142
SKU-PRD-4922,Smartphone Modelo 4922,Teléfono inteligente con cámara dual y gran batería - Lote 4922,4851.46,145
SKU-PRD-4923,Silla Gamer Modelo 4923,Silla ergonómica ajustable con soporte lumbar - Lote 4923,5876.49,180
SKU-PRD-4924,Mouse Modelo 4924,Mouse óptico ergonómico con conexión USB - Lote 4924,888.06,66
SKU-PRD-4925,Bocina Bluetooth Modelo 4925,Bocina inalámbrica portátil resistente al agua - Lote 4925,1588.7,109
SKU-PRD-4926,Disco Duro Modelo 4926,Unidad de almacenamiento externo de alta velocidad - Lote 4926,1487.57,115
SKU-PRD-4927,Teclado Modelo 4927,Teclado multimedia con iluminación LED - Lote 4927,1177.75,17
SKU-PRD-4928,Impresora Modelo 4928,Impresora multifuncional a color con Wi-Fi - Lote 4928,1921.06,98
SKU-PRD-4929,Silla Gamer Modelo 4929,Silla ergonómica ajustable con soporte lumbar - Lote 4929,4561.5,67
SKU-PRD-4930,Regulador Modelo 4930,Protector de voltaje multicontacto para oficina - Lote 4930,657.71,84
SKU-PRD-4931,Bocina Bluetooth Modelo 4931,Bocina inalámbrica portátil resistente al agua - Lote 4931,1834.05,77
SKU-PRD-4932,Memoria USB Modelo 4932,Unidad flash portátil de transferencia rápida - Lote 4932,435.21,56
SKU-PRD-4933,Bocina Bluetooth Modelo 4933,Bocina inalámbrica portátil resistente al agua - Lote 4933,964.28,154
SKU-PRD-4934,Smartwatch Modelo 4934,Reloj inteligente deportivo con monitor de salud - Lote 4934,1702.01,193
SKU-PRD-4935,Bocina Bluetooth Modelo 4935,Bocina inalámbrica portátil resistente al agua - Lote 4935,1445.62,101
SKU-PRD-4936,Tablet Modelo 4936,Dispositivo táctil multimedia para estudio y trabajo - Lote 4936,5776.69,137
SKU-PRD-4937,Impresora Modelo 4937,Impresora multifuncional a color con Wi-Fi - Lote 4937,2339.85,174
SKU-PRD-4938,Regulador Modelo 4938,Protector de voltaje multicontacto para oficina - Lote 4938,500.97,151
SKU-PRD-4939,Tablet Modelo 4939,Dispositivo táctil multimedia para estudio y trabajo - Lote 4939,3141.22,18
SKU-PRD-4940,Laptop Modelo 4940,Ordenador portátil con procesador de alta velocidad y SSD - Lote 4940,12845.15,116
SKU-PRD-4941,Regulador Modelo 4941,Protector de voltaje multicontacto para oficina - Lote 4941,980.27,24
SKU-PRD-4942,Memoria USB Modelo 4942,Unidad flash portátil de transferencia rápida - Lote 4942,406.34,10
SKU-PRD-4943,Impresora Modelo 4943,Impresora multifuncional a color con Wi-Fi - Lote 4943,3566.37,75
SKU-PRD-4944,Silla Gamer Modelo 4944,Silla ergonómica ajustable con soporte lumbar - Lote 4944,5903.43,59
SKU-PRD-4945,Silla Gamer Modelo 4945,Silla ergonómica ajustable con soporte lumbar - Lote 4945,2670.49,175
SKU-PRD-4946,Memoria USB Modelo 4946,Unidad flash portátil de transferencia rápida - Lote 4946,458.45,22
SKU-PRD-4947,Memoria USB Modelo 4947,Unidad flash portátil de transferencia rápida - Lote 4947,270.95,181
SKU-PRD-4948,Memoria USB Modelo 4948,Unidad flash portátil de transferencia rápida - Lote 4948,255.23,163
SKU-PRD-4949,Monitor Modelo 4949,Pantalla LED Full HD con puertos HDMI - Lote 4949,4916.23,130
SKU-PRD-4950,Cable HDMI Modelo 4950,Cable de alta definición mallado 4K - Lote 4950,309.12,171
SKU-PRD-4951,Bocina Bluetooth Modelo 4951,Bocina inalámbrica portátil resistente al agua - Lote 4951,771.37,89
SKU-PRD-4952,Laptop Modelo 4952,Ordenador portátil con procesador de alta velocidad y SSD - Lote 4952,24632.76,70
SKU-PRD-4953,Laptop Modelo 4953,Ordenador portátil con procesador de alta velocidad y SSD - Lote 4953,23965.75,93
SKU-PRD-4954,Silla Gamer Modelo 4954,Silla ergonómica ajustable con soporte lumbar - Lote 4954,5840.27,70
SKU-PRD-4955,Tablet Modelo 4955,Dispositivo táctil multimedia para estudio y trabajo - Lote 4955,6116.45,60
SKU-PRD-4956,Monitor Modelo 4956,Pantalla LED Full HD con puertos HDMI - Lote 4956,4583.65,150
SKU-PRD-4957,Disco Duro Modelo 4957,Unidad de almacenamiento externo de alta velocidad - Lote 4957,1461.55,36
SKU-PRD-4958,Smartwatch Modelo 4958,Reloj inteligente deportivo con monitor de salud - Lote 4958,1953.37,68
SKU-PRD-4959,Impresora Modelo 4959,Impresora multifuncional a color con Wi-Fi - Lote 4959,4487.74,94
SKU-PRD-4960,Disco Duro Modelo 4960,Unidad de almacenamiento externo de alta velocidad - Lote 4960,2860.83,179
SKU-PRD-4961,Monitor Modelo 4961,Pantalla LED Full HD con puertos HDMI - Lote 4961,4566.83,11
SKU-PRD-4962,Impresora Modelo 4962,Impresora multifuncional a color con Wi-Fi - Lote 4962,3649.18,45
SKU-PRD-4963,Impresora Modelo 4963,Impresora multifuncional a color con Wi-Fi - Lote 4963,3860.04,144
SKU-PRD-4964,Audífonos Modelo 4964,Audífonos estéreo con micrófono y cancelación de ruido - Lote 4964,1601.56,34
SKU-PRD-4965,Bocina Bluetooth Modelo 4965,Bocina inalámbrica portátil resistente al agua - Lote 4965,901.98,99
SKU-PRD-4966,Disco Duro Modelo 4966,Unidad de almacenamiento externo de alta velocidad - Lote 4966,2710.66,39
SKU-PRD-4967,Smartwatch Modelo 4967,Reloj inteligente deportivo con monitor de salud - Lote 4967,574.69,40
SKU-PRD-4968,Silla Gamer Modelo 4968,Silla ergonómica ajustable con soporte lumbar - Lote 4968,5767.48,38
SKU-PRD-4969,Tablet Modelo 4969,Dispositivo táctil multimedia para estudio y trabajo - Lote 4969,6742.06,15
SKU-PRD-4970,Smartwatch Modelo 4970,Reloj inteligente deportivo con monitor de salud - Lote 4970,656.31,67
SKU-PRD-4971,Silla Gamer Modelo 4971,Silla ergonómica ajustable con soporte lumbar - Lote 4971,4563.35,51
SKU-PRD-4972,Regulador Modelo 4972,Protector de voltaje multicontacto para oficina - Lote 4972,773.01,140
SKU-PRD-4973,Smartwatch Modelo 4973,Reloj inteligente deportivo con monitor de salud - Lote 4973,1234.25,116
SKU-PRD-4974,Teclado Modelo 4974,Teclado multimedia con iluminación LED - Lote 4974,487.61,146
SKU-PRD-4975,Smartwatch Modelo 4975,Reloj inteligente deportivo con monitor de salud - Lote 4975,1113.21,58
SKU-PRD-4976,Mouse Modelo 4976,Mouse óptico ergonómico con conexión USB - Lote 4976,542.57,78
SKU-PRD-4977,Impresora Modelo 4977,Impresora multifuncional a color con Wi-Fi - Lote 4977,4052.82,35
SKU-PRD-4978,Regulador Modelo 4978,Protector de voltaje multicontacto para oficina - Lote 4978,615.62,5
SKU-PRD-4979,Tablet Modelo 4979,Dispositivo táctil multimedia para estudio y trabajo - Lote 4979,2239.96,94
SKU-PRD-4980,Memoria USB Modelo 4980,Unidad flash portátil de transferencia rápida - Lote 4980,598.3,9
SKU-PRD-4981,Tablet Modelo 4981,Dispositivo táctil multimedia para estudio y trabajo - Lote 4981,5826.49,16
SKU-PRD-4982,Monitor Modelo 4982,Pantalla LED Full HD con puertos HDMI - Lote 4982,5490.09,48
SKU-PRD-4983,Smartwatch Modelo 4983,Reloj inteligente deportivo con monitor de salud - Lote 4983,728.69,105
SKU-PRD-4984,Silla Gamer Modelo 4984,Silla ergonómica ajustable con soporte lumbar - Lote 4984,2912.49,121
SKU-PRD-4985,Regulador Modelo 4985,Protector de voltaje multicontacto para oficina - Lote 4985,863.75,170
SKU-PRD-4986,Audífonos Modelo 4986,Audífonos estéreo con micrófono y cancelación de ruido - Lote 4986,641.89,142
SKU-PRD-4987,Disco Duro Modelo 4987,Unidad de almacenamiento externo de alta velocidad - Lote 4987,2745.64,56
SKU-PRD-4988,Teclado Modelo 4988,Teclado multimedia con iluminación LED - Lote 4988,912.78,17
SKU-PRD-4989,Laptop Modelo 4989,Ordenador portátil con procesador de alta velocidad y SSD - Lote 4989,16064.81,110
SKU-PRD-4990,Silla Gamer Modelo 4990,Silla ergonómica ajustable con soporte lumbar - Lote 4990,3137.62,19
SKU-PRD-4991,Smartwatch Modelo 4991,Reloj inteligente deportivo con monitor de salud - Lote 4991,1716.37,126
SKU-PRD-4992,Teclado Modelo 4992,Teclado multimedia con iluminación LED - Lote 4992,1370.9,84
SKU-PRD-4993,Teclado Modelo 4993,Teclado multimedia con iluminación LED - Lote 4993,1475.25,189
SKU-PRD-4994,Smartphone Modelo 4994,Teléfono inteligente con cámara dual y gran batería - Lote 4994,9678.92,168
SKU-PRD-4995,Disco Duro Modelo 4995,Unidad de almacenamiento externo de alta velocidad - Lote 4995,1613.57,195
SKU-PRD-4996,Mouse Modelo 4996,Mouse óptico ergonómico con conexión USB - Lote 4996,305.06,93
SKU-PRD-4997,Smartphone Modelo 4997,Teléfono inteligente con cámara dual y gran batería - Lote 4997,6946.44,184
SKU-PRD-4998,Tablet Modelo 4998,Dispositivo táctil multimedia para estudio y trabajo - Lote 4998,7492.51,139
SKU-PRD-4999,Disco Duro Modelo 4999,Unidad de almacenamiento externo de alta velocidad - Lote 4999,1319.69,77
SKU-PRD-5000,Memoria USB Modelo 5000,Unidad flash portátil de transferencia rápida - Lote 5000,333.17,194
